"Format","AiM CSV File"
"Session","Amigo 2"
"Vehicle","GGR26"
"Racer","Faran"
"Championship","My Balls"
"Comment","Aero + Engine Fucked BEST LAP 1
"
"Date","Friday, May 8, 2026"
"Time","4:08 PM"
"Sample Rate","20"
"Duration","61.999"
"Segment","Session"
"Beacon Markers","28.538","54.071","61.999"
"Segment Times","0:28.538","0:25.533","0:07.928"

"Time","GPS Speed","GPS Nsat","GPS LatAcc","GPS LonAcc","GPS Slope","GPS Heading","GPS Gyro","GPS Altitude","GPS PosAccuracy","GPS SpdAccuracy","GPS Radius","GPS Latitude","GPS Longitude","RR Shock Pos","FR Shock Pos","FL Shock Pos","RL Shock Pos","Gear Position","InlineAcc","VerticalAcc","RollRate","PitchRate","YawRate","ECU RPM","ECU WH SP RL","ECU WH SP RR","ECU THROTTLE","Distance on GPS Speed","RL Slip","RR Slip","LapT","SessT","Velocity on RR Shock Pos","Velocity on FR Shock Pos","Velocity on FL Shock Pos","Velocity on RL Shock Pos"
"s","km/h"," ","g","g","deg","deg","deg/s","m","mm","km/h","m","deg","deg","mm","mm","mm","mm","gear","g","g","deg/s","deg/s","deg/s","rpm","km/h","km/h","%","m","%","%","ms","ms","mm/s","mm/s","mm/s","mm/s"

"0.000","0.0000","14","0.0000","0.0000","0.0000","0.0000","0.0000","10.3134","2390.0001","0.6840","10000.0000","45.50446055","-75.54473095","40.4375","16.9219","33.9062","42.2812","1.0000","0.0041","-0.9912","-0.4951","0.2625","-0.0074","1035.0000","0.0000","0.0000","0.0000","0.0000","0.0000","0.0000","0.0000","0.0000","0.0017","0.0038","0.0087","0.0363"
"0.050","0.0000","14","0.0000","0.0000","0.0000","0.0000","0.0000","10.3134","2390.0001","0.6840","10000.0000","45.50446055","-75.54473095","40.4375","16.9219","33.9062","42.2812","1.0000","0.0041","-0.9912","-0.4825","0.2819","0.0146","1035.0000","0.0000","0.0000","0.0000","0.0000","0.0000","0.0000","50000.0000","50000.0000","-0.0125","-0.0062","0.0175","0.0172"
"0.100","0.0000","14","0.0000","0.0000","0.0000","0.0000","0.0000","10.3134","2390.0001","0.6840","10000.0000","45.50446055","-75.54473095","40.4375","16.9219","33.9062","42.2812","1.0000","0.0041","-0.9912","-0.4524","0.2959","0.0129","1035.0000","0.0000","0.0000","0.0000","0.0000","0.0000","0.0000","100000.0000","100000.0000","-0.0019","0.0003","-0.0223","-0.0509"
"0.150","0.0000","14","0.0000","0.0000","0.0000","0.0000","0.0000","10.3134","2390.0001","0.6840","10000.0000","45.50446055","-75.54473095","40.4375","16.9219","33.9062","42.2812","1.0000","0.0041","-0.9912","-0.4381","0.2762","0.0056","1035.0000","0.0000","0.0000","0.0000","0.0000","0.0000","0.0000","150000.0000","150000.0000","0.0156","0.0111","-0.0207","-0.0128"
"0.200","0.0000","14","0.0000","0.0000","0.0000","0.0000","0.0000","10.3134","2390.0001","0.6840","10000.0000","45.50446055","-75.54473095","40.4375","16.9219","33.9062","42.2812","1.0000","0.0041","-0.9912","-0.4385","0.2263","0.0123","1035.0000","0.0000","0.0000","0.0000","0.0000","0.0000","0.0000","200000.0000","200000.0000","-0.0089","-0.0087","0.0355","0.0560"
"0.250","0.0000","14","0.0000","0.0000","0.0000","0.0000","0.0000","10.3134","2390.0001","0.6840","10000.0000","45.50446055","-75.54473095","40.4375","16.9219","33.9062","42.2812","1.0000","0.0041","-0.9912","-0.4357","0.1808","0.0246","1035.0000","0.0000","0.0000","0.0000","0.0000","0.0000","0.0000","250000.0000","250000.0000","-0.0173","-0.0281","0.0287","0.0106"
"0.300","0.0000","14","0.0000","0.0000","0.0000","0.0000","0.0000","10.3134","2390.0001","0.6840","10000.0000","45.50446055","-75.54473095","40.4375","16.9219","33.9062","42.2812","1.0000","-0.0023","-0.9906","-0.4429","0.1691","0.0393","1035.0000","0.0000","0.0000","0.0000","0.0000","0.0000","0.0000","300000.0000","300000.0000","0.0314","0.0473","-0.0703","-0.0792"
"0.350","0.0000","14","0.0000","0.0000","0.0000","0.0000","0.0000","10.3134","2390.0001","0.6840","10000.0000","45.50446055","-75.54473095","40.4375","16.9219","33.9062","42.2812","1.0000","-0.0120","-0.9893","-0.4547","0.1857","0.0331","1035.0000","0.0000","0.0000","0.0000","0.0000","0.0000","0.0000","350000.0000","350000.0000","-0.0080","0.1751","-0.0955","0.0003"
"0.400","0.0000","14","0.0000","0.0000","0.0000","0.0000","0.0000","10.3134","2390.0001","0.6840","10000.0000","45.50446055","-75.54473095","40.4375","16.9664","33.8766","42.2812","1.0000","-0.0006","-0.9897","-0.4670","0.2104","0.0021","1035.0000","0.0000","0.0000","0.0000","0.0000","0.0000","0.0000","400000.0000","400000.0000","-0.1738","0.1831","0.0140","0.1096"
"0.450","0.0040","14","0.0000","0.0000","-0.9770","-8.6598","0.0000","10.3131","2413.5001","0.6804","10000.0000","45.50446055","-75.54473095","40.4203","16.9305","33.9062","42.2812","1.0000","0.0121","-0.9912","-0.4795","0.2245","-0.0230","780.8000","0.0000","0.0000","0.0000","0.0000","0.0000","0.0000","450000.0000","450000.0000","-0.2567","-0.0075","0.0645","-0.0287"
"0.500","0.0443","14","0.0000","0.0000","-10.7474","-95.2582","0.0000","10.3104","2648.5000","0.6444","10000.0000","45.50446051","-75.54473089","40.4062","16.9375","33.9062","42.2812","1.0000","0.0026","-1.0024","-0.4985","0.2278","-0.0235","475.5555","0.0000","0.0000","0.0000","0.0004","0.0000","0.0000","500000.0000","500000.0000","-0.0415","-0.1527","-0.0385","-0.2699"
"0.550","0.0832","14","0.0000","0.0000","-19.7838","-160.1599","0.0000","10.3074","2857.5001","0.6120","10000.0000","45.50446047","-75.54473082","40.4062","16.9375","33.8891","42.2672","1.0000","0.0082","-1.0121","-0.5078","0.2228","-0.0213","403.3333","0.0000","0.0000","0.0000","0.0013","0.0000","0.0000","550000.0000","550000.0000","0.2198","-0.0468","-0.0707","-0.2200"
"0.600","0.1103","14","0.0000","0.0000","-22.2141","-29.7926","0.0000","10.3013","2832.5000","0.6120","10000.0000","45.50446047","-75.54473075","40.4375","16.9367","33.9062","42.2500","1.0000","0.0060","-1.0184","-0.4978","0.2201","-0.0264","342.9667","0.0000","0.0000","0.0000","0.0026","0.0000","0.0000","600000.0000","600000.0000","0.1468","0.1428","0.1068","0.0688"
"0.650","0.1377","14","0.0000","0.0000","-23.8848","81.3242","0.0000","10.2951","2808.0001","0.6156","10000.0000","45.50446046","-75.54473068","40.4203","16.9375","33.9062","42.2641","1.0000","0.0084","-1.0109","-0.4867","0.2345","-0.0334","324.6333","0.0000","0.0000","0.0000","0.0043","0.0000","0.0000","650000.0000","650000.0000","-0.1295","0.1298","0.2389","0.1540"
"0.700","0.1672","14","0.0000","0.0000","-18.7196","19.1866","0.0000","10.2872","2788.0001","0.6516","10000.0000","45.50446047","-75.54473073","40.4078","16.9531","33.9062","42.2516","1.0000","0.0128","-1.0035","-0.4893","0.2627","-0.0221","286.9333","0.0000","0.0000","0.0000","0.0065","0.0000","0.0000","700000.0000","700000.0000","-0.1634","-0.0330","0.0890","-0.0469"
"0.750","0.1907","14","0.0000","0.0000","-13.9942","-43.4926","0.0000","10.2799","2767.4999","0.6822","10000.0000","45.50446047","-75.54473076","40.4062","16.9391","33.9234","42.2672","1.0000","0.0084","-0.9947","-0.4967","0.2876","0.0021","222.4889","0.0000","0.0000","0.0000","0.0089","0.0000","0.0000","750000.0000","750000.0000","0.1022","-0.0975","-0.1333","-0.1366"
"0.800","0.1586","14","0.0000","0.0000","-13.2262","-111.0465","0.0000","10.2772","2742.5001","0.6642","10000.0000","45.50446043","-75.54473070","40.4375","16.9227","33.9062","42.2797","1.0000","-0.0002","-0.9982","-0.4846","0.2996","0.0148","217.2889","0.0000","0.0000","0.0000","0.0113","0.0000","0.0000","800000.0000","800000.0000","0.2185","-0.0276","-0.1255","0.0365"
"0.850","0.1277","14","0.0000","0.0000","-12.8850","-163.8389","0.0000","10.2752","2717.9999","0.6462","10000.0000","45.50446040","-75.54473064","40.4203","16.9461","33.9062","42.2641","1.0000","0.0109","-1.0016","-0.4504","0.2736","0.0311","248.4000","0.0000","0.0000","0.0000","0.0133","0.0000","0.0000","850000.0000","850000.0000","-0.0180","0.0297","0.0336","0.1324"
"0.900","0.1069","14","0.0000","0.0000","-16.3843","-83.7783","0.0000","10.2797","2698.0000","0.6282","10000.0000","45.50446042","-75.54473057","40.4375","16.9227","33.9062","42.2812","1.0000","0.0182","-0.9972","-0.4050","0.2297","0.0497","245.3445","0.0000","0.0000","0.0000","0.0149","0.0000","0.0000","900000.0000","900000.0000","-0.2225","0.0257","0.0558","-0.0088"
"0.950","0.0863","14","0.0000","0.0000","-20.4134","-13.1176","0.0000","10.2830","2678.4999","0.6102","10000.0000","45.50446044","-75.54473052","40.4062","16.9375","33.9062","42.2500","1.0000","0.0171","-0.9943","-0.3857","0.2120","0.0499","235.1222","0.0000","0.0000","0.0000","0.0162","0.0000","0.0000","950000.0000","950000.0000","-0.1408","0.0204","-0.0474","-0.0996"
"1.000","0.0677","14","0.0000","0.0000","-29.2110","-27.0556","0.0000","10.2760","2663.5001","0.5922","10000.0000","45.50446044","-75.54473050","40.4062","16.9516","33.8766","42.2797","1.0000","0.0054","-0.9990","-0.4033","0.2157","0.0326","241.2333","0.0000","0.0000","0.0000","0.0173","0.0000","0.0000","1000000.0000","1000000.0000","0.0063","-0.0144","-0.0584","0.0438"
"1.050","0.0558","14","0.0000","0.0000","-36.2746","-42.1114","0.0000","10.2701","2648.0000","0.5796","10000.0000","45.50446044","-75.54473049","40.4203","16.9391","33.9062","42.2672","1.0000","0.0058","-0.9980","-0.4327","0.2195","0.0078","257.7333","0.0000","0.0000","0.0000","0.0182","0.0000","0.0000","1050000.0000","1050000.0000","-0.0168","-0.0930","0.0165","0.1677"
"1.100","0.1045","14","0.0000","0.0000","-27.7319","-67.2273","0.0000","10.2737","2628.0000","0.6156","10000.0000","45.50446048","-75.54473049","40.4062","16.9367","33.9062","42.2812","1.0000","0.0169","-0.9992","-0.4541","0.2147","-0.0277","311.0667","0.0000","0.0000","0.0000","0.0194","0.0000","0.0000","1100000.0000","1100000.0000","-0.0644","-0.0891","0.0077","0.0401"
"1.150","0.1441","14","0.0000","0.0000","-22.2803","-89.1825","0.0000","10.2766","2608.5000","0.6408","10000.0000","45.50446051","-75.54473048","40.4062","16.9305","33.9062","42.2672","1.0000","0.0168","-1.0045","-0.4724","0.2111","-0.0344","629.4667","0.0000","0.0000","0.0000","0.0210","0.0000","0.0000","1150000.0000","1150000.0000","0.0400","0.0478","-0.0652","-0.1759"
"1.200","0.1011","14","0.0000","0.0000","-44.6477","-82.6917","0.0000","10.2741","2593.4999","0.5688","10000.0000","45.50446053","-75.54473040","40.4078","16.9367","33.9062","42.2797","1.1800","0.0147","-1.0071","-0.4841","0.2202","-0.0247","1313.9111","0.0000","0.0000","0.0000","0.0227","0.0000","0.0000","1200000.0000","1200000.0000","0.1630","0.1234","-0.0366","-0.2213"
"1.250","0.0618","14","0.0000","0.0000","-61.6096","-81.4989","0.0000","10.2722","2578.5000","0.5094","10000.0000","45.50446055","-75.54473033","40.4375","16.9461","33.8891","42.2500","2.0000","0.0134","-1.0111","-0.4990","0.2405","-0.0190","1747.6000","0.0000","0.0000","0.0344","0.0238","0.0000","0.0000","1250000.0000","1250000.0000","0.1212","-0.0131","0.0759","-0.1102"
"1.300","0.0561","14","0.0000","0.0000","-29.9218","-127.9890","0.0000","10.2756","2563.4999","0.5634","10000.0000","45.50446052","-75.54473035","40.4078","16.9367","33.9078","42.2500","2.0000","-0.0322","-0.9954","-0.5098","0.2578","-0.0153","2027.6000","0.0000","0.0000","0.0900","0.0246","0.0000","0.0000","1300000.0000","1300000.0000","0.0303","-0.1493","0.0973","0.0021"
"1.350","0.0528","14","0.0000","0.0000","-2.4393","-168.7152","0.0000","10.2783","2548.5001","0.6102","10000.0000","45.50446049","-75.54473036","40.4375","16.9289","33.9062","42.2500","2.0000","-0.0451","-0.9823","-0.5004","0.2778","-0.0249","2202.8223","0.0000","0.0000","0.4644","0.0254","0.0000","0.0000","1350000.0000","1350000.0000","0.0613","-0.0579","-0.0254","0.0820"
"1.400","0.0714","14","0.0000","0.0000","-12.8045","-157.5675","0.0000","10.2749","2533.5000","0.5922","10000.0000","45.50446052","-75.54473035","40.4375","16.9219","33.9062","42.2516","2.0000","0.0048","-0.9826","-0.4990","0.3118","-0.0343","2360.5667","0.0000","0.0000","0.9044","0.0263","0.0000","0.0000","1400000.0000","1400000.0000","0.1129","0.1312","-0.1255","0.1134"
"1.450","0.0838","14","0.0000","0.0000","-21.0266","-140.1578","0.0000","10.2719","2519.0001","0.5814","10000.0000","45.50446055","-75.54473033","40.4375","16.9477","33.9062","42.2672","2.0000","0.0574","-1.0207","-0.5142","0.3301","-0.0426","2788.8999","0.0000","0.0000","1.1267","0.0273","0.0000","0.0000","1450000.0000","1450000.0000","0.0076","0.1663","-0.0963","0.0122"
"1.500","0.0397","14","0.0000","0.0000","-9.9600","-66.3905","0.0000","10.2719","2509.0001","0.6354","10000.0000","45.50446055","-75.54473033","40.4078","16.9523","33.8766","42.2516","2.0000","0.1296","-1.0477","-0.5195","0.3252","-0.0440","3247.9111","0.0000","0.0000","1.3244","0.0282","0.0000","0.0000","1500000.0000","1500000.0000","-0.1418","0.0725","0.0272","-0.1504"
"1.550","0.0040","14","0.0000","0.0000","-1.3694","-2.9090","0.0000","10.2726","2523.5000","0.6822","10000.0000","45.50446055","-75.54473033","40.4375","16.9375","33.9062","42.2500","2.0000","0.1000","-1.0281","-0.4949","0.3009","-0.0312","3815.6890","0.0000","0.0000","1.4356","0.0285","0.0000","0.0000","1550000.0000","1550000.0000","-0.0792","0.0046","0.1205","-0.1388"
"1.600","0.0443","14","0.0000","0.0000","-15.0629","-31.9989","0.0000","10.2805","2758.5001","0.6642","10000.0000","45.50446054","-75.54473028","40.4078","16.9523","33.9062","42.2500","2.0000","0.0293","-1.0110","-0.4487","0.2617","-0.0041","4262.6001","0.0000","0.0000","1.5933","0.0289","0.0000","0.0000","1600000.0000","1600000.0000","0.1310","-0.0242","0.1158","0.0641"
"1.650","0.0809","14","0.0000","0.0000","-26.5698","-53.3898","0.0000","10.2876","2967.0000","0.6462","10000.0000","45.50446054","-75.54473023","40.4375","16.9391","33.9203","42.2672","2.0000","0.0366","-0.9983","-0.4010","0.2289","0.0190","4542.6001","0.0000","0.0000","1.8156","0.0298","0.0000","0.0000","1650000.0000","1650000.0000","0.1582","-0.0328","0.0174","0.1681"
"1.700","0.0847","14","0.0000","0.0000","-18.3966","-5.4890","0.0000","10.2887","2937.0000","0.6282","10000.0000","45.50446059","-75.54473015","40.4375","16.9383","33.9062","42.2500","2.0000","-0.1427","-0.9926","-0.3792","0.2295","0.0155","4585.9668","0.0000","0.0000","2.0033","0.0309","0.0000","0.0000","1700000.0000","1700000.0000","-0.0352","-0.0083","-0.0692","0.0050"
"1.750","0.0962","14","0.0000","0.0000","-10.7211","34.5106","0.0000","10.2903","2907.0001","0.6156","10000.0000","45.50446065","-75.54473008","40.4375","16.9461","33.9062","42.2672","2.0000","-0.1254","-1.0086","-0.3795","0.2431","-0.0121","4484.2998","0.0000","0.0000","2.1700","0.0322","0.0000","0.0000","1750000.0000","1750000.0000","-0.1214","0.0201","-0.0678","-0.1855"
"1.800","0.1769","14","0.0000","0.0000","-7.5244","3.3986","0.0000","10.2975","2877.0001","0.6516","10000.0000","45.50446071","-75.54473008","40.4375","16.9523","33.9062","42.2500","2.0000","0.1053","-1.0383","-0.3792","0.2524","-0.0350","4303.3667","0.0000","0.0000","2.2456","0.0341","0.0000","0.0000","1800000.0000","1800000.0000","0.0696","-0.0377","-0.0192","-0.1008"
"1.850","0.2511","14","0.0000","0.0000","-4.8024","-31.5468","0.0000","10.3039","2847.5001","0.6822","10000.0000","45.50446077","-75.54473008","40.4234","16.9289","33.9062","42.2500","2.0000","0.1534","-1.0488","-0.3674","0.2522","-0.0394","4105.7334","0.0000","0.0000","2.3011","0.0371","0.0000","0.0000","1850000.0000","1850000.0000","0.1766","-0.1224","0.0248","0.1525"
"1.900","0.2681","14","0.0000","0.0000","-6.3520","-100.9936","0.0000","10.3039","2822.5000","0.6642","10000.0000","45.50446077","-75.54473008","40.4391","16.9516","33.9062","42.2500","2.0000","0.1486","-1.0169","-0.3337","0.2534","-0.0319","3942.3999","0.0000","0.0000","2.3567","0.0407","0.0000","0.0000","1900000.0000","1900000.0000","-0.0804","-0.0713","0.0239","0.2437"
"1.950","0.2718","14","0.0000","0.0000","-9.3048","-161.2391","0.0000","10.3042","2797.4999","0.6462","10000.0000","45.50446077","-75.54473008","40.4203","16.9305","33.9062","42.2812","2.0000","0.1364","-0.9965","-0.3101","0.2651","-0.0324","3801.8000","0.0000","0.0000","2.4000","0.0444","0.0000","0.0000","1950000.0000","1950000.0000","-0.3824","0.0208","-0.0091","0.1375"
"2.000","0.1556","14","0.0000","0.0000","-24.8861","-138.6734","0.0000","10.3078","2772.5000","0.6282","10000.0000","45.50446080","-75.54473008","40.4078","16.9367","33.9062","42.2812","2.0000","0.1055","-1.0202","-0.3186","0.2610","-0.0411","3741.8000","0.0000","0.0000","2.4000","0.0473","0.0000","0.0000","2000000.0000","2000000.0000","-0.2938","-0.0295","-0.0237","0.1139"
"2.050","0.0577","14","0.0000","0.0000","-37.4679","-117.2273","0.0000","10.3117","2748.5001","0.6120","10000.0000","45.50446084","-75.54473008","40.4031","16.9305","33.9062","42.2641","2.0000","-0.1041","-1.0256","-0.3396","0.2412","-0.0212","3710.7334","0.0000","0.0000","2.4233","0.0488","0.0000","0.0000","2050000.0000","2050000.0000","0.0959","-0.0808","0.0071","0.1821"
"2.100","0.1258","14","0.0000","0.0000","-23.0530","-105.8566","0.0000","10.3189","2733.5000","0.6120","10000.0000","45.50446090","-75.54473008","40.4062","16.9367","33.9062","42.2812","2.0000","-0.1287","-1.0145","-0.3579","0.2217","0.0025","3719.6223","0.0000","0.0000","2.4789","0.0501","0.0000","0.0000","2100000.0000","2100000.0000","0.2301","0.0674","0.0399","0.1032"
"2.150","0.1837","14","0.0000","0.0000","-10.5880","-89.1670","0.0000","10.3251","2717.9999","0.6120","10000.0000","45.50446096","-75.54473007","40.4375","16.9305","33.9062","42.2984","2.0000","0.0425","-1.0154","-0.3761","0.2272","0.0012","3727.1333","0.0000","0.0000","2.5000","0.0522","0.0000","0.0000","2150000.0000","2150000.0000","0.0006","0.2361","-0.0004","-0.1047"
"2.200","0.1498","14","0.0000","0.0000","-15.6716","-24.6080","0.0000","10.3235","2698.0000","0.6120","10000.0000","45.50446098","-75.54472993","40.4062","16.9523","33.9062","42.2812","2.0000","0.0907","-1.0013","-0.3831","0.2296","0.0082","3733.8000","0.0000","0.0000","2.5000","0.0545","0.0000","0.0000","2200000.0000","2200000.0000","-0.1750","0.1140","-0.0936","-0.1580"
"2.250","0.1188","14","0.0000","0.0000","-19.7383","27.8413","0.0000","10.3227","2678.4999","0.6120","10000.0000","45.50446100","-75.54472980","40.4203","16.9531","33.9062","42.2812","2.0000","-0.0637","-0.9619","-0.3643","0.2066","0.0288","3794.6777","0.0000","0.0000","2.5000","0.0563","0.0000","0.0000","2250000.0000","2250000.0000","-0.0599","-0.0974","-0.0677","0.0285"
"2.300","0.1131","14","0.0000","0.0000","-14.6530","-28.6966","0.0000","10.3298","2663.5001","0.6120","10000.0000","45.50446106","-75.54472980","40.4359","16.9375","33.8766","42.3109","2.0000","-0.0183","-0.9604","-0.3601","0.1776","0.0558","3869.0220","0.0000","0.0000","2.5000","0.0580","0.0000","0.0000","2300000.0000","2300000.0000","0.0744","-0.0337","0.0857","0.1466"
"2.350","0.1118","14","0.0000","0.0000","-10.0018","-68.8991","0.0000","10.3363","2648.5000","0.6120","10000.0000","45.50446111","-75.54472980","40.4062","16.9445","33.9062","42.2812","2.0000","0.0875","-1.0154","-0.3932","0.1461","0.0985","4020.1208","0.0000","0.0000","2.5000","0.0595","0.0000","0.0000","2350000.0000","2350000.0000","0.0031","0.1521","0.1434","0.0079"
"2.400","0.1496","14","0.0000","0.0000","-9.2574","37.9164","0.0000","10.3372","2633.5001","0.6120","10000.0000","45.50446111","-75.54472974","40.4359","16.9531","33.9078","42.2812","2.0000","0.0522","-1.0306","-0.4222","0.1374","0.1336","4150.8999","0.0000","0.0000","2.5000","0.0614","0.0000","0.0000","2400000.0000","2400000.0000","-0.1280","0.0583","0.0162","-0.1376"
"2.450","0.1762","14","0.0000","0.0000","-10.2951","128.3413","0.0000","10.3379","2618.0000","0.6102","10000.0000","45.50446110","-75.54472969","40.4062","16.9531","33.9062","42.2812","2.0000","0.0814","-1.0232","-0.4427","0.1586","0.1386","4200.3999","0.0000","0.0000","2.5000","0.0636","0.0000","0.0000","2450000.0000","2450000.0000","-0.0901","-0.1807","-0.1027","-0.0483"
"2.500","0.1024","14","0.0000","0.0000","-27.3714","71.2514","0.0000","10.3370","2598.0000","0.5922","10000.0000","45.50446111","-75.54472975","40.4062","16.9367","33.9062","42.2812","2.0000","0.1370","-1.0226","-0.4604","0.1823","0.1034","4231.2002","0.0000","0.0000","2.4900","0.0655","0.0000","0.0000","2500000.0000","2500000.0000","0.0253","-0.1474","-0.0622","0.0833"
"2.550","0.0373","14","0.0000","0.0000","-40.9506","12.1322","0.0000","10.3363","2579.0000","0.5796","10000.0000","45.50446112","-75.54472980","40.4062","16.9375","33.9062","42.2812","2.0000","0.1703","-1.0316","-0.4685","0.1952","0.0580","4187.2002","0.0000","0.0000","2.4400","0.0665","0.0000","0.0000","2550000.0000","2550000.0000","0.0886","0.0431","0.0315","0.0410"
"2.600","0.0505","14","0.0000","0.0000","-23.0555","-65.2505","0.0000","10.3363","2569.0000","0.6156","10000.0000","45.50446112","-75.54472980","40.4062","16.9516","33.9062","42.2812","2.0000","0.1582","-1.0197","-0.4688","0.1840","0.0314","4135.3999","0.0000","0.0000","2.4000","0.0672","0.0000","0.0000","2600000.0000","2600000.0000","0.0478","0.0267","0.0496","-0.0770"
"2.650","0.0636","14","0.0000","0.0000","-6.9721","-130.3496","0.0000","10.3366","2558.5001","0.6462","10000.0000","45.50446112","-75.54472980","40.4062","16.9375","33.9062","42.2812","2.0000","0.1573","-1.0057","-0.4755","0.1769","0.0280","4052.3999","0.0000","0.0000","2.4000","0.0680","0.0000","0.0000","2650000.0000","2650000.0000","-0.0570","-0.0828","0.0308","-0.0314"
"2.700","0.0766","14","0.0000","0.0000","-7.1950","-84.8963","0.0000","10.3402","2543.4999","0.6282","10000.0000","45.50446115","-75.54472980","40.4062","16.9375","33.9062","42.2812","2.0000","0.1016","-1.0083","-0.4709","0.2558","0.1087","3989.1313","0.0000","0.0000","2.4101","0.0690","0.0000","0.0000","2700000.0000","2700000.0000","-0.1011","0.0150","0.0397","0.0715"
"2.750","0.0916","14","0.0000","0.0000","-7.2092","-49.6264","0.0000","10.3431","2528.5001","0.6138","10000.0000","45.50446117","-75.54472980","40.4062","16.9375","33.9062","42.2812","2.0000","-0.0716","-0.9916","-0.3852","0.5575","0.4276","4004.7878","0.0000","0.0000","2.4606","0.0701","0.0000","0.0000","2750000.0000","2750000.0000","-0.0235","0.1247","-0.0013","0.0376"
"2.800","0.1260","14","0.0000","0.0000","-5.3451","-106.0064","0.0000","10.3404","2513.5000","0.6318","10000.0000","45.50446114","-75.54472974","40.4062","16.9664","33.9062","42.2812","2.0000","-0.1336","-0.9856","-0.2893","0.7900","0.7163","4025.3110","0.0000","0.0000","2.5000","0.0716","0.0000","0.0000","2800000.0000","2800000.0000","0.0610","-0.0473","-0.0699","-0.0697"
"2.850","0.1579","14","0.0000","0.0000","-4.0361","-147.0299","0.0000","10.3377","2499.0001","0.6462","10000.0000","45.50446110","-75.54472968","40.4062","16.9375","33.9062","42.2812","2.0000","-0.0189","-1.0066","-0.2610","0.7405","0.7153","4063.0889","0.0000","0.0000","2.5000","0.0736","0.0000","0.0000","2850000.0000","2850000.0000","-0.0006","-0.2283","-0.0010","-0.0331"
"2.900","0.1676","14","0.0000","0.0000","-7.7228","-49.8448","0.0000","10.3343","2489.0001","0.6282","10000.0000","45.50446113","-75.54472966","40.4062","16.9367","33.9078","42.2812","2.0000","0.0250","-1.0114","-0.2639","0.5571","0.5464","4104.3667","0.0000","0.0000","2.5000","0.0759","0.0000","0.0000","2900000.0000","2900000.0000","-0.0810","-0.0570","0.1284","0.0703"
"2.950","0.1750","14","0.0000","0.0000","-11.1615","34.8792","0.0000","10.3316","2478.4999","0.6138","10000.0000","45.50446116","-75.54472965","40.4062","16.9305","33.9062","42.2812","2.0000","0.0211","-1.0098","-0.2872","0.3877","0.3594","4150.4775","0.0000","0.0000","2.5000","0.0782","0.0000","0.0000","2950000.0000","2950000.0000","0.0201","0.1789","0.0814","0.0311"
"3.000","0.1610","14","0.0000","0.0000","-12.3684","7.4532","0.0000","10.3350","2463.5000","0.6318","10000.0000","45.50446113","-75.54472967","40.4062","16.9523","33.9359","42.2812","2.0000","-0.0089","-0.9998","-0.3416","0.2827","0.1953","4154.5669","0.0000","0.0000","2.4656","0.0806","0.0000","0.0000","3000000.0000","3000000.0000","0.2120","0.0604","-0.0852","-0.0930"
"3.050","0.1542","14","0.0000","0.0000","-13.2336","-22.1357","0.0000","10.3375","2448.9999","0.6462","10000.0000","45.50446109","-75.54472969","40.4203","16.9375","33.9062","42.2812","2.0000","-0.0485","-0.9668","-0.4069","0.2416","0.0446","4132.8999","0.0000","0.0000","2.4100","0.0828","0.0000","0.0000","3050000.0000","3050000.0000","0.1712","-0.1592","-0.0794","-0.0826"
"3.100","0.2123","14","0.0000","0.0000","-11.0222","-71.1920","0.0000","10.3329","2438.9999","0.6282","10000.0000","45.50446100","-75.54472977","40.4078","16.9219","33.9062","42.2812","2.0000","-0.1210","-0.9430","-0.4443","0.2397","-0.0643","4105.3110","0.0000","0.0000","2.4456","0.0854","0.0000","0.0000","3100000.0000","3100000.0000","-0.0715","-0.0438","0.1000","0.0277"
"3.150","0.2601","14","0.0000","0.0000","-9.2568","-101.4537","0.0000","10.3289","2428.9999","0.6138","10000.0000","45.50446092","-75.54472983","40.4062","16.9445","33.9203","42.2812","2.0000","-0.1208","-0.9711","-0.4564","0.2415","-0.1072","4077.5779","0.0000","0.0000","2.5000","0.0886","0.0000","0.0000","3150000.0000","3150000.0000","-0.1622","0.1992","0.1262","0.0175"
"3.200","0.2160","14","0.0000","0.0000","-11.5044","37.4352","0.0000","10.3296","2418.9999","0.6318","10000.0000","45.50446085","-75.54472979","40.4062","16.9516","33.9078","42.2812","2.0000","0.0288","-1.0407","-0.4551","0.2188","-0.1032","4106.4668","0.0000","0.0000","2.5000","0.0918","0.0000","0.0000","3200000.0000","3200000.0000","0.0173","0.1155","-0.0540","-0.1044"
"3.250","0.1711","14","0.0000","0.0000","-14.9880","155.3070","0.0000","10.3302","2408.5000","0.6444","10000.0000","45.50446079","-75.54472974","40.4062","16.9461","33.9062","42.2641","2.0000","0.1027","-1.0439","-0.4335","0.1683","-0.0553","4141.1001","0.0000","0.0000","2.4878","0.0945","0.0000","0.0000","3250000.0000","3250000.0000","0.1382","-0.1010","-0.1193","-0.1313"
"3.300","0.1190","14","0.0000","0.0000","-29.5944","84.0246","0.0000","10.3302","2393.5001","0.6084","10000.0000","45.50446079","-75.54472974","40.4078","16.9375","33.9062","42.2516","2.0000","0.1134","-0.9857","-0.4089","0.1343","0.0329","4196.1001","0.0000","0.0000","2.4322","0.0965","0.0000","0.0000","3300000.0000","3300000.0000","0.0415","-0.0728","0.0822","-0.0178"
"3.350","0.0776","14","0.0000","0.0000","-41.1641","10.8810","0.0000","10.3302","2378.9999","0.5796","10000.0000","45.50446078","-75.54472975","40.4062","16.9305","33.9375","42.2672","2.0000","0.0327","-0.9955","-0.3982","0.1400","0.1224","4201.1665","0.0000","0.0000","2.4233","0.0979","0.0000","0.0000","3350000.0000","3350000.0000","-0.0255","0.0972","0.2053","-0.0053"
"3.400","0.1334","14","0.0000","0.0000","-25.4039","-79.0140","0.0000","10.3300","2369.0000","0.6156","10000.0000","45.50446072","-75.54472976","40.4078","16.9672","33.9078","42.2812","2.0000","0.0883","-1.0308","-0.3921","0.1486","0.1492","4137.2778","0.0000","0.0000","2.4789","0.0994","0.0000","0.0000","3400000.0000","3400000.0000","0.0805","0.0429","0.0363","-0.0961"
"3.450","0.1818","14","0.0000","0.0000","-10.9758","-153.7210","0.0000","10.3298","2359.0000","0.6480","10000.0000","45.50446066","-75.54472978","40.4375","16.9305","33.9203","42.2500","2.0000","0.1557","-1.0486","-0.3894","0.1522","0.1009","4104.7334","0.0000","0.0000","2.4656","0.1016","0.0000","0.0000","3450000.0000","3450000.0000","0.1230","-0.0974","-0.1956","-0.1176"
"3.500","0.1642","14","0.0000","0.0000","-8.5383","-91.7362","0.0000","10.3289","2349.0000","0.6480","10000.0000","45.50446067","-75.54472984","40.4062","16.9227","33.9062","42.2797","2.0000","0.0481","-0.9966","-0.3940","0.1716","0.0267","4091.3999","0.0000","0.0000","2.4100","0.1040","0.0000","0.0000","3500000.0000","3500000.0000","-0.0637","-0.0623","-0.1768","-0.0272"
"3.550","0.1436","14","0.0000","0.0000","-7.9728","-40.0706","0.0000","10.3276","2339.0000","0.6426","10000.0000","45.50446067","-75.54472991","40.4375","16.9305","33.9062","42.2500","2.0000","-0.1042","-0.9613","-0.4078","0.2072","-0.0338","4107.2222","0.0000","0.0000","2.4456","0.1061","0.0000","0.0000","3550000.0000","3550000.0000","-0.1471","0.0499","0.0086","-0.0023"
"3.600","0.0948","14","0.0000","0.0000","-24.2552","-81.2779","0.0000","10.3232","2329.0000","0.5886","10000.0000","45.50446065","-75.54472997","40.4062","16.9383","33.9062","42.2500","2.0000","-0.1204","-0.9708","-0.4326","0.2463","-0.0490","4129.5166","0.0000","0.0000","2.4989","0.1078","0.0000","0.0000","3600000.0000","3600000.0000","0.0533","0.0162","0.0903","-0.0385"
"3.650","0.0502","14","0.0000","0.0000","-39.1009","-111.4526","0.0000","10.3191","2319.0000","0.5382","10000.0000","45.50446063","-75.54473003","40.4203","16.9391","33.9234","42.2672","2.0000","-0.0422","-0.9922","-0.4534","0.2588","-0.0224","4155.3408","0.0000","0.0000","2.4440","0.1088","0.0000","0.0000","3650000.0000","3650000.0000","0.2400","-0.0517","0.0119","0.0205"
"3.700","0.0427","14","0.0000","0.0000","-41.0163","-42.3352","0.0000","10.3182","2309.0000","0.5202","10000.0000","45.50446064","-75.54473009","40.4375","16.9219","33.9062","42.2500","2.0000","0.0504","-1.0160","-0.4702","0.2410","0.0125","4165.2998","0.0000","0.0000","2.4000","0.1094","0.0000","0.0000","3700000.0000","3700000.0000","0.1296","0.0080","-0.0603","0.1149"
"3.750","0.0396","14","0.0000","0.0000","-40.9843","26.1486","0.0000","10.3175","2299.0000","0.5112","10000.0000","45.50446065","-75.54473015","40.4375","16.9461","33.9062","42.2641","2.0000","0.1196","-1.0096","-0.4746","0.2247","0.0170","4111.7998","0.0000","0.0000","2.4000","0.1100","0.0000","0.0000","3750000.0000","3750000.0000","-0.1402","0.0522","-0.0684","0.0335"
"3.800","0.0756","14","0.0000","0.0000","-23.4261","88.9300","0.0000","10.3175","2289.0000","0.5832","10000.0000","45.50446065","-75.54473015","40.4375","16.9375","33.9062","42.2797","1.8200","0.2107","-0.9819","-0.4666","0.2240","-0.0047","4070.6001","0.0000","0.0000","2.4000","0.1108","0.0000","0.0000","3800000.0000","3800000.0000","-0.1534","-0.0389","-0.0318","-0.1468"
"3.850","0.1057","14","0.0000","0.0000","-7.4749","136.9315","0.0000","10.3174","2279.0000","0.6480","10000.0000","45.50446065","-75.54473015","40.4203","16.9289","33.9062","42.2500","1.0000","0.2454","-1.0002","-0.4412","0.2274","-0.0446","4078.6001","0.0000","0.0000","2.4000","0.1121","0.0000","0.0000","3850000.0000","3850000.0000","0.0657","-0.0876","0.0381","-0.1731"
"3.900","0.0829","14","0.0000","0.0000","-5.9868","51.9138","0.0000","10.3165","2269.0001","0.6480","10000.0000","45.50446065","-75.54473022","40.4375","16.9227","33.9062","42.2484","1.0000","0.1351","-0.9930","-0.4106","0.2292","-0.0787","4074.7000","0.0000","0.0000","2.4000","0.1134","0.0000","0.0000","3900000.0000","3900000.0000","0.1669","0.0427","0.1660","-0.0163"
"3.950","0.0643","14","0.0000","0.0000","-6.3605","-29.2903","0.0000","10.3152","2259.5000","0.6444","10000.0000","45.50446065","-75.54473028","40.4375","16.9461","33.9234","42.2500","1.0000","-0.0468","-0.9797","-0.3868","0.2489","-0.0861","4023.2000","0.0000","0.0000","2.4000","0.1144","0.0000","0.0000","3950000.0000","3950000.0000","0.0249","0.1305","0.2378","0.0935"
"4.000","0.0841","14","0.0000","0.0000","-23.4915","-76.1714","0.0000","10.3106","2254.4999","0.6084","10000.0000","45.50446057","-75.54473036","40.4078","16.9523","33.9359","42.2500","1.1800","-0.1030","-1.0039","-0.3793","0.2880","-0.0949","3986.5264","0.0000","0.0000","2.4000","0.1155","0.0000","0.0000","4000000.0000","4000000.0000","-0.1330","0.0231","0.1190","0.0496"
"4.050","0.1075","14","0.0000","0.0000","-37.4677","-116.4252","0.0000","10.3064","2249.0001","0.5778","10000.0000","45.50446049","-75.54473043","40.4375","16.9375","33.9375","42.2500","2.0000","0.0277","-1.0225","-0.3804","0.3107","-0.1068","4009.1580","0.0000","0.0000","2.4000","0.1168","0.0000","0.0000","4050000.0000","4050000.0000","-0.0822","-0.1204","-0.1045","-0.0051"
"4.100","0.1646","14","0.0000","0.0000","-23.0511","-97.0333","0.0000","10.3055","2239.0001","0.5958","10000.0000","45.50446050","-75.54473050","40.4375","16.9523","33.9078","42.2500","2.0000","0.1145","-1.0258","-0.3803","0.3256","-0.0892","4035.6667","0.0000","0.0000","2.4000","0.1188","0.0000","0.0000","4100000.0000","4100000.0000","0.0355","-0.1031","-0.1768","-0.0187"
"4.150","0.2077","14","0.0000","0.0000","-13.5636","-70.9852","0.0000","10.3047","2229.0001","0.6066","10000.0000","45.50446050","-75.54473055","40.4203","16.9305","33.9062","42.2500","2.0000","0.0410","-1.0199","-0.3823","0.3367","-0.0448","4071.2222","0.0000","0.0000","2.4000","0.1213","0.0000","0.0000","4150000.0000","4150000.0000","0.0525","0.0068","0.0660","-0.0342"
"4.200","0.1252","14","0.0000","0.0000","-48.4378","14.9694","0.0000","10.3045","2219.0001","0.5526","10000.0000","45.50446044","-75.54473057","40.4375","16.9367","33.9375","42.2500","2.0000","-0.0744","-1.0206","-0.3859","0.3541","-0.0069","4103.4443","0.0000","0.0000","2.4000","0.1235","0.0000","0.0000","4200000.0000","4200000.0000","0.0078","0.0214","0.3282","-0.0639"
"4.250","0.0528","14","0.0000","0.0000","-76.9400","80.3353","0.0000","10.3039","2209.5001","0.5076","10000.0000","45.50446038","-75.54473059","40.4375","16.9305","33.9516","42.2359","2.0000","-0.1596","-1.0006","-0.3932","0.3489","-0.0004","4132.3335","0.0000","0.0000","2.4000","0.1247","0.0000","0.0000","4250000.0000","4250000.0000","0.0315","-0.0057","0.2584","-0.0565"
"4.300","0.0714","14","0.0000","0.0000","-48.0943","-39.5962","0.0000","10.2995","2204.5000","0.5436","10000.0000","45.50446035","-75.54473065","40.4359","16.9375","33.9375","42.2500","2.0000","-0.1773","-0.9869","-0.3974","0.2983","-0.0323","4116.1113","0.0000","0.0000","2.4000","0.1257","0.0000","0.0000","4300000.0000","4300000.0000","0.0540","0.0149","-0.0848","-0.0431"
"4.350","0.0863","14","0.0000","0.0000","-22.0699","-136.7991","0.0000","10.2958","2198.9999","0.5706","10000.0000","45.50446033","-75.54473071","40.4375","16.9375","33.9375","42.2500","2.0000","-0.1329","-1.0084","-0.4145","0.2275","-0.0442","4080.5557","0.0000","0.0000","2.4000","0.1267","0.0000","0.0000","4350000.0000","4350000.0000","0.0172","0.0777","-0.2219","-0.0327"
"4.400","0.0677","14","0.0000","0.0000","-21.4362","-29.4451","0.0000","10.2992","2188.9999","0.5166","10000.0000","45.50446030","-75.54473072","40.4375","16.9234","33.9375","42.2500","2.0000","0.0166","-1.0295","-0.4205","0.1796","-0.0145","4051.0000","0.0000","0.0000","2.4000","0.1278","0.0000","0.0000","4400000.0000","4400000.0000","-0.0012","0.0235","0.0001","0.0236"
"4.450","0.0568","14","0.0000","0.0000","-20.6318","57.2694","0.0000","10.3018","2179.5001","0.4752","10000.0000","45.50446027","-75.54473075","40.4375","16.9375","33.9375","42.2328","2.0000","0.1227","-1.0234","-0.3930","0.1783","0.0266","4029.0000","0.0000","0.0000","2.4000","0.1287","0.0000","0.0000","4450000.0000","4450000.0000","0.0621","-0.1172","0.2292","0.0798"
"4.500","0.1158","14","0.0000","0.0000","-18.2914","-41.7719","0.0000","10.2974","2174.5000","0.5472","10000.0000","45.50446025","-75.54473081","40.4375","16.9367","33.9391","42.2500","2.0000","0.0664","-0.9975","-0.3735","0.1926","0.0513","4069.0000","0.0000","0.0000","2.4000","0.1299","0.0000","0.0000","4500000.0000","4500000.0000","0.0937","-0.1486","0.1345","0.0456"
"4.550","0.1622","14","0.0000","0.0000","-17.5128","-123.3701","0.0000","10.2937","2168.9999","0.6102","10000.0000","45.50446022","-75.54473086","40.4516","16.9305","33.9516","42.2500","2.0000","-0.0320","-1.0082","-0.3780","0.2007","0.0740","4101.0000","0.0000","0.0000","2.4000","0.1317","0.0000","0.0000","4550000.0000","4550000.0000","-0.0231","0.0511","-0.0563","0.0107"
"4.600","0.0958","14","0.0000","0.0000","-30.7904","-47.9803","0.0000","10.2971","2158.9999","0.5922","10000.0000","45.50446019","-75.54473088","40.4375","16.9367","33.9375","42.2500","2.0000","-0.0350","-1.0467","-0.3749","0.2033","0.1204","4114.3335","0.0000","0.0000","2.4000","0.1335","0.0000","0.0000","4600000.0000","4600000.0000","-0.1757","0.2959","-0.0446","0.1167"
"4.650","0.0367","14","0.0000","0.0000","-41.7219","25.4884","0.0000","10.2997","2149.4999","0.5742","10000.0000","45.50446016","-75.54473090","40.4234","16.9516","33.9547","42.2641","2.0000","0.0338","-1.0330","-0.3559","0.1993","0.1616","4105.4443","0.0000","0.0000","2.4000","0.1344","0.0000","0.0000","4650000.0000","4650000.0000","-0.1804","0.3221","-0.0402","0.2044"
"4.700","0.0442","14","0.0000","0.0000","-31.5392","81.6676","0.0000","10.2953","2144.5000","0.5562","10000.0000","45.50446014","-75.54473096","40.4359","16.9680","33.9375","42.2516","2.0000","0.1268","-1.0014","-0.3486","0.2055","0.1490","4074.3333","0.0000","0.0000","2.4000","0.1350","0.0000","0.0000","4700000.0000","4700000.0000","-0.0882","0.1375","-0.2872","0.0629"
"4.750","0.0509","14","0.0000","0.0000","-23.1124","123.6374","0.0000","10.2913","2138.9999","0.5400","10000.0000","45.50446012","-75.54473102","40.4234","16.9703","33.9234","42.2500","2.0000","0.1823","-1.0080","-0.3513","0.2226","0.0792","4068.1111","0.0000","0.0000","2.4000","0.1356","0.0000","0.0000","4750000.0000","4750000.0000","-0.0845","-0.0543","-0.4417","-0.1327"
"4.800","0.0509","14","0.0000","0.0000","-30.4895","37.7231","0.0000","10.2913","2128.9999","0.5400","10000.0000","45.50446012","-75.54473102","40.4062","16.9531","33.9359","42.2797","2.0000","0.1471","-1.0033","-0.3499","0.2324","0.0200","4072.5557","0.0000","0.0000","2.4000","0.1363","0.0000","0.0000","4800000.0000","4800000.0000","-0.1465","-0.0867","-0.0043","-0.0752"
"4.850","0.0551","14","0.0000","0.0000","-35.7397","-28.9848","0.0000","10.2916","2119.4999","0.5454","10000.0000","45.50446011","-75.54473102","40.4062","16.9688","33.9203","42.2500","2.0000","0.0401","-1.0072","-0.3484","0.2429","-0.0065","4107.0000","0.0000","0.0000","2.4000","0.1371","0.0000","0.0000","4850000.0000","4850000.0000","-0.0799","-0.0422","0.6282","0.0704"
"4.900","0.0970","14","0.0000","0.0000","-21.8478","77.1655","0.0000","10.2950","2114.5000","0.5994","10000.0000","45.50446008","-75.54473104","40.4078","16.9383","33.9672","42.2797","2.0000","-0.1044","-0.9859","-0.3683","0.2501","-0.0108","4138.5557","0.0000","0.0000","2.4000","0.1382","0.0000","0.0000","4900000.0000","4900000.0000","0.0724","-0.0199","0.5800","-0.0336"
"4.950","0.1320","14","0.0000","0.0000","-9.3007","168.1306","0.0000","10.2980","2109.4999","0.6444","10000.0000","45.50446005","-75.54473106","40.4062","16.9602","33.9688","42.2500","2.0000","-0.1832","-0.9559","-0.4180","0.2269","-0.0046","4114.1113","0.0000","0.0000","2.4000","0.1397","0.0000","0.0000","4950000.0000","4950000.0000","0.0744","0.0156","-0.2129","-0.1944"
"5.000","0.1049","14","0.0000","0.0000","-8.8554","122.4298","0.0000","10.2971","2104.5001","0.6084","10000.0000","45.50446006","-75.54473112","40.4062","16.9531","33.9391","42.2500","2.0000","-0.1132","-0.9765","-0.4437","0.1700","0.0018","4090.3333","0.0000","0.0000","2.4000","0.1413","0.0000","0.0000","5000000.0000","5000000.0000","-0.0332","0.0418","-0.7096","-0.0788"
"5.050","0.0805","14","0.0000","0.0000","-8.8688","77.9083","0.0000","10.2963","2099.0000","0.5778","10000.0000","45.50446007","-75.54473117","40.4234","16.9531","33.9062","42.2500","2.0000","-0.0155","-0.9859","-0.4146","0.1197","0.0204","4068.1111","0.0000","0.0000","2.4000","0.1426","0.0000","0.0000","5050000.0000","5050000.0000","-0.0469","0.0480","-0.3823","0.1915"
"5.100","0.0805","14","0.0000","0.0000","-13.0116","44.0003","0.0000","10.2963","2089.0000","0.5958","10000.0000","45.50446007","-75.54473117","40.4062","16.9688","33.9062","42.2797","2.0000","-0.1734","-0.9638","-0.3580","0.1098","0.0419","4074.7778","0.0000","0.0000","2.4000","0.1437","0.0000","0.0000","5100000.0000","5100000.0000","0.1101","0.0006","0.1609","0.1870"
"5.150","0.0796","14","0.0000","0.0000","-16.1354","11.5788","0.0000","10.2963","2079.5000","0.6138","10000.0000","45.50446006","-75.54473118","40.4203","16.9547","33.9203","42.2641","2.0000","-0.1763","-0.9948","-0.3084","0.1309","0.0624","4110.3335","0.0000","0.0000","2.4000","0.1448","0.0000","0.0000","5150000.0000","5150000.0000","0.1657","-0.0156","0.2180","0.0168"
"5.200","0.0705","14","0.0000","0.0000","-10.0891","-7.4638","0.0000","10.2962","2074.5001","0.6318","10000.0000","45.50446000","-75.54473119","40.4375","16.9680","33.9359","42.2500","2.0000","0.0135","-1.0423","-0.2821","0.1450","0.0636","4134.6113","0.0000","0.0000","2.4000","0.1459","0.0000","0.0000","5200000.0000","5200000.0000","-0.0013","-0.0025","-0.0002","0.0612"
"5.250","0.0673","14","0.0000","0.0000","-5.3921","-32.0319","0.0000","10.2952","2069.5000","0.6480","10000.0000","45.50445994","-75.54473121","40.4062","16.9531","33.9203","42.2641","2.0000","0.1447","-1.0338","-0.2770","0.1346","0.0520","4154.0557","0.0000","0.0000","2.4000","0.1469","0.0000","0.0000","5250000.0000","5250000.0000","-0.1783","-0.0152","-0.1645","0.3071"
"5.300","0.1166","14","0.0000","0.0000","-12.8388","-106.3291","0.0000","10.2872","2064.5001","0.6480","10000.0000","45.50445988","-75.54473127","40.4062","16.9680","33.9359","42.2812","2.0000","0.1727","-0.9923","-0.3000","0.1128","0.0500","4078.5000","0.0000","0.0000","2.4000","0.1482","0.0000","0.0000","5300000.0000","5300000.0000","-0.2331","-0.0361","-0.0512","0.1651"
"5.350","0.1574","14","0.0000","0.0000","-19.5405","-165.1230","0.0000","10.2803","2059.5000","0.6462","10000.0000","45.50445984","-75.54473133","40.4062","16.9531","33.9203","42.2641","2.0000","0.1923","-0.9962","-0.3364","0.1175","0.0554","4001.8889","0.0000","0.0000","2.4000","0.1500","0.0000","0.0000","5350000.0000","5350000.0000","-0.0488","-0.0228","0.0141","-0.2524"
"5.400","0.1209","14","0.0000","0.0000","-19.5369","-84.3866","0.0000","10.2839","2054.5001","0.6282","10000.0000","45.50445987","-75.54473133","40.4062","16.9531","33.9078","42.2516","2.0000","0.0566","-0.9941","-0.3782","0.1670","0.0444","4010.7778","0.0000","0.0000","2.4000","0.1519","0.0000","0.0000","5400000.0000","5400000.0000","0.2512","0.0191","-0.0391","-0.3562"
"5.450","0.0922","14","0.0000","0.0000","-18.7144","-3.6831","0.0000","10.2875","2049.5000","0.6138","10000.0000","45.50445989","-75.54473133","40.4203","16.9516","33.9203","42.2500","2.0000","-0.1062","-0.9822","-0.4193","0.2083","0.0206","4015.6667","0.0000","0.0000","2.4000","0.1534","0.0000","0.0000","5450000.0000","5450000.0000","0.3037","0.0556","-0.0546","-0.0411"
"5.500","0.1326","14","0.0000","0.0000","-10.5221","76.7240","0.0000","10.2918","2044.5001","0.6318","10000.0000","45.50445985","-75.54473128","40.4359","16.9539","33.9062","42.2500","2.0000","-0.0736","-1.0007","-0.4238","0.2227","0.0141","4011.2222","0.0000","0.0000","2.4000","0.1550","0.0000","0.0000","5500000.0000","5500000.0000","0.0782","0.0605","0.0688","0.1641"
"5.550","0.1666","14","0.0000","0.0000","-3.2240","140.4058","0.0000","10.2957","2039.5000","0.6480","10000.0000","45.50445982","-75.54473124","40.4375","16.9617","33.9375","42.2641","2.0000","0.0166","-1.0068","-0.4084","0.2231","0.0214","4001.5000","0.0000","0.0000","2.4000","0.1570","0.0000","0.0000","5550000.0000","5550000.0000","-0.1328","0.0087","0.1635","0.1029"
"5.600","0.1446","14","0.0000","0.0000","-3.9732","53.5595","0.0000","10.2957","2034.4999","0.6480","10000.0000","45.50445982","-75.54473124","40.4062","16.9398","33.9078","42.2500","2.0000","-0.0075","-0.9749","-0.4009","0.2133","0.0192","3986.5000","0.0000","0.0000","2.4000","0.1592","0.0000","0.0000","5600000.0000","5600000.0000","-0.0384","-0.0827","0.0510","0.0402"
"5.650","0.1216","14","0.0000","0.0000","-4.7625","-30.1168","0.0000","10.2953","2029.5000","0.6462","10000.0000","45.50445981","-75.54473124","40.4203","16.9617","33.9375","42.2672","2.0000","0.0285","-0.9598","-0.3945","0.1913","0.0099","4015.8333","0.0000","0.0000","2.4000","0.1610","0.0000","0.0000","5650000.0000","5650000.0000","0.1064","-0.0922","-0.1245","-0.0123"
"5.700","0.0904","14","0.0000","0.0000","-5.9138","-85.2632","0.0000","10.2915","2024.4999","0.6282","10000.0000","45.50445972","-75.54473126","40.4078","16.9539","33.9078","42.2500","2.0000","0.0889","-1.0158","-0.3943","0.1742","-0.0130","4064.1667","0.0000","0.0000","2.4000","0.1625","0.0000","0.0000","5700000.0000","5700000.0000","0.0644","0.0089","-0.1029","-0.0917"
"5.750","0.0649","14","0.0000","0.0000","-7.7209","-131.4120","0.0000","10.2879","2019.5000","0.6120","10000.0000","45.50445963","-75.54473126","40.4375","16.9688","33.9375","42.2500","2.0000","0.1534","-1.0498","-0.4038","0.1734","-0.0265","4015.5000","0.0000","0.0000","2.4000","0.1636","0.0000","0.0000","5750000.0000","5750000.0000","-0.0839","0.1167","0.0473","-0.0574"
"5.800","0.0907","14","0.0000","0.0000","-15.4312","-96.5829","0.0000","10.2852","2014.4999","0.6120","10000.0000","45.50445959","-75.54473120","40.4062","16.9531","33.9062","42.2500","2.0000","0.1062","-1.0324","-0.4231","0.1866","-0.0045","3967.9443","0.0000","0.0000","2.4000","0.1647","0.0000","0.0000","5800000.0000","5800000.0000","-0.0839","0.0780","0.1770","0.0324"
"5.850","0.1107","14","0.0000","0.0000","-23.1975","-67.8931","0.0000","10.2831","2009.5000","0.6102","10000.0000","45.50445955","-75.54473115","40.4234","16.9789","33.9375","42.2500","2.0000","-0.0352","-1.0080","-0.4366","0.2022","0.0228","4027.3889","0.0000","0.0000","2.4000","0.1661","0.0000","0.0000","5850000.0000","5850000.0000","0.0665","-0.0046","0.0189","0.1004"
"5.900","0.0792","14","0.0000","0.0000","-31.4669","-94.4569","0.0000","10.2865","2004.4999","0.5922","10000.0000","45.50445952","-75.54473116","40.4359","16.9539","33.9375","42.2500","2.0000","0.0071","-1.0195","-0.4406","0.2053","0.0178","4079.6667","0.0000","0.0000","2.5333","0.1674","0.0000","0.0000","5900000.0000","5900000.0000","0.0781","-0.0256","-0.0516","-0.0445"
"5.950","0.0509","14","0.0000","0.0000","-38.0072","-109.0875","0.0000","10.2893","1999.5000","0.5724","10000.0000","45.50445949","-75.54473117","40.4203","16.9602","33.9375","42.2500","2.0000","0.1109","-1.0133","-0.4439","0.1864","-0.0231","4115.2222","0.0000","0.0000","2.9778","0.1683","0.0000","0.0000","5950000.0000","5950000.0000","0.0283","0.0172","0.0400","-0.0488"
"6.000","0.0509","14","0.0000","0.0000","-28.9854","-16.3185","0.0000","10.2866","1994.5000","0.5364","10000.0000","45.50445945","-75.54473111","40.4078","16.9547","33.9359","42.2500","2.0000","0.1828","-1.0116","-0.4348","0.1444","-0.0750","4139.3887","0.0000","0.0000","3.5611","0.1690","0.0000","0.0000","6000000.0000","6000000.0000","0.1066","0.0404","0.0219","0.2066"
"6.050","0.0528","14","0.0000","0.0000","-19.2705","56.6959","0.0000","10.2846","1989.5000","0.5094","10000.0000","45.50445940","-75.54473105","40.4375","16.9617","33.9375","42.2500","2.0000","0.2564","-1.0141","-0.4192","0.0851","-0.1234","4152.1665","0.0000","0.0000","4.2833","0.1697","0.0000","0.0000","6050000.0000","6050000.0000","0.2219","0.0416","-0.2034","0.3875"
"6.100","0.0714","14","0.0000","0.0000","-3.3172","-48.0800","0.0000","10.2887","1984.5001","0.5634","10000.0000","45.50445930","-75.54473102","40.4078","16.9688","33.9375","42.2516","2.0000","0.3170","-1.0075","-0.4047","0.0226","-0.1432","4199.5557","0.0000","0.0000","4.7722","0.1706","0.0000","0.0000","6100000.0000","6100000.0000","0.0442","-0.0131","-0.1560","0.3873"
"6.150","0.0958","14","0.0000","0.0000","10.3121","-132.2232","0.0000","10.2913","1979.5001","0.6120","10000.0000","45.50445920","-75.54473099","40.4203","16.9688","33.9203","42.2500","2.0000","0.2967","-1.0041","-0.3798","-0.0336","-0.1284","4261.7778","0.0000","0.0000","5.1611","0.1718","0.0000","0.0000","6150000.0000","6150000.0000","-0.1278","-0.1323","0.1680","-0.0368"
"6.200","0.1725","14","0.0000","0.0000","3.0255","-30.6724","0.0000","10.2808","1974.4999","0.6120","10000.0000","45.50445917","-75.54473098","40.4078","16.9680","33.9672","42.2500","2.0000","0.0568","-1.0032","-0.3477","-0.0688","-0.0989","4452.5000","0.0000","0.0000","7.7000","0.1737","0.0000","0.0000","6200000.0000","6200000.0000","-0.0293","-0.1897","0.3847","-0.1709"
"6.250","0.2334","14","0.0000","0.0000","-1.9363","61.6824","0.0000","10.2717","1970.0000","0.6102","10000.0000","45.50445914","-75.54473096","40.4203","16.9531","33.9375","42.2500","2.0000","-0.2518","-0.9716","-0.3242","-0.0827","-0.0808","4676.1113","0.0000","0.0000","10.5000","0.1765","0.0000","0.0000","6250000.0000","6250000.0000","0.1993","-0.0468","0.2131","-0.1701"
"6.300","0.1529","14","0.0000","0.0000","14.0253","71.2742","0.0000","10.2751","1970.0000","0.5922","10000.0000","45.50445911","-75.54473098","40.4078","16.9539","33.9672","42.2500","2.0000","-0.2671","-0.9693","-0.3026","-0.0884","-0.0636","5067.2222","0.0000","0.0000","13.5000","0.1791","0.0000","0.0000","6300000.0000","6300000.0000","0.1531","0.0708","0.0632","-0.2942"
"6.350","0.0839","14","0.0000","0.0000","27.9734","80.4198","0.0000","10.2778","1969.4999","0.5778","10000.0000","45.50445908","-75.54473099","40.4375","16.9531","33.9375","42.2188","2.0000","-0.2585","-0.9769","-0.2808","-0.0572","-0.0370","5429.0000","0.0000","0.0000","15.8167","0.1808","0.0000","0.0000","6350000.0000","6350000.0000","0.2350","-0.1200","0.1069","-0.4992"
"6.400","0.1179","14","0.0000","0.0000","23.7998","85.5506","0.0000","10.2752","1964.5000","0.5958","10000.0000","45.50445904","-75.54473093","40.4688","16.9539","33.9375","42.2188","2.0000","-0.1241","-0.9990","-0.2675","-0.0023","-0.0236","5722.3335","0.0000","0.0000","16.5389","0.1823","0.0000","0.0000","6400000.0000","6400000.0000","0.7897","-0.4898","0.1135","-0.2192"
"6.450","0.1470","14","0.0000","0.0000","19.5269","89.3997","0.0000","10.2728","1959.5000","0.6102","10000.0000","45.50445900","-75.54473086","40.4828","16.9461","33.9375","42.2359","2.0000","-0.0481","-0.9848","-0.2789","0.0393","-0.0209","5919.8335","0.0000","0.0000","17.0944","0.1842","0.0000","0.0000","6450000.0000","6450000.0000","1.1082","-0.4146","0.0775","0.0660"
"6.500","0.1325","14","0.0000","0.0000","14.3611","81.7131","0.0000","10.2737","1954.5000","0.5922","10000.0000","45.50445899","-75.54473080","40.5609","16.9367","33.9672","42.1875","2.0000","0.1294","-0.8395","-0.3021","0.0715","-0.0215","6021.5000","0.0000","0.0000","17.4833","0.1861","0.0000","0.0000","6500000.0000","6500000.0000","0.6353","-0.0313","0.3627","-0.1991"
"6.550","0.1175","14","0.0000","0.0000","11.3891","79.2183","0.0000","10.2741","1949.5000","0.5778","10000.0000","45.50445898","-75.54473075","40.5625","16.9531","33.9516","42.2016","2.0000","0.2479","-0.7983","-0.3126","0.0913","-0.0292","6149.2222","0.0000","0.0000","17.8333","0.1878","0.0000","0.0000","6550000.0000","6550000.0000","0.1517","-0.0157","0.7099","-0.2363"
"6.600","0.0980","14","0.0000","0.0000","28.1616","123.4504","0.0000","10.2706","1944.5000","0.5958","10000.0000","45.50445895","-75.54473075","40.5641","16.9227","33.9688","42.2188","2.0000","-0.0839","-1.0115","-0.3133","0.1185","-0.0418","6288.1113","0.0000","0.0000","18.1667","0.1893","0.0000","0.0000","6600000.0000","6600000.0000","0.3510","-0.2031","0.0203","0.4744"
"6.650","0.0809","14","0.0000","0.0000","42.3528","151.0719","0.0000","10.2670","1940.0001","0.6102","10000.0000","45.50445892","-75.54473075","40.5938","16.9305","33.9516","42.2359","2.0000","-0.1958","-1.0922","-0.3125","0.1401","-0.0388","6564.5000","0.0000","0.0000","18.3500","0.1905","0.0000","0.0000","6650000.0000","6650000.0000","0.1935","-0.1394","-0.8996","0.5878"
"6.700","0.0847","14","0.0000","0.0000","33.3129","29.1974","0.0000","10.2634","1940.0001","0.5922","10000.0000","45.50445889","-75.54473075","40.5922","16.9375","33.9688","42.2188","2.0000","-0.0883","-1.0032","-0.3119","0.1750","-0.0114","6831.8335","0.0000","0.0000","18.5389","0.1917","0.0000","0.0000","6700000.0000","6700000.0000","-1.1283","0.0502","0.4379","-1.4397"
"6.750","0.0922","14","0.0000","0.0000","24.1958","-74.7092","0.0000","10.2603","1939.5000","0.5778","10000.0000","45.50445886","-75.54473074","40.5484","16.9305","33.9516","42.1734","2.0000","0.0113","-0.9784","-0.3470","0.2487","0.0600","6880.1665","0.0000","0.0000","18.9278","0.1929","0.0000","0.0000","6750000.0000","6750000.0000","-2.1683","0.0081","3.7999","-3.7189"
"6.800","0.1326","14","0.0000","0.0000","14.3832","-16.9053","0.0000","10.2612","1934.5000","0.5958","10000.0000","45.50445885","-75.54473068","40.3172","16.9375","34.4234","41.8438","2.0000","0.0591","-0.9866","-0.4495","0.2683","0.2726","6866.3335","0.0000","0.0000","19.3000","0.1945","0.0000","0.0000","6800000.0000","6800000.0000","-1.3628","-0.1268","5.1219","-2.9272"
"6.850","0.1877","14","0.0000","0.0000","5.4363","35.2510","0.0000","10.2617","1929.5000","0.6120","10000.0000","45.50445885","-75.54473061","40.4375","16.9305","34.4062","41.8719","2.0000","0.0302","-0.9385","-0.4619","0.2352","0.6187","6707.4443","0.0000","0.0000","19.6333","0.1968","0.0000","0.0000","6850000.0000","6850000.0000","0.4434","0.1103","2.1996","0.1147"
"6.900","0.3763","14","0.0000","0.0000","4.2813","36.5784","0.0000","10.2592","1924.5000","0.6120","10000.0000","45.50445887","-75.54473054","40.5297","16.9375","34.4062","41.8781","2.0000","0.0680","-0.9188","-0.3362","0.2075","1.0066","6540.7778","0.0000","0.0000","19.9389","0.2009","0.0000","0.0000","6900000.0000","6900000.0000","0.4950","0.2874","-1.4689","1.0758"
"6.950","0.5592","14","0.0000","0.0000","3.0783","37.6045","0.0000","10.2568","1919.5000","0.6120","10000.0000","45.50445890","-75.54473045","40.3891","16.9531","34.4062","41.8641","2.0000","-0.0078","-0.9701","-0.2291","0.1231","1.3778","6366.3335","0.0000","0.0000","20.2167","0.2074","0.0000","0.0000","6950000.0000","6950000.0000","-0.5821","-0.0891","-2.0542","-0.5510"
"7.000","0.6911","14","0.0000","0.0000","1.4429","35.9189","0.0000","10.2553","1914.5000","0.6120","10000.0000","45.50445897","-75.54473030","40.4375","16.9375","34.3156","41.8438","2.0000","-0.1509","-1.0311","-0.2448","0.0463","1.7375","6085.3335","0.0000","0.0000","20.3389","0.2159","0.0000","0.0000","7000000.0000","7000000.0000","-0.5931","-0.4008","-0.1561","-1.0542"
"7.050","0.8323","14","0.0007","0.0069","-0.0520","34.7830","0.0000","10.2536","1910.0000","0.6120","10000.0000","45.50445905","-75.54473013","40.4375","16.9234","34.2953","41.8438","2.0000","-0.2248","-1.1805","-0.3637","0.0470","2.1479","5758.6665","0.0000","0.0000","20.3944","0.2267","0.0000","0.0000","7050000.0000","7050000.0000","0.0437","-0.0032","1.2546","-0.7006"
"7.100","1.0571","14","0.0081","0.0757","-0.2829","38.5955","0.0000","10.2496","1910.0000","0.6120","10000.0000","45.50445916","-75.54472990","40.3766","16.9227","34.4313","41.6906","2.0000","-0.0661","-1.1399","-0.5051","0.0779","2.6773","5521.5000","0.0000","0.0000","20.4500","0.2400","0.0000","0.0000","7100000.0000","7100000.0000","-0.0914","0.3695","1.4821","-2.0376"
"7.150","1.2827","14","0.0147","0.1380","-0.5336","42.2841","0.0000","10.2454","1909.5000","0.6120","10000.0000","45.50445926","-75.54472966","40.3297","16.9461","34.5141","41.5172","2.0000","0.1787","-1.0223","-0.5133","0.0298","3.4488","5324.2778","0.0000","0.0000","20.5000","0.2562","0.0000","0.0140","7150000.0000","7150000.0000","-0.6629","-0.0267","1.2036","-3.1903"
"7.200","1.5147","14","0.0148","0.1415","-0.9622","44.8568","0.0000","10.2389","1904.5000","0.6120","10000.0000","45.50445938","-75.54472934","40.4656","16.9234","34.4406","41.5609","2.0000","0.1902","-1.0044","-0.3878","-0.0457","4.4547","5397.0557","0.0500","0.0425","20.5000","0.2755","0.0329","0.0280","7200000.0000","7200000.0000","0.0173","-0.4215","-0.6492","-1.0727"
"7.250","1.7665","14","0.0148","0.1453","-1.3140","47.2173","0.0000","10.2333","1899.5000","0.6120","10000.0000","45.50445952","-75.54472901","40.3641","16.9305","34.3578","41.5344","2.0000","0.0971","-1.0275","-0.2358","-0.0820","5.4863","5456.6665","2.0000","1.7000","20.5333","0.2986","1.1239","0.3995","7250000.0000","7250000.0000","0.4382","-0.0033","-2.7301","1.8594"
"7.300","2.1961","14","0.0143","0.1507","-0.9737","47.6669","0.0000","10.2368","1894.5000","0.6120","10000.0000","45.50445974","-75.54472850","40.3109","16.9219","34.4391","41.4078","2.0000","0.0893","-0.9479","-0.1599","-0.1715","6.4867","5485.5557","2.4400","1.7000","20.6444","0.3264","1.1067","0.7711","7300000.0000","7300000.0000","-1.0658","0.2780","-2.1494","0.2809"
"7.350","2.6024","14","0.0142","0.1574","-0.6539","47.9568","0.0000","10.2397","1890.0000","0.6120","10000.0000","45.50445997","-75.54472800","40.3719","16.9531","34.1562","41.5797","2.0000","0.0943","-0.9312","-0.2457","-0.2092","7.4332","5482.2222","2.8000","2.2600","20.7278","0.3596","1.0841","0.8137","7350000.0000","7350000.0000","-2.4933","-0.2156","1.3413","-3.3463"
"7.400","2.7991","14","0.0172","0.1757","-0.5185","46.8099","0.0000","10.2379","1890.0000","0.6120","10000.0000","45.50446024","-75.54472759","40.1937","16.9367","34.4000","41.3500","2.0000","0.2438","-0.9218","-0.4298","-0.2497","8.4094","5446.6665","3.4000","2.4000","20.7833","0.3969","1.2130","0.8562","7400000.0000","7400000.0000","-0.6123","-0.1231","2.5911","-1.7208"
"7.450","3.0126","14","0.0201","0.1951","-0.4136","46.0121","0.0000","10.2358","1889.5000","0.6120","10000.0000","45.50446051","-75.54472717","40.2328","16.9461","34.4094","41.3406","2.0000","0.3919","-0.9905","-0.5638","-0.3128","9.4062","5399.0557","3.5692","2.5974","20.8778","0.4375","1.1787","0.9347","7450000.0000","7450000.0000","1.6208","0.5494","-0.3958","2.4781"
"7.500","3.3783","14","0.0209","0.2249","-0.5830","48.3550","0.0000","10.2297","1884.5000","0.6120","10000.0000","45.50446076","-75.54472656","40.3109","16.9367","34.3125","41.3469","2.0000","0.3250","-1.0990","-0.6557","-0.2507","10.4391","5346.2778","4.0000","3.4300","20.9889","0.4821","1.1815","1.0131","7500000.0000","7500000.0000","-1.3600","0.3186","-1.7701","-1.7396"
"7.550","3.7689","14","0.0223","0.2548","-0.7136","50.5272","0.8563","10.2244","1879.5000","0.6120","70.0481","45.50446103","-75.54472592","40.1141","16.9445","34.3750","41.0922","2.0000","0.2374","-1.1088","-0.9153","0.0723","11.7672","5166.0000","4.4800","3.7000","21.2500","0.5319","1.1834","1.2317","7550000.0000","7550000.0000","-7.7640","-0.7461","3.6613","-14.2108"
"7.600","4.3831","14","0.0280","0.2855","-0.4942","51.1639","9.4195","10.2260","1874.5000","0.6120","7.4057","45.50446146","-75.54472502","39.4875","16.9375","34.8297","40.4516","2.0000","0.1840","-0.9315","-1.3785","0.4954","13.4359","4963.6113","5.5200","6.3750","21.5222","0.5884","1.2559","1.4504","7600000.0000","7600000.0000","-8.2099","0.2729","8.2250","-19.0369"
"7.650","5.0146","14","0.0341","0.3169","-0.2948","51.7922","17.3063","10.2274","1869.5000","0.6120","4.6116","45.50446191","-75.54472410","39.4375","17.0297","34.9484","39.1844","2.0000","0.4194","-0.8815","-1.6259","0.6100","15.3547","4689.7222","6.5538","6.3872","21.7444","0.6544","1.3008","1.3719","7650000.0000","7650000.0000","-1.4951","2.6383","2.9763","-8.4262"
"7.700","5.8027","14","0.0432","0.3543","-0.2740","52.3445","19.1043","10.2274","1864.5000","0.6120","4.8341","45.50446242","-75.54472304","39.4641","17.1078","34.9422","39.5578","2.0000","0.3065","-0.9411","-1.5707","0.3530","17.4000","4478.8335","7.5300","7.5250","21.9500","0.7300","1.2942","1.2933","7700000.0000","7700000.0000","2.4086","2.3997","-8.2334","3.9120"
"7.750","6.5908","14","0.0523","0.3908","-0.2584","53.0034","20.8011","10.2272","1860.0000","0.6120","5.0428","45.50446294","-75.54472195","39.5234","17.1875","34.3563","39.7438","2.0000","0.0085","-0.9595","-1.2822","-0.0027","19.4281","4414.9443","8.2800","8.3200","22.1167","0.8160","1.2552","1.2565","7750000.0000","7750000.0000","-0.6524","-0.3528","-13.0803","6.3002"
"7.800","7.3794","14","0.0618","0.4184","-0.2891","54.6211","21.5866","10.2241","1860.0000","0.6120","5.4407","45.50446355","-75.54472060","39.3172","17.2016","33.7359","39.8750","2.0000","-0.0781","-0.9222","-0.9192","-0.3586","21.4813","4349.9443","9.5075","9.0200","22.2833","0.9126","1.2856","1.2197","7800000.0000","7800000.0000","-2.9714","0.0100","-9.0563","4.4441"
"7.850","8.1628","14","0.0715","0.4448","-0.3236","56.1942","22.3752","10.2206","1859.5001","0.6120","5.8062","45.50446416","-75.54471922","39.3547","17.3023","33.4344","40.0781","2.0000","0.2242","-0.8494","-0.5637","-0.6588","23.6281","4283.8335","10.1385","9.9974","22.4500","1.0214","1.2398","1.2142","7850000.0000","7850000.0000","-0.3886","5.6026","-5.2938","5.7109"
"7.900","8.8999","14","0.0833","0.4600","-0.3914","57.3660","23.1922","10.2136","1854.5001","0.6120","6.1075","45.50446487","-75.54471763","39.3734","17.5102","33.3187","40.7125","2.0000","0.3494","-0.8447","-0.3145","-0.7939","25.7656","4295.9229","11.1650","10.7750","22.6154","1.1403","1.2524","1.2087","7900000.0000","7900000.0000","1.0804","10.3932","-5.2298","6.2931"
"7.950","9.6406","14","0.0956","0.4715","-0.4553","58.5024","24.0660","10.2067","1849.4999","0.6120","6.3756","45.50446558","-75.54471601","39.2391","18.2773","32.9094","40.6734","2.0000","0.4714","-0.9104","-0.1602","-0.8939","27.5203","4341.5273","11.7683","11.3902","22.7802","1.2691","1.2185","1.1486","7950000.0000","7950000.0000","-1.2780","9.3687","-4.5227","2.2532"
"8.000","10.4134","14","0.1120","0.4487","-0.4838","59.3188","25.4504","10.2008","1844.4999","0.6120","6.5120","45.50446634","-75.54471408","39.2172","18.5875","32.6953","40.6859","2.0000","0.5421","-0.9888","-0.0155","-1.1342","28.8094","4424.7778","12.4125","11.3525","22.8889","1.4079","1.1902","1.0886","8000000.0000","8000000.0000","-2.1377","5.2770","-4.1520","-0.9259"
"8.050","11.1787","14","0.1293","0.4267","-0.5096","60.2704","26.9776","10.1946","1840.0000","0.6102","6.5949","45.50446709","-75.54471212","39.2359","18.6336","32.6250","40.8547","2.0000","0.2654","-0.9714","0.0959","-1.4259","30.0656","4513.1616","13.0974","13.1179","22.9899","1.5587","1.1705","1.1328","8050000.0000","8050000.0000","0.6169","2.7958","-8.9895","1.2922"
"8.100","11.8762","14","0.1547","0.4108","-0.5121","62.4378","29.7890","10.1860","1840.0000","0.5922","6.3452","45.50446775","-75.54470988","39.2156","18.9461","31.7141","40.8438","2.0000","0.2940","-0.9414","0.0492","-1.6230","31.7500","4552.0000","13.9850","13.9950","23.1000","1.7192","1.1762","1.1770","8100000.0000","8100000.0000","1.9836","2.2481","-12.8695","4.1387"
"8.150","12.5682","14","0.1806","0.3956","-0.5185","64.5887","32.6465","10.1773","1839.5000","0.5760","6.1272","45.50446840","-75.54470761","39.2641","18.9672","31.3773","41.1250","2.0000","0.2116","-0.9829","-0.2260","-1.6248","33.7875","4588.7583","14.6200","15.6200","23.2110","1.8889","1.1631","1.1594","8150000.0000","8150000.0000","0.8257","2.4010","-2.5549","1.7778"
"8.200","13.2104","14","0.2118","0.3858","-0.5591","66.5915","35.9176","10.1686","1834.5000","0.5760","5.8537","45.50446899","-75.54470512","39.4672","19.0312","31.9531","41.0062","2.0000","0.0649","-1.0613","-0.4961","-1.5910","35.8125","4656.3408","15.5100","15.0975","23.3209","2.0675","1.1729","1.1417","8200000.0000","8200000.0000","3.4190","2.6002","14.1370","-3.0882"
"8.250","13.8469","14","0.2433","0.3766","-0.6006","68.5471","39.1794","10.1594","1829.5000","0.5760","5.6249","45.50446958","-75.54470262","39.7094","19.2430","32.4391","40.7422","2.0000","0.4741","-0.9924","-0.5688","-1.7203","37.8719","4724.6567","16.1538","15.9590","23.4848","2.2561","1.1658","1.1660","8250000.0000","8250000.0000","9.9292","1.8175","13.7266","-5.6373"
"8.300","14.4312","14","0.2774","0.3720","-0.6504","70.0787","42.3577","10.1464","1824.5000","0.5760","5.4224","45.50447015","-75.54469993","40.1141","19.2188","32.6828","40.5938","2.0000","0.7047","-0.9569","-0.6911","-1.9227","40.1250","4794.8584","16.8550","17.1900","23.7879","2.4528","1.1670","1.1902","8300000.0000","8300000.0000","12.1705","-0.0719","-5.1303","-5.1754"
"8.350","15.0275","14","0.3104","0.3676","-0.6948","71.7230","45.3426","10.1333","1820.0001","0.5760","5.2747","45.50447071","-75.54469721","40.9828","19.2258","32.4188","40.3391","2.0000","0.6548","-0.9136","-0.8564","-1.9931","42.3500","4852.0000","17.8600","18.6800","24.0833","2.6574","1.1849","1.1126","8350000.0000","8350000.0000","9.0510","-0.4897","-15.4734","-2.1328"
"8.400","15.7313","14","0.3337","0.3649","-0.6912","74.3808","46.5855","10.1200","1820.0001","0.5760","5.3744","45.50447115","-75.54469429","41.0281","19.2188","31.5789","40.1578","2.0000","0.4711","-0.9602","-0.8661","-1.7612","44.0844","4878.6665","18.1125","16.2950","24.3611","2.8707","1.1503","1.0349","8400000.0000","8400000.0000","7.6327","1.0465","-4.7874","0.4499"
"8.450","16.4279","14","0.3554","0.3616","-0.6914","77.1280","47.6262","10.1072","1819.5000","0.5760","5.4898","45.50447156","-75.54469134","41.6469","19.2117","31.5492","40.2719","2.0000","0.1950","-0.9646","-0.6425","-1.0883","45.2547","4935.0557","18.8821","19.0410","24.5833","3.0948","1.1487","1.0890","8450000.0000","8450000.0000","6.1772","0.9124","8.8596","-4.0414"
"8.500","17.0598","14","0.3636","0.3521","-0.7256","80.6795","46.8459","10.0984","1814.5000","0.5760","5.7959","45.50447171","-75.54468811","41.6875","19.2188","32.4844","40.0812","2.0000","0.0944","-0.9294","-0.5663","-0.1189","45.7859","5021.1665","19.4900","19.5150","24.7500","3.3277","1.1416","1.1431","8500000.0000","8500000.0000","-1.3537","-1.4176","7.6227","-13.3681"
"8.550","17.6696","14","0.3710","0.3436","-0.7540","83.9703","45.9931","10.0891","1809.5000","0.5760","6.1144","45.50447186","-75.54468487","41.2172","19.2102","32.4391","38.7500","2.0000","0.2418","-0.8997","-0.8035","0.8796","45.7516","5017.4443","19.8800","19.7400","24.9167","3.5687","1.1254","1.1864","8550000.0000","8550000.0000","-9.5328","-1.1986","-1.8019","-14.2504"
"8.600","18.0796","14","0.3713","0.3436","-0.7298","84.9152","44.4868","10.0745","1804.5000","0.5760","6.4681","45.50447206","-75.54468155","41.2484","19.2180","31.9641","38.6891","2.0000","0.3916","-0.8842","-1.1417","1.7050","45.5172","4975.2222","20.8175","22.2425","25.0833","3.8166","1.1509","1.2297","8600000.0000","8600000.0000","-5.9282","2.2199","-6.6173","-1.5509"
"8.650","18.5088","14","0.3729","0.3439","-0.7135","85.9433","43.1446","10.0598","1800.0000","0.5760","6.8277","45.50447224","-75.54467820","40.7578","19.2641","31.9328","39.1969","2.0000","0.5526","-0.9758","-1.4466","2.2941","45.3547","4926.0000","21.6128","20.8179","25.2484","4.0712","1.1665","1.1920","8650000.0000","8650000.0000","4.8835","1.8436","-7.2472","9.1643"
"8.700","19.1104","14","0.3865","0.3463","-0.7673","87.7202","43.2791","10.0457","1800.0000","0.5760","7.0277","45.50447224","-75.54467460","41.0922","19.2812","31.2563","38.8984","2.0000","0.1568","-1.0896","-1.3713","2.7678","45.5375","4874.0605","22.2300","22.0750","25.4081","4.3329","1.1625","1.1544","8700000.0000","8700000.0000","4.3308","-2.3638","-2.7084","0.9308"
"8.750","19.7096","14","0.3995","0.3475","-0.8170","89.6082","43.3427","10.0313","1799.5000","0.5760","7.2374","45.50447220","-75.54467099","41.2812","19.3438","32.0312","38.9922","2.0000","0.0733","-1.1145","-1.3078","3.1929","46.4297","4799.8184","23.0600","23.5600","25.5091","4.6024","1.1702","1.1435","8750000.0000","8750000.0000","-5.2146","-0.4354","11.3804","-16.2735"
"8.800","20.2861","14","0.4065","0.3385","-0.8293","92.4950","42.7682","10.0153","1794.5000","0.5760","7.5491","45.50447183","-75.54466728","41.1000","19.3430","32.2734","38.2094","2.0000","0.5061","-1.0580","-1.5965","3.3063","47.4391","4729.2222","24.5925","22.9900","25.6111","4.8798","1.2116","1.1326","8800000.0000","8800000.0000","-1.5313","8.8394","18.4980","-16.2442"
"8.850","20.8855","14","0.4135","0.3301","-0.8426","95.2679","42.2059","9.9997","1789.5000","0.5760","7.8757","45.50447146","-75.54466354","40.9594","19.8227","32.9141","37.3469","2.0000","0.7589","-0.9754","-1.9625","2.4776","47.5234","4691.4443","24.2436","23.0231","25.7222","5.1665","1.1595","1.1252","8850000.0000","8850000.0000","19.1248","9.3147","-1.5413","4.0105"
"8.900","21.6911","14","0.4204","0.3282","-0.8646","97.0142","41.7542","9.9879","1784.5000","0.5760","8.2680","45.50447099","-75.54465954","42.6875","20.2195","32.2594","38.1906","2.0000","0.3568","-0.8822","-1.6958","0.8500","46.7203","4745.1665","24.1000","24.2650","25.8833","5.4627","1.1102","1.1178","8900000.0000","8900000.0000","26.4913","-4.7228","-28.9915","16.0784"
"8.950","22.4453","14","0.4298","0.3276","-0.8842","98.8545","41.5329","9.9762","1780.0000","0.5760","8.6011","45.50447048","-75.54465554","43.6422","19.4117","31.0000","39.1188","2.0000","-0.1708","-1.0375","-1.2557","-0.1461","45.9000","5012.3887","24.8200","25.8400","26.1611","5.7688","1.1060","1.1507","8950000.0000","8950000.0000","3.1018","-14.8492","-20.1095","1.4281"
"9.000","22.7365","14","0.4611","0.3394","-0.8830","101.5405","43.3854","9.9651","1780.0000","0.5760","8.3406","45.50446962","-75.54465151","42.6312","18.9523","30.1992","38.1016","2.0000","-0.2203","-1.1663","-1.3368","0.2440","45.5531","5167.9443","25.5325","26.9175","26.5222","6.0821","1.1227","1.1836","9000000.0000","9000000.0000","-21.2376","-5.0325","19.9813","-16.1256"
"9.050","23.0573","14","0.4920","0.3504","-0.8814","104.1427","45.1831","9.9542","1779.5000","0.5760","8.1218","45.50446874","-75.54464747","41.4344","19.0250","32.5687","37.0547","2.0000","0.0753","-1.1127","-1.7687","1.0207","45.2531","5211.8335","26.7154","27.4590","26.9667","6.4005","1.1575","1.1564","9050000.0000","9050000.0000","-13.5297","12.1196","38.2752","-8.6089"
"9.100","23.6447","14","0.5199","0.3545","-0.8763","105.9911","46.4871","9.9452","1774.5000","0.5760","8.0951","45.50446766","-75.54464330","42.3578","20.1117","33.7031","38.1188","2.0000","0.3567","-0.9602","-2.1493","1.0724","44.6406","5285.2778","26.7750","26.7150","27.3722","6.7253","1.1318","1.1293","9100000.0000","9100000.0000","11.7877","13.8722","12.9696","13.4531"
"9.150","24.2499","14","0.5411","0.3556","-0.8740","107.8623","47.2200","9.9354","1769.5000","0.5760","8.1734","45.50446656","-75.54463912","42.6422","20.1320","33.9437","38.7281","2.0000","0.2841","-0.8008","-2.5670","0.2624","43.7562","5371.3887","27.3200","26.1600","27.7611","7.0580","1.1254","1.1027","9150000.0000","9150000.0000","16.0541","1.8009","-20.1346","14.7329"
"9.200","25.0140","14","0.5022","0.3296","-0.8954","109.9395","42.8136","9.9180","1764.5000","0.5760","9.2987","45.50446525","-75.54463480","42.4422","20.1242","31.9758","37.9531","2.0000","0.3234","-0.9047","-2.6902","-0.8600","42.7687","5513.5000","27.6200","26.9325","27.9500","7.3998","1.1035","1.0760","9200000.0000","9200000.0000","-1.8754","-4.0518","-22.6018","-7.4590"
"9.250","25.7215","14","0.4636","0.3063","-0.9108","112.0420","38.4859","9.9019","1760.0000","0.5760","10.6369","45.50446390","-75.54463049","42.8828","20.1180","31.6719","38.1047","2.0000","0.4642","-1.0850","-2.2443","-1.4397","41.5625","5648.7222","28.4564","28.2282","28.1111","7.7528","1.1071","1.0870","9250000.0000","9250000.0000","-11.2291","0.3938","-1.0665","-17.2842"
"9.300","25.9194","14","0.4281","0.3082","-0.8720","114.3728","34.8660","9.8976","1760.0000","0.5760","11.8316","45.50446227","-75.54462628","42.6937","20.0789","32.8016","37.9766","2.0000","0.3422","-1.1022","-1.7035","-1.3293","39.0875","5665.9443","28.7650","28.4650","28.2222","8.1113","1.1096","1.0980","9300000.0000","9300000.0000","-0.8550","2.8826","14.3817","2.6986"
"9.350","26.1741","14","0.3938","0.3103","-0.8396","116.5232","31.3618","9.8922","1759.5000","0.5778","13.2828","45.50446064","-75.54462204","41.9750","20.1164","32.3906","37.7891","2.0000","0.2480","-1.0078","-1.1550","-1.0919","34.9906","5698.6665","28.9800","28.8400","28.3667","8.4734","1.1059","1.0980","9350000.0000","9350000.0000","4.0053","-0.9830","13.5647","25.2922"
"9.400","26.9389","14","0.3699","0.3136","-0.8644","117.0501","28.8978","9.8774","1754.5000","0.5958","14.8366","45.50445898","-75.54461755","42.1172","20.1398","33.3844","39.0359","2.0000","-0.0225","-0.9967","-0.4010","-1.1248","30.2938","5767.5557","29.4150","29.5925","28.5889","8.8422","1.0913","1.0979","9400000.0000","9400000.0000","-10.6403","-2.3056","2.7338","20.7395"
"9.450","27.6745","14","0.3445","0.3163","-0.8939","117.5993","26.3397","9.8611","1750.0000","0.6138","16.7220","45.50445730","-75.54461307","42.1063","20.1875","33.3750","40.6688","2.0000","0.2367","-0.8381","0.2456","-1.3628","26.1000","5828.3887","30.0564","29.3000","28.7556","9.2223","1.0862","1.0761","9450000.0000","9450000.0000","-22.5682","2.3734","-10.0258","3.6845"
"9.500","28.1472","14","0.3054","0.3133","-0.9658","118.3477","22.9353","9.8310","1750.0000","0.6318","19.5322","45.50445545","-75.54460866","40.1406","20.2789","32.1922","39.8937","2.0000","0.4242","-0.8611","0.5462","-1.9312","22.9188","5881.1665","30.2000","29.6850","28.8667","9.6101","1.0726","1.0543","9500000.0000","9500000.0000","-11.7809","6.9128","-15.3377","3.0836"
"9.550","28.6235","14","0.2713","0.3089","-1.0320","119.1581","19.9149","9.8025","1749.5000","0.6480","22.8751","45.50445358","-75.54460424","39.9359","20.8750","31.8594","39.9297","2.0000","0.4114","-1.0481","0.8302","-2.7629","21.0609","5994.2222","30.2800","30.1600","28.9778","10.0043","1.0576","1.0524","9550000.0000","9550000.0000","5.8976","5.9009","-11.7567","12.8103"
"9.600","29.1322","14","0.2828","0.2918","-1.0470","120.5262","20.3507","9.7883","1744.5000","0.6480","22.7831","45.50445147","-75.54459974","41.3875","20.8742","30.9406","41.6875","2.0000","0.3273","-1.2671","1.2671","-3.1405","20.5023","6133.1113","30.6250","30.6125","29.0889","10.4052","1.0509","1.0504","9600000.0000","9600000.0000","6.5834","2.1910","-11.4969","7.5581"
"9.650","29.6345","14","0.2938","0.2769","-1.0602","121.8878","20.7559","9.7747","1740.0000","0.6480","22.7235","45.50444933","-75.54459525","40.7609","20.8836","30.6758","41.2266","2.0000","0.4668","-1.1906","1.5394","-2.7544","20.7727","6256.5000","31.6000","31.2410","29.1500","10.8138","1.0661","1.0622","9650000.0000","9650000.0000","-4.1617","-1.2140","-12.1042","-7.4815"
"9.700","30.0792","14","0.3006","0.2817","-1.0579","123.1906","20.8858","9.7669","1740.0000","0.6480","22.9211","45.50444703","-75.54459081","40.3688","20.8906","30.4398","40.1453","2.0000","0.4209","-1.0156","1.5421","-1.8929","21.5656","6383.4443","32.1500","32.3150","29.2222","11.2287","1.0685","1.0740","9700000.0000","9700000.0000","-5.0273","-1.0455","5.0275","-11.3745"
"9.750","30.5341","14","0.3111","0.2868","-1.0552","124.4819","21.2593","9.7587","1740.0000","0.6498","22.8589","45.50444471","-75.54458638","40.6109","20.8750","31.2484","40.0828","2.0000","0.5051","-1.0020","1.3617","-0.8754","22.6852","6557.8887","33.0000","32.7400","29.4444","11.6497","1.0807","1.0914","9750000.0000","9750000.0000","2.7890","1.9281","31.8970","-7.4225"
"9.800","31.0796","14","0.3549","0.2946","-1.0500","125.6696","23.8254","9.7470","1740.0000","0.6678","20.7613","45.50444225","-75.54458197","40.6484","20.9047","32.3953","39.7281","2.0000","0.5033","-0.9441","1.1380","-0.0916","23.7594","6701.1665","34.2025","34.4750","29.7000","12.0773","1.1001","1.1089","9800000.0000","9800000.0000","5.9720","1.2003","25.4521","-10.9604"
"9.850","31.6216","14","0.3998","0.3002","-1.0443","126.8703","26.4392","9.7343","1739.5000","0.6858","19.0351","45.50443975","-75.54457756","41.0984","20.9219","33.5938","39.3094","2.0000","0.2527","-0.9877","0.6474","0.2919","24.6766","6771.7222","34.1590","33.6410","30.0333","12.5134","1.0800","1.0859","9850000.0000","9850000.0000","4.4036","-9.3627","-23.3456","-14.4158"
"9.900","32.1325","14","0.4539","0.2849","-1.0330","128.1886","29.4827","9.7130","1734.5001","0.7038","17.3460","45.50443693","-75.54457309","41.2219","20.0187","30.7578","38.5391","2.0000","0.2238","-1.1286","-0.3210","0.7381","25.5898","6861.1665","34.2950","34.1650","30.3111","12.9564","1.0670","1.0629","9900000.0000","9900000.0000","6.0577","-20.2507","-48.7521","-7.8052"
"9.950","32.6371","15","0.5015","0.2724","-1.0226","129.5603","32.1111","9.6931","1730.0000","0.7200","16.1762","45.50443409","-75.54456866","41.2125","19.0391","29.1203","37.8922","2.0000","0.1773","-1.1906","-1.1821","1.8173","26.5820","6969.5000","35.2600","35.7400","30.5333","13.4061","1.0798","1.0826","9950000.0000","9950000.0000","3.8370","-14.8488","-3.4336","-5.8131"
"10.000","33.0841","15","0.4910","0.2859","-1.0196","131.4136","31.0046","9.6859","1730.0000","0.7200","16.9830","45.50443107","-75.54456447","42.0500","18.9531","31.0070","38.1125","2.0000","0.1229","-1.0506","-1.5457","3.2055","27.3687","7089.8887","35.7225","36.4800","30.8333","13.8622","1.0795","1.1023","10000000.0000","10000000.0000","-5.1161","3.9623","52.5533","-16.2221"
"10.050","33.5287","15","0.4821","0.2977","-1.0149","133.2257","29.9954","9.6783","1730.0000","0.7182","17.7902","45.50442804","-75.54456030","40.9281","19.2000","33.3063","36.8750","2.0000","0.2230","-0.9541","-1.6062","3.3848","27.3281","7215.4443","36.6282","35.9821","31.1667","14.3253","1.0922","1.0940","10050000.0000","10050000.0000","-7.4544","14.9517","34.2506","-12.1804"
"10.100","33.9506","15","0.4874","0.2943","-0.9941","134.6673","29.8630","9.6670","1730.0000","0.7002","18.0940","45.50442480","-75.54455616","40.8953","20.1258","33.6016","36.4984","2.0000","0.3966","-0.8115","-1.1050","1.8285","26.7781","7266.0000","36.6450","36.8650","31.4500","14.7941","1.0791","1.0856","10100000.0000","10100000.0000","4.0912","8.3592","-33.9929","19.9280"
"10.150","34.3912","15","0.4930","0.2916","-0.9734","136.1120","29.7522","9.6553","1729.5001","0.6840","18.3971","45.50442153","-75.54455203","41.7313","20.1250","30.6063","38.9656","2.0000","0.2550","-0.8185","-0.3463","0.0258","26.5359","7315.4443","37.3200","37.0000","31.7222","15.2688","1.0843","1.0689","10150000.0000","10150000.0000","10.5052","-0.8797","-59.8797","40.7553"
"10.200","34.9989","15","0.5017","0.2962","-0.9540","137.5842","29.8365","9.6396","1724.4999","0.6840","18.6693","45.50441795","-75.54454798","41.4594","20.1539","28.4469","40.5047","2.0000","0.0792","-0.9371","-0.1498","-0.4528","26.5312","7429.8887","38.0975","36.8400","31.9444","15.7505","1.0882","1.0522","10200000.0000","10200000.0000","-3.6383","3.9184","-16.1318","17.2596"
"10.250","35.5894","15","0.5092","0.2992","-0.9366","139.0418","29.8529","9.6245","1720.0000","0.6822","18.9738","45.50441436","-75.54454394","41.3438","20.3492","29.3117","40.0250","2.0000","0.0529","-0.9889","0.0614","0.2046","26.0781","7515.3335","38.1692","38.3436","32.2833","16.2413","1.0724","1.0524","10250000.0000","10250000.0000","-19.7517","15.2776","32.0712","-19.4552"
"10.300","36.0234","15","0.5062","0.2874","-0.9364","140.3680","29.2580","9.6143","1720.0000","0.6642","19.5957","45.50441060","-75.54454001","39.5219","21.5602","29.9945","38.6031","2.0000","0.1643","-0.8615","0.9055","0.6711","24.8594","7533.1113","38.4900","37.9250","32.8944","16.7388","1.0682","1.0525","10300000.0000","10300000.0000","-13.5618","14.7502","27.4076","-17.7079"
"10.350","36.4656","15","0.5033","0.2757","-0.9351","141.6869","28.6681","9.6034","1719.4999","0.6480","20.2444","45.50440681","-75.54453609","40.2797","21.5484","31.8547","38.8484","2.0000","0.1560","-0.9455","1.7968","0.4521","23.3625","7596.1665","38.4800","38.9000","33.4778","17.2423","1.0553","1.0574","10350000.0000","10350000.0000","7.5589","0.1167","-12.6436","10.7177"
"10.400","36.9800","15","0.5001","0.2647","-0.9242","142.9394","28.1236","9.5847","1714.5000","0.6480","20.9275","45.50440281","-75.54453227","40.7109","21.5320","30.1266","39.9047","2.0000","0.0772","-1.0560","2.0475","0.2774","22.6344","7704.5000","39.2175","39.2900","34.0333","17.7521","1.0602","1.0622","10400000.0000","10400000.0000","14.6615","-12.0358","-31.8671","12.5709"
"10.450","37.4705","15","0.4980","0.2540","-0.9099","144.2340","27.6439","9.5682","1710.0000","0.6480","21.5730","45.50439879","-75.54452848","40.9313","20.7492","28.8125","39.0797","2.0000","0.0362","-1.0660","1.6155","1.0104","23.1906","7828.0000","39.9564","39.2385","34.5889","18.2696","1.0665","1.0622","10450000.0000","10450000.0000","2.4039","-10.9502","-13.3950","-18.8095"
"10.500","37.7459","15","0.5058","0.2464","-0.8642","145.9082","27.7481","9.5706","1710.0000","0.6480","21.6500","45.50439460","-75.54452495","41.0359","20.2422","28.8203","38.6500","2.0000","-0.0031","-1.1019","0.8068","2.5832","24.5406","7958.0000","40.4300","40.1000","35.1444","18.7920","1.0710","1.0622","10500000.0000","10500000.0000","-9.3305","-3.9391","12.3187","-35.9289"
"10.550","38.0246","15","0.5155","0.2390","-0.8225","147.5618","27.9563","9.5719","1710.0000","0.6480","21.6474","45.50439038","-75.54452147","40.4109","20.2938","29.2906","36.4703","2.0000","0.0209","-1.0629","0.2682","3.9252","25.9813","8058.5000","40.8600","42.0200","36.2500","19.3182","1.0743","1.0697","10550000.0000","10550000.0000","-7.1297","0.6465","18.7306","-15.6859"
"10.600","38.3324","15","0.5425","0.2330","-0.8160","149.0294","29.1013","9.5623","1710.0000","0.6480","20.9640","45.50438598","-75.54451830","40.7438","20.3289","30.9352","37.2266","2.0000","0.1456","-0.9552","-0.1442","4.2320","27.0438","8153.5000","41.0100","41.3000","37.4056","19.8483","1.0697","1.0772","10600000.0000","10600000.0000","2.7535","1.7121","11.1686","9.7471"
"10.650","38.6634","15","0.5689","0.2269","-0.8076","150.5092","30.2079","9.5522","1709.5000","0.6462","20.3704","45.50438154","-75.54451516","40.1391","20.3891","30.6922","36.9688","2.0000","0.1491","-0.8528","-0.5366","3.5195","27.6469","8228.5000","41.4846","41.4692","38.4611","20.3834","1.0724","1.0694","10650000.0000","10650000.0000","11.9828","0.1372","6.8719","8.8616"
"10.700","39.2029","15","0.5891","0.2202","-0.7817","152.0975","30.9698","9.5366","1704.5000","0.6282","20.1465","45.50437687","-75.54451218","42.1797","20.3906","31.0594","37.3266","2.0000","0.1984","-0.8276","-0.8207","2.5430","28.0469","8326.6670","41.9200","41.6250","39.5000","20.9245","1.0690","1.0615","10700000.0000","10700000.0000","16.3727","-6.9442","8.0352","-8.3261"
"10.750","39.7300","15","0.6091","0.2163","-0.7550","153.6570","31.7218","9.5230","1700.0000","0.6120","19.9334","45.50437219","-75.54450922","42.1859","19.4078","31.8195","36.9359","2.0000","0.2372","-0.9182","-1.5847","2.0172","28.6469","8478.8887","42.5800","42.6000","40.5000","21.4726","1.0716","1.0708","10750000.0000","10750000.0000","13.7427","-17.9753","2.3485","-15.4692"
"10.800","40.1468","15","0.6275","0.2373","-0.7202","154.9566","32.3847","9.5271","1700.0000","0.6120","19.7302","45.50436740","-75.54450638","42.6688","19.0250","31.2445","35.8281","2.0000","0.1256","-1.1338","-2.7672","2.2371","29.9750","8648.8887","43.3829","43.3683","41.5556","22.0270","1.0804","1.0800","10800000.0000","10800000.0000","5.8574","-19.8437","-7.1343","-8.1288"
"10.850","40.5494","15","0.6444","0.2578","-0.6859","156.3275","32.9673","9.5308","1699.5000","0.6120","19.5759","45.50436259","-75.54450361","42.6203","18.1703","31.2062","35.9641","2.0000","0.0456","-1.1182","-4.0379","2.9193","31.9922","8836.6670","45.0282","45.0667","42.6667","22.5878","1.1105","1.1033","10850000.0000","10850000.0000","-3.1554","2.3557","-0.0641","-1.7968"
"10.900","40.8252","15","0.6485","0.2730","-0.6554","158.3396","32.8271","9.5304","1694.5000","0.6120","19.7932","45.50435752","-75.54450136","42.5563","19.4742","31.6961","35.6000","2.0000","-0.1140","-0.9350","-4.5445","3.2840","34.0000","9010.4443","45.4300","46.0000","43.3111","23.1530","1.1126","1.1266","10900000.0000","10900000.0000","-9.7062","38.6255","21.7044","-2.5000"
"10.950","41.1408","15","0.6517","0.2895","-0.6234","160.3217","32.6405","9.5303","1690.0001","0.6120","20.0602","45.50435243","-75.54449915","41.7812","21.5789","33.1781","36.0000","2.0000","-0.0474","-0.7356","-4.0654","2.4922","35.1125","9178.2227","46.2600","46.1600","43.7556","23.7225","1.1236","1.1202","10950000.0000","10950000.0000","-9.8788","56.7190","24.3931","5.5220"
"11.000","41.8150","15","0.6470","0.3187","-0.5774","162.0328","32.0368","9.5327","1690.0001","0.6120","20.7732","45.50434714","-75.54449724","41.4031","24.1359","33.4313","36.3672","2.0000","0.2859","-0.6677","-2.8078","0.3926","34.8750","9298.5000","47.1125","46.5875","43.9500","24.2984","1.1263","1.1138","11000000.0000","11000000.0000","-1.5547","34.4036","-12.6625","28.0851"
"11.050","42.4980","15","0.6431","0.3474","-0.5393","163.6905","31.4627","9.5334","1689.5000","0.6138","21.4977","45.50434183","-75.54449534","41.6797","24.1789","31.8984","38.4516","2.0000","0.4156","-1.0440","-1.2961","-1.8016","33.1469","9415.8887","47.8256","46.6923","44.1111","24.8847","1.1249","1.1087","11050000.0000","11050000.0000","8.1813","-15.8022","-54.4632","34.7269"
"11.100","43.2601","15","0.6456","0.3717","-0.5729","164.8675","31.1542","9.5194","1684.5000","0.6318","22.1000","45.50433631","-75.54449358","42.5547","23.1164","28.6516","39.0750","2.0000","0.3906","-1.3033","-0.3731","-2.2457","30.4062","9554.7773","47.9050","47.7600","44.2222","25.4807","1.1070","1.1036","11100000.0000","11100000.0000","3.4972","-47.7949","-47.3048","-2.8547"
"11.150","44.0005","15","0.6454","0.3954","-0.5947","166.0733","30.7158","9.5078","1679.9999","0.6462","22.7990","45.50433077","-75.54449186","41.5141","20.2359","28.2180","38.2062","2.0000","0.3335","-1.3402","-0.5359","-0.5488","27.0719","9628.1670","48.3800","49.1600","44.3167","26.0866","1.0990","1.0928","11150000.0000","11150000.0000","-16.6526","-31.5939","12.5781","-54.4731"
"11.200","44.5459","15","0.6208","0.4121","-0.5101","167.5385","29.1087","9.5175","1679.9999","0.6282","24.3560","45.50432503","-75.54449047","40.8984","20.2945","29.8172","34.4828","2.0000","0.4530","-1.2231","-0.9140","1.6098","23.0625","9548.7227","48.8700","48.2100","44.3722","26.7010","1.0968","1.0820","11200000.0000","11200000.0000","-25.7004","7.9861","63.9558","-49.6891"
"11.250","45.1379","15","0.5958","0.4280","-0.4343","168.9836","27.4890","9.5249","1679.5000","0.6120","26.1338","45.50431927","-75.54448912","39.6672","20.7008","32.9141","34.0219","2.0000","0.5520","-1.0068","-0.6610","2.0279","18.5500","9542.0557","48.3900","48.5800","44.4278","27.3246","1.0711","1.0693","11250000.0000","11250000.0000","-5.1902","22.8112","53.4547","22.2901"
"11.300","46.1498","15","0.5670","0.4368","-0.4377","170.2471","25.7565","9.5119","1674.5000","0.6120","28.5169","45.50431322","-75.54448810","40.5406","21.7672","34.8656","36.7438","2.0000","0.5480","-0.7809","0.1031","0.4517","14.7328","9608.1670","48.8200","48.7800","44.4833","27.9592","1.0574","1.0565","11300000.0000","11300000.0000","17.6676","0.4968","-0.4174","72.1629"
"11.350","47.1155","15","0.5380","0.4419","-0.4411","171.4890","24.0218","9.4992","1670.0000","0.6120","31.2161","45.50430718","-75.54448709","40.6094","20.8867","32.9766","39.6281","2.0000","0.5111","-0.9139","0.3935","-1.2864","12.7984","9722.5000","49.5600","49.3200","44.5389","28.6066","1.0521","1.0479","11350000.0000","11350000.0000","9.3371","-26.0876","-41.3561","32.8388"
"11.400","47.6661","15","0.5066","0.4138","-0.4449","172.5353","22.2663","9.4904","1670.0000","0.6120","34.0708","45.50430110","-75.54448628","41.4688","19.4500","31.2938","39.1266","2.0000","0.4446","-1.0035","-0.0002","-1.6037","12.6641","9857.5000","50.5244","49.5537","44.5944","29.2642","1.0597","1.0394","11400000.0000","11400000.0000","-16.3317","-23.9146","-34.9044","-37.6590"
"11.450","48.2123","15","0.4778","0.3857","-0.4426","173.5755","20.6361","9.4832","1669.5000","0.6102","37.1835","45.50429499","-75.54448550","39.5281","19.1633","30.4047","36.6688","2.0000","0.3836","-0.9775","-0.8221","-0.8679","13.4555","9946.5000","50.9154","50.6846","44.6000","29.9306","1.0559","1.0369","11450000.0000","11450000.0000","-19.2528","-2.5466","0.9649","-45.9515"
"11.500","48.7183","15","0.4727","0.3570","-0.3861","174.5616","20.1331","9.4919","1664.5000","0.5922","38.5125","45.50428869","-75.54448499","39.6844","19.2328","31.0141","35.9641","2.0000","0.2470","-0.8717","-1.4908","-0.3518","14.4328","10032.7773","51.1400","50.4050","44.6056","30.6040","1.0495","1.0344","11500000.0000","11500000.0000","5.3401","6.0762","22.3460","5.5500"
"11.550","49.2242","15","0.4643","0.3297","-0.3336","175.5314","19.5005","9.4996","1660.0000","0.5760","40.1748","45.50428237","-75.54448450","40.4016","19.3008","31.3438","36.9719","2.0000","0.3092","-0.9068","-1.5025","-0.4900","15.2055","10140.5557","51.4200","52.2400","44.6611","31.2842","1.0446","1.0456","11550000.0000","11550000.0000","20.1388","-0.9852","12.6289","40.0998"
"11.600","49.7299","15","0.4260","0.3143","-0.3171","176.3549","17.7014","9.4983","1660.0000","0.5760","44.7126","45.50427596","-75.54448419","41.2516","19.4523","32.7766","38.9344","2.0000","0.2077","-1.0292","-1.0621","-1.0102","15.3250","10232.0000","51.7350","52.5650","44.7000","31.9711","1.0401","1.0568","11600000.0000","11600000.0000","3.4813","-1.4754","-5.3066","22.7160"
"11.650","50.2270","15","0.3874","0.2987","-0.3017","177.1473","15.8961","9.4965","1659.5000","0.5760","50.2884","45.50426955","-75.54448390","40.5250","19.4445","31.1625","38.6484","2.0000","0.1925","-0.9582","-0.2712","-1.5282","14.3047","10285.3330","52.4600","52.1400","44.7000","32.6657","1.0444","1.0448","11650000.0000","11650000.0000","-20.3027","3.3633","-10.6293","-4.9137"
"11.700","50.6480","15","0.3452","0.2816","-0.2960","177.6596","14.0346","9.4898","1654.5000","0.5760","57.4360","45.50426306","-75.54448373","39.3672","19.4383","30.7406","39.2500","2.0000","0.2294","-0.9922","0.4609","-1.7373","12.1187","10317.2773","52.6000","52.3150","44.6722","33.3665","1.0384","1.0327","11700000.0000","11700000.0000","-20.2943","-7.3895","-9.9275","-4.3740"
"11.750","51.0764","15","0.3016","0.2622","-0.2918","178.1550","12.1210","9.4826","1650.0000","0.5760","67.0657","45.50425656","-75.54448357","39.0984","18.4023","30.4117","38.7094","2.0000","0.3009","-0.9433","0.8347","-1.4594","9.5617","10327.8330","52.4400","53.2800","44.6167","34.0729","1.0272","1.0240","11750000.0000","11750000.0000","-2.6789","-27.0773","-11.9064","5.1056"
"11.800","51.5714","15","0.2441","0.2217","-0.3005","178.4980","9.7398","9.4710","1650.0000","0.5760","84.2715","45.50424993","-75.54448349","38.7281","17.5734","30.3484","38.6703","2.0000","0.1895","-1.0019","0.7923","-0.7513","7.6648","10395.9443","53.6950","52.3650","44.4056","34.7855","1.0411","1.0153","11800000.0000","11800000.0000","5.1744","-24.5207","-6.6872","-2.7188"
"11.850","52.0288","15","0.1807","0.1793","-0.3033","178.8349","7.1357","9.4627","1649.5000","0.5760","116.0455","45.50424330","-75.54448342","39.2984","16.6562","29.9867","38.7578","2.0000","-0.1132","-1.1666","0.6137","-0.0256","6.3367","10488.7227","53.6600","53.5400","44.1278","35.5053","1.0317","1.0154","11850000.0000","11850000.0000","-1.1108","-0.0310","9.1949","-7.3862"
"11.900","52.1483","15","0.0637","0.1199","-0.2523","179.1163","2.5265","9.4835","1644.5000","0.5760","328.5027","45.50423669","-75.54448334","38.7531","16.7031","31.2773","38.9188","2.0000","-0.1952","-1.1171","0.7934","-0.2463","4.6645","9975.5000","52.7550","52.9600","37.0000","36.2286","1.0116","1.0156","11900000.0000","11900000.0000","0.5623","2.9252","16.9977","22.0477"
"11.950","52.2556","15","-0.0512","0.0553","-0.2097","179.3484","-1.9953","9.4997","1640.0000","0.5760","416.8231","45.50423008","-75.54448326","39.5031","16.6992","31.5203","40.6766","2.0000","-0.1678","-1.0033","1.5430","-1.7504","1.2596","9429.8330","51.7400","52.2800","28.6111","36.9535","0.9869","0.9848","11950000.0000","11950000.0000","16.3574","-30.0002","5.0436","67.9594"
"12.000","52.2534","15","-0.1475","-0.0569","-0.2429","179.1375","-5.7304","9.4753","1640.0000","0.5760","145.1272","45.50422350","-75.54448307","40.2375","13.7801","31.1164","45.0047","2.0000","-0.2781","-1.0364","2.1520","-3.5898","-5.1656","9198.1670","44.6300","49.8500","15.7222","37.6792","0.8541","0.9540","12000000.0000","12000000.0000","26.8457","-53.4664","-4.5716","78.1417"
"12.050","52.1301","15","-0.2397","-0.1679","-0.2702","178.7467","-9.3109","9.4539","1640.0000","0.5760","89.1076","45.50421697","-75.54448280","41.6312","11.8211","31.3312","47.5969","2.0000","-0.5209","-1.1059","2.0615","-4.3605","-14.0086","9016.8330","45.8400","48.7800","5.6000","38.4038","0.8803","0.9436","12050000.0000","12050000.0000","17.9515","-33.2602","5.7825","39.1124"
"12.100","50.9159","15","-0.2942","-0.2677","-0.2448","176.7370","-11.4999","9.4590","1640.0000","0.5760","70.4659","45.50421089","-75.54448176","42.0109","11.2141","31.5172","48.1891","2.0000","-0.6768","-1.0352","1.3463","-3.6574","-22.1812","8952.9443","43.2300","47.5100","1.9333","39.1185","0.8490","0.9331","12100000.0000","12100000.0000","2.5387","-1.0041","14.9792","-3.9398"
"12.150","49.7327","15","-0.3473","-0.3646","-0.2218","174.8757","-13.6506","9.4629","1639.5000","0.5760","57.9845","45.50420483","-75.54448073","41.9656","11.3266","32.5438","47.8344","2.0000","-0.5810","-0.6386","0.4985","-2.4465","-25.4641","8881.2773","43.6600","46.8600","0.0722","39.8180","0.8784","0.9301","12150000.0000","12150000.0000","-2.8797","4.7522","-4.0515","-15.1602"
"12.200","48.8276","15","-0.3879","-0.4349","-0.2192","174.3499","-15.4561","9.4554","1634.5000","0.5760","50.2788","45.50419892","-75.54447981","41.7781","11.3516","30.9992","46.9359","2.0000","-0.4526","-0.5792","-0.0934","-1.5670","-22.1187","8801.8330","45.4350","45.2700","0.0167","40.5034","0.9305","0.9271","12200000.0000","12200000.0000","-1.5702","-3.0773","-33.2786","-9.2647"
"12.250","47.9426","15","-0.4295","-0.5003","-0.2137","173.8891","-17.3218","9.4491","1630.0000","0.5760","44.0502","45.50419304","-75.54447891","41.5781","11.3281","29.6758","46.8672","2.0000","-0.4882","-1.0067","-0.4778","-0.9583","-14.5320","8792.0000","44.2600","44.6700","0.0000","41.1747","0.9230","0.9333","12250000.0000","12250000.0000","-4.5223","2.3271","-29.9904","-8.4309"
"12.300","47.2374","15","-0.4796","-0.5216","-0.1824","174.0131","-19.7286","9.4542","1630.0000","0.5760","38.1075","45.50418728","-75.54447811","41.4281","11.5305","28.9102","46.3547","2.0000","-0.3924","-1.2228","-0.4132","-0.2547","-7.8000","8812.0000","44.1250","44.3800","0.0000","41.8356","0.9341","0.9395","12300000.0000","12300000.0000","-11.4837","13.3295","9.7374","-10.2499"
"12.350","46.5086","15","-0.5304","-0.5382","-0.1500","173.9693","-22.1860","9.4604","1629.5000","0.5760","33.3637","45.50418155","-75.54447725","40.7578","12.3457","30.7422","46.0687","2.0000","-0.2490","-1.0072","0.1809","0.5863","-6.3961","8708.5000","43.7400","44.1200","0.0000","42.4866","0.9401","0.9589","12350000.0000","12350000.0000","-12.4996","10.9468","50.8409","-4.8829"
"12.400","45.5660","15","-0.5869","-0.5123","-0.1083","172.4158","-25.0995","9.4779","1624.5000","0.5760","28.8933","45.50417613","-75.54447580","39.9906","12.5918","33.0922","45.8359","2.0000","-0.1977","-0.8780","0.8698","1.1949","-10.6313","8582.4443","42.3400","44.5800","0.0000","43.1267","0.9292","0.9784","12400000.0000","12400000.0000","-8.2280","2.6193","61.8698","2.0877"
"12.450","44.6553","15","-0.6434","-0.4857","-0.0704","170.7937","-28.0339","9.4938","1620.0000","0.5778","25.3518","45.50417073","-75.54447429","40.0375","12.6703","36.4000","46.1641","2.0000","-0.2201","-0.8536","1.1741","1.0808","-18.0773","8376.8887","40.8400","43.9600","0.0000","43.7525","0.9142","0.9795","12450000.0000","12450000.0000","-2.0511","1.6608","40.3339","6.2571"
"12.500","44.0305","15","-0.7002","-0.4531","-0.0678","168.5552","-31.1573","9.4949","1620.0000","0.5958","22.4913","45.50416559","-75.54447220","39.9859","12.6727","36.9766","46.7016","2.0000","-0.3142","-0.9543","0.9154","0.1077","-25.7906","8180.6665","39.8350","43.1800","0.2000","44.3683","0.9047","0.9807","12500000.0000","12500000.0000","2.8217","-1.9732","11.6880","12.5257"
"12.550","43.4080","15","-0.7583","-0.4194","-0.0639","166.2909","-34.3556","9.4954","1620.0000","0.6120","20.1091","45.50416047","-75.54447005","40.2531","12.2672","37.9547","47.4641","2.0000","-0.4303","-0.9992","0.0153","-0.9888","-32.5367","8006.2222","38.6600","43.1600","0.8667","44.9757","0.8910","0.9783","12550000.0000","12550000.0000","4.7414","-13.3635","-1.5433","14.1296"
"12.600","42.8061","15","-0.8276","-0.3765","-0.0476","163.7947","-38.2287","9.4904","1620.0000","0.6120","17.8212","45.50415557","-75.54446736","40.2766","11.9398","37.5328","47.7516","2.0000","-0.4650","-1.0272","-1.3172","-1.3924","-37.8328","7848.4443","37.8800","41.7750","1.5056","45.5750","0.8849","0.9759","12600000.0000","12600000.0000","2.9828","-15.2580","0.1136","0.8272"
"12.650","42.1776","15","-0.8955","-0.3369","-0.0294","161.3134","-42.0464","9.4872","1619.5000","0.6120","15.9652","45.50415072","-75.54446462","40.5344","10.9082","37.2828","47.4047","2.0000","-0.5029","-0.9037","-2.6700","-1.2619","-40.6266","7707.3335","37.3500","41.0900","2.1167","46.1646","0.8858","0.9700","12650000.0000","12650000.0000","0.9538","-2.2014","-6.5441","-13.0444"
"12.700","41.3098","15","-0.9505","-0.3265","0.0050","158.9651","-45.3655","9.4992","1614.5000","0.6120","14.4926","45.50414624","-75.54446145","40.5578","11.0230","36.3812","47.2188","2.0000","-0.5246","-0.8083","-3.6286","-1.2088","-39.8344","7575.5557","37.2200","39.8300","2.4944","46.7440","0.9010","0.9642","12700000.0000","12700000.0000","3.2904","2.0498","-33.2713","-4.2324"
"12.750","40.4585","15","-0.9784","-0.3191","0.0334","156.7364","-47.3452","9.5086","1610.0000","0.6120","13.6005","45.50414178","-75.54445830","40.7656","11.0156","34.1125","47.0547","2.0000","-0.4780","-0.8138","-4.1143","-1.3930","-35.1562","7447.7778","37.1600","39.0400","2.7722","47.3121","0.9185","0.9631","12750000.0000","12750000.0000","6.6539","-6.7423","-56.3581","7.7512"
"12.800","39.7571","15","-0.7614","-0.3391","0.0072","155.5835","-37.2697","9.4940","1610.0000","0.6120","16.9777","45.50413749","-75.54445523","40.8078","10.9340","31.8781","46.6344","2.0000","-0.4561","-0.9080","-4.7314","-1.2979","-27.3547","7387.0000","37.1951","38.2463","2.9000","47.8699","0.9356","0.9620","12800000.0000","12800000.0000","7.0161","0.3756","-47.5596","-17.2761"
"12.850","39.0458","15","-0.5338","-0.3615","-0.0187","154.5328","-26.5851","9.4806","1610.0000","0.6120","23.3752","45.50413321","-75.54445218","42.0312","11.1316","29.9469","45.5047","2.0000","-0.4406","-0.9153","-5.9018","-0.5701","-17.0855","7328.6665","37.2692","37.0308","3.0333","48.4165","0.9547","0.9509","12850000.0000","12850000.0000","15.0846","32.5777","-19.8458","-65.6849"
"12.900","38.2455","15","-0.2106","-0.4058","-0.0413","154.4019","-10.4189","9.4768","1610.0000","0.6120","58.4223","45.50412907","-75.54444936","42.7484","13.7070","30.0812","41.5516","2.0000","-0.4330","-0.7638","-7.3463","0.0245","-4.7068","7225.3335","37.1500","35.9400","3.3667","48.9530","0.9714","0.9397","12900000.0000","12900000.0000","35.3303","51.2511","-9.1071","-71.9920"
"12.950","37.4627","15","0.1061","-0.4468","-0.0627","154.5162","5.5262","9.4719","1609.5001","0.6120","107.8921","45.50412492","-75.54444662","44.5891","16.2508","28.7695","38.5359","2.0000","-0.5079","-0.7675","-7.5291","-0.3127","8.9584","7086.6665","37.4200","34.0400","3.7833","49.4791","0.9979","0.9147","12950000.0000","12950000.0000","51.0221","34.1886","-15.1723","-16.7987"
"13.000","36.8371","15","0.3647","-0.4576","-0.0730","156.8373","19.4812","9.4561","1604.5001","0.6120","30.0947","45.50412063","-75.54444466","47.9391","16.6094","28.0055","40.1063","2.0000","-0.5013","-0.8446","-6.2191","-1.1278","22.4445","6865.5557","37.2825","32.7750","4.3944","49.9957","1.0121","0.8897","13000000.0000","13000000.0000","42.2755","15.4161","-10.2697","32.2783"
"13.050","36.2015","15","0.6177","-0.4622","-0.0844","159.2413","33.2589","9.4412","1600.0000","0.6120","17.3236","45.50411635","-75.54444279","48.4969","17.1305","28.0828","41.3156","2.0000","-0.4880","-0.8361","-4.6480","-1.6432","34.2922","6638.0557","36.5718","31.3487","4.8111","50.5024","1.0104","0.8635","13050000.0000","13050000.0000","13.5387","21.3946","6.7635","24.3772"
"13.100","35.4748","15","0.8204","-0.4114","-0.1057","162.3915","45.4414","9.4347","1600.0000","0.6120","12.4248","45.50411211","-75.54444171","48.7469","19.5164","28.1352","41.3109","2.0000","-0.5132","-0.7866","-3.2680","-1.8093","43.6328","6404.1665","35.9500","29.7050","5.0333","50.9999","1.0134","0.8374","13100000.0000","13100000.0000","-7.9037","26.7933","2.7891","-8.7804"
"13.150","34.7623","15","1.0116","-0.3579","-0.1298","165.5264","57.0348","9.4274","1600.0000","0.6120","9.7004","45.50410788","-75.54444068","48.4297","19.7898","28.2047","40.8063","2.0000","-0.6656","-0.7809","-2.3405","-2.0579","49.9766","6357.3335","35.5000","28.9000","8.4444","51.4879","1.0205","0.8434","13150000.0000","13150000.0000","-7.3213","9.2058","-25.0091","-18.1031"
"13.200","34.1769","15","1.0980","-0.2784","-0.1776","168.5236","63.3274","9.4130","1600.0000","0.6120","8.5893","45.50410371","-75.54444015","48.2266","19.7820","26.2898","40.1578","2.0000","-0.7344","-0.9982","-1.8199","-2.3902","53.6672","6390.6665","34.8000","29.0300","13.2222","51.9672","1.0182","0.8494","13200000.0000","13200000.0000","0.0896","-9.1528","-34.1213","-4.4720"
"13.250","33.6019","15","1.1753","-0.2009","-0.2193","171.5394","69.0616","9.3998","1599.4999","0.6120","7.7437","45.50409956","-75.54443969","48.1328","19.7898","24.4945","40.1469","2.0000","-0.4647","-1.0000","-1.3159","-2.0576","55.3063","6656.0000","34.9800","29.9600","17.5000","52.4375","1.0409","0.8897","13250000.0000","13250000.0000","-1.1728","-1.4754","0.0775","3.8946"
"13.300","33.1210","15","1.1703","-0.1404","-0.2054","174.7230","69.7699","9.3969","1594.4999","0.6120","7.5554","45.50409554","-75.54443988","47.9813","19.7820","27.1727","40.3750","2.0000","-0.2561","-0.9857","-0.9107","-0.6940","55.1969","6932.5557","34.9050","30.8000","21.5222","52.9007","1.0539","0.9299","13300000.0000","13300000.0000","-13.5281","16.2510","42.7076","-4.8368"
"13.350","32.6831","15","1.1599","-0.0802","-0.1876","159.9005","70.1030","9.3952","1590.0000","0.6102","7.4201","45.50409152","-75.54444013","46.7609","20.9773","28.8281","39.3469","2.0000","-0.1251","-0.9620","-0.4924","0.9433","53.0609","7078.1113","34.0200","31.9200","23.7444","53.3581","1.0416","1.0006","13350000.0000","13350000.0000","-31.6143","17.8983","51.3566","-22.1693"
"13.400","32.6328","15","1.1009","-0.0229","-0.1351","-16.9777","67.0596","9.4050","1590.0000","0.5922","7.7449","45.50408745","-75.54444095","45.1797","21.4961","30.2477","38.2672","2.0000","-0.0136","-0.9248","0.1880","1.9586","49.3719","7117.1665","35.1300","34.9600","25.8833","53.8120","1.0765","1.0713","13400000.0000","13400000.0000","-38.5832","7.2088","27.8113","-29.6353"
"13.450","32.6380","15","1.0356","0.0327","-0.0857","-175.9233","63.5750","9.4146","1590.0000","0.5760","8.1707","45.50408337","-75.54444181","43.5687","21.4930","31.7352","37.5797","2.0000","0.0597","-0.8829","0.4406","1.8405","45.0297","6907.7222","35.5800","35.4700","27.8278","54.2654","1.0892","1.0511","13450000.0000","13450000.0000","-19.3003","-0.0424","-1.5123","-11.0948"
"13.500","33.1424","15","0.9132","0.0741","-0.0635","-173.4754","56.1194","9.4230","1590.0000","0.5760","9.3992","45.50407918","-75.54444299","43.1641","21.6211","30.8453","36.8859","2.0000","0.0983","-0.9393","0.3478","0.6355","40.8734","6862.4443","35.1900","34.1650","29.1611","54.7226","1.0618","1.0309","13500000.0000","13500000.0000","10.4839","-0.0898","-15.9251","17.2402"
"13.550","33.6161","15","0.7900","0.1177","-0.0402","-171.0117","48.5971","9.4312","1589.5000","0.5760","11.0092","45.50407500","-75.54444423","44.2203","21.5953","30.0688","38.3203","2.0000","0.0911","-0.9929","0.7337","-0.6271","37.3766","6981.3335","34.8600","34.9400","29.8833","55.1858","1.0383","1.0361","13550000.0000","13550000.0000","7.4865","2.4963","-7.6226","19.1481"
"13.600","33.8135","15","0.6604","0.1822","-0.0070","-168.4063","40.4747","9.4378","1584.5000","0.5760","13.2962","45.50407090","-75.54444604","43.7438","21.5484","30.7625","39.5281","2.0000","-0.0183","-0.9795","1.5311","-1.1479","33.5125","7054.3335","35.6146","35.2098","30.3722","55.6537","1.0533","1.0413","13600000.0000","13600000.0000","-35.4838","2.1789","13.7060","-4.2862"
"13.650","34.0210","15","0.5266","0.2418","0.0258","-166.0517","32.1048","9.4445","1580.0000","0.5778","16.8654","45.50406678","-75.54444783","40.7281","21.5242","31.1562","38.4547","2.0000","0.0845","-1.1016","2.6783","-1.1278","27.2938","7107.6665","35.7026","35.5692","30.7611","56.1250","1.0493","1.0475","13650000.0000","13650000.0000","-65.2800","-9.7066","27.6414","-3.9772"
"13.700","34.3188","15","0.3553","0.2575","0.0551","-165.9554","21.5070","9.4517","1580.0000","0.5958","25.3964","45.50406254","-75.54444935","38.1984","20.8445","32.7844","38.9469","2.0000","0.2782","-1.0468","3.9125","-1.1934","17.9234","7049.5000","35.3100","36.1650","31.1500","56.5997","1.0289","1.0538","13700000.0000","13700000.0000","-40.9554","-27.3641","21.7833","34.7177"
"13.750","34.6443","15","0.1801","0.2691","0.0801","-165.9982","10.7379","9.4574","1580.0000","0.6120","51.3493","45.50405828","-75.54445084","36.8719","19.0531","33.5359","41.4062","2.0000","0.2719","-1.0396","4.4133","-1.4823","7.5379","7008.9443","35.8800","36.5400","31.5222","57.0787","1.0355","1.0457","13750000.0000","13750000.0000","3.2755","-26.2575","4.1686","54.7640"
"13.800","35.2191","15","-0.0297","0.2438","0.0660","-167.2924","-1.5737","9.4485","1580.0000","0.6120","356.1930","45.50405380","-75.54445199","38.0531","18.6398","33.1562","43.8719","2.0000","0.2236","-0.9927","4.3234","-1.3404","-1.3312","7238.3887","37.0100","36.5400","31.7444","57.5636","1.0509","1.0375","13800000.0000","13800000.0000","3.5092","-3.2599","-3.6614","21.5190"
"13.850","35.7550","15","-0.2378","0.2150","0.0522","-168.5596","-13.7369","9.4403","1580.0000","0.6138","41.4256","45.50404933","-75.54445311","37.3531","18.6250","33.0031","43.7375","2.0000","0.2469","-0.9739","4.2316","-0.7633","-8.4391","7361.1665","37.3500","37.3900","29.5667","58.0568","1.0452","1.0456","13850000.0000","13850000.0000","-29.1267","9.4665","3.7399","-11.4338"
"13.900","35.9419","15","-0.4312","0.1545","0.0405","-169.5828","-24.5652","9.4384","1580.0000","0.6318","23.2864","45.50404485","-75.54445401","34.3109","18.7313","33.8828","43.0563","2.0000","0.2404","-0.9775","4.4125","-0.7958","-15.4250","7235.0557","37.5350","37.8750","21.7889","58.5546","1.0443","1.0538","13900000.0000","13900000.0000","-24.9379","-8.5380","12.4470","14.5219"
"13.950","36.1213","14","-0.6218","0.0941","0.0278","-170.7899","-35.2332","9.4357","1579.5000","0.6480","16.3167","45.50404037","-75.54445483","36.1000","18.3250","34.2078","45.4813","2.0000","0.0328","-1.0559","4.9203","-1.6102","-23.5438","6962.2778","35.8800","38.2600","13.4833","59.0549","0.9949","1.0509","13950000.0000","13950000.0000","25.5613","-33.4613","11.4369","61.5280"
"14.000","36.2329","14","-0.7879","0.0350","0.0057","-173.6526","-44.4579","9.4243","1574.5000","0.6480","12.9710","45.50403578","-75.54445488","37.2438","15.6059","34.7812","48.5844","2.0000","-0.2319","-1.0829","5.2742","-2.3254","-32.8187","6542.8335","35.6667","37.9744","4.6500","59.5573","0.9844","1.0481","14000000.0000","14000000.0000","50.3410","-36.2521","7.4785","57.9957"
"14.050","36.2723","14","-0.9496","-0.0242","-0.0102","-158.5550","-53.4694","9.4146","1570.0001","0.6462","10.7967","45.50403123","-75.54445484","38.5469","14.3414","35.4203","50.0766","2.0000","-0.3055","-1.0500","4.8828","-2.3029","-42.1312","6305.7778","31.0700","37.1500","1.2222","60.0607","0.8573","1.0459","14050000.0000","14050000.0000","16.5106","-25.4483","8.4948","12.4408"
"14.100","35.6622","14","-1.0715","-0.0849","0.0302","18.1840","-60.5605","9.4192","1570.0001","0.6282","9.3721","45.50402695","-75.54445399","39.4672","13.7035","35.8000","50.0687","2.0000","-0.1663","-0.9961","4.0578","-1.6299","-50.4313","6146.8887","25.1150","37.2250","0.1111","60.5597","0.7042","1.0438","14100000.0000","14100000.0000","-14.4738","-19.8771","13.9331","-10.0045"
"14.150","35.0216","14","-1.1880","-0.1490","0.0703","176.8497","-67.4082","9.4249","1570.0001","0.6120","8.2688","45.50402272","-75.54445305","38.3406","12.8527","36.5438","49.9969","2.0000","-0.5000","-1.1365","3.0090","-0.8784","-57.1656","5990.0000","25.1600","35.5600","0.0000","61.0506","0.7177","1.0443","14150000.0000","14150000.0000","3.5101","-11.6260","15.1884","-0.3371"
"14.200","34.1077","14","-1.2559","-0.2438","0.1090","172.8551","-72.0652","9.4406","1570.0001","0.6120","7.5326","45.50401885","-75.54445139","39.6734","12.2879","36.5938","50.1516","2.0000","-0.7845","-1.2646","1.6990","-0.1864","-62.6375","5834.0000","21.8512","35.6317","0.0000","61.5312","0.6407","1.0447","14200000.0000","14200000.0000","26.6691","1.3070","10.4713","2.7667"
"14.250","33.2363","14","-1.3202","-0.3296","0.1462","168.8527","-76.6199","9.4547","1570.0001","0.6138","6.9038","45.50401500","-75.54444966","39.9578","12.3910","37.9938","49.9719","2.0000","-0.2482","-0.9814","0.4960","0.1943","-67.2875","5684.0000","24.2641","33.9897","0.0000","61.9982","0.7295","1.0276","14250000.0000","14250000.0000","9.2388","1.6282","9.8374","-4.9727"
"14.300","32.7476","14","-1.3522","-0.3338","0.1690","164.7799","-80.2537","9.4546","1570.0001","0.6318","6.4943","45.50401135","-75.54444731","40.1156","12.4375","38.3031","49.7234","2.0000","-0.5332","-0.8852","-0.2873","0.1221","-71.3875","5567.0000","23.3400","33.0900","1.1333","62.4565","0.7127","1.0105","14300000.0000","14300000.0000","-12.7181","-7.3093","19.5552","-2.4771"
"14.350","32.2157","14","-1.3680","-0.3341","0.1895","160.7034","-82.8961","9.4552","1569.5000","0.6480","6.1852","45.50400774","-75.54444491","40.8125","12.2934","38.5359","49.8109","2.0000","-0.5631","-0.8851","-0.9222","-0.0715","-75.0437","5527.0000","22.9000","32.8400","4.9111","62.9075","0.7131","1.0175","14350000.0000","14350000.0000","4.5007","-0.3964","27.0324","-2.7744"
"14.400","31.2951","14","-1.2377","-0.2992","0.1896","156.5944","-76.6169","9.4620","1564.5000","0.6480","6.5009","45.50400460","-75.54444205","39.9609","12.2902","41.1453","48.9437","2.0000","-0.5562","-0.9418","-2.3172","-0.5034","-76.7000","5608.6665","24.0450","32.0650","9.6611","63.3490","0.7683","1.0246","14400000.0000","14400000.0000","29.3556","11.6099","6.3999","-26.8377"
"14.450","30.4292","14","-1.0940","-0.2676","0.1900","152.6739","-69.3623","9.4684","1559.9999","0.6462","6.9821","45.50400147","-75.54443919","41.3641","12.3074","39.9953","47.2531","2.0000","-0.5993","-0.9515","-4.4525","-1.1525","-71.8812","5812.0000","25.4400","30.9200","15.3833","63.7771","0.8353","1.0017","14450000.0000","14450000.0000","14.4212","-7.2991","-43.2045","-52.6248"
"14.500","30.0545","14","-0.8300","-0.2669","0.1940","150.4511","-53.3287","9.4721","1559.9999","0.6282","8.9695","45.50399848","-75.54443627","43.8078","12.3441","34.8500","43.7234","2.0000","-0.3295","-0.7123","-5.2727","-1.5516","-56.4625","5970.2222","27.7450","29.4150","19.2000","64.1972","0.9232","0.9787","14500000.0000","14500000.0000","-12.5616","-35.6804","-78.8394","-46.9905"
"14.550","29.6822","14","-0.5634","-0.2602","0.1962","148.6167","-36.9960","9.4752","1559.9999","0.6138","12.7692","45.50399548","-75.54443343","40.5906","10.3082","33.8672","43.0719","2.0000","-0.2806","-0.7069","-5.7941","-1.2439","-31.8047","6109.1113","29.4800","28.1400","22.2000","64.6122","0.9935","0.9585","14550000.0000","14550000.0000","2.1414","-5.2129","-60.9057","-27.2738"
"14.600","29.3316","14","-0.2734","-0.1993","0.1834","150.2787","-17.9717","9.4728","1559.9999","0.6318","25.9757","45.50399229","-75.54443122","41.7000","10.6316","30.9461","41.5125","2.0000","-0.2154","-1.0080","-7.7094","0.0597","-4.4918","6148.7144","31.2050","27.5200","24.5275","65.0223","1.0639","0.9382","14600000.0000","14600000.0000","36.5746","74.4856","-8.6691","-31.8421"
"14.650","29.0236","14","0.0147","-0.1377","0.1741","151.9305","1.0282","9.4713","1559.9999","0.6480","449.2538","45.50398908","-75.54442903","45.8156","17.8492","30.8109","39.1234","2.0000","0.0410","-1.2262","-9.1891","1.6909","17.7391","6194.0669","31.3000","32.9100","27.0533","65.4274","1.0776","1.0240","14650000.0000","14650000.0000","33.6454","108.8087","24.9366","-47.9641"
"14.700","29.0985","14","0.2867","-0.0706","0.1961","153.4915","19.8093","9.4770","1559.9999","0.6480","23.3788","45.50398569","-75.54442703","44.4516","21.2422","33.7547","37.4672","2.0000","0.1525","-0.9815","-9.1844","2.3039","31.4125","6432.3999","31.6850","32.2900","32.7200","65.8312","1.0889","1.1097","14700000.0000","14700000.0000","-0.2323","59.0221","19.8311","-36.4314"
"14.750","29.2073","14","0.5497","0.0000","0.2144","155.1264","37.9814","9.4815","1559.9999","0.6480","12.2389","45.50398228","-75.54442506","44.5281","21.8766","32.8187","35.8578","2.0000","0.3548","-0.9533","-7.7660","1.6479","38.9375","6636.8999","33.1200","34.2200","37.7240","66.2363","1.1330","1.1379","14750000.0000","14750000.0000","-13.3419","-3.1426","-1.1850","-1.8396"
"14.800","29.6210","14","0.7314","0.1036","0.1995","157.4268","50.6728","9.4743","1559.9999","0.6480","9.3035","45.50397869","-75.54442347","44.9672","21.8305","32.9359","37.0281","2.0000","0.4463","-1.0286","-6.3305","0.7523","44.7625","6754.3999","34.5150","34.5400","41.0240","66.6447","1.1652","1.1661","14800000.0000","14800000.0000","1.8190","-8.8399","-9.6771","14.3253"
"14.850","30.0432","14","0.9028","0.2047","0.1940","159.8678","62.5800","9.4704","1559.5000","0.6480","7.6407","45.50397506","-75.54442196","44.6922","21.9328","32.3875","36.9391","2.0000","0.3454","-1.0078","-5.5621","0.0995","50.3438","6891.7476","34.9500","35.6300","43.6970","67.0594","1.1632","1.1789","14850000.0000","14850000.0000","9.5984","15.4971","-9.5692","0.6031"
"14.900","30.5426","14","0.9816","0.2840","0.2726","163.5745","67.4283","9.4959","1554.5000","0.6480","7.2091","45.50397110","-75.54442114","45.3094","22.9344","32.0586","36.5938","2.0000","0.3559","-0.8436","-4.8320","-0.5318","55.5438","7080.1313","35.9600","36.4000","44.7576","67.4803","1.1774","1.1918","14900000.0000","14900000.0000","2.3251","15.4577","-14.3016","-9.8442"
"14.950","31.0376","14","1.0542","0.3514","0.3474","167.2643","71.7881","9.5205","1550.0000","0.6462","6.8811","45.50396713","-75.54442038","44.7797","22.9133","31.2203","36.8516","2.0000","0.2233","-0.8938","-4.3445","-1.1755","60.2062","7258.3335","36.5000","36.6400","45.0000","67.9078","1.1765","1.1883","14950000.0000","14950000.0000","4.7964","-1.9607","-15.3213","1.3994"
"15.000","31.4934","14","1.0718","0.3108","0.3877","170.8014","71.7508","9.5367","1550.0000","0.6282","6.9858","45.50396307","-75.54442023","46.0125","22.9672","30.2367","36.3141","2.0000","0.0586","-1.0143","-3.4219","-1.5791","64.6000","7412.7778","37.0350","37.3125","43.3333","68.3416","1.1760","1.1848","15000000.0000","15000000.0000","14.7415","-4.4202","-4.4512","14.0409"
"15.050","31.9205","14","1.0893","0.2715","0.4224","156.3697","71.7473","9.5507","1550.0000","0.6120","7.0808","45.50395901","-75.54442016","46.5187","22.9531","31.2086","38.0703","2.0000","0.0197","-1.0580","-2.7021","-1.3235","69.0375","7575.0000","38.5974","37.9410","43.3056","68.7823","1.2097","1.1943","15050000.0000","15050000.0000","7.7801","2.3873","3.0595","6.4395"
"15.100","32.0884","14","1.1068","0.2443","0.4062","-19.7815","72.0472","9.5442","1550.0000","0.6120","7.0884","45.50395503","-75.54442086","45.7766","22.9672","30.4992","37.2891","2.0000","0.0516","-1.0439","-2.9781","-0.5100","73.1750","7745.0000","38.9900","38.6300","44.9167","69.2267","1.2151","1.2039","15100000.0000","15100000.0000","-11.8106","1.7245","-2.5947","-12.5274"
"15.150","32.2336","14","1.1212","0.2213","0.3926","-177.9488","72.1735","9.5381","1550.0000","0.6120","7.1081","45.50395105","-75.54442162","45.9813","23.1078","29.9922","36.2094","2.0000","0.2114","-0.9665","-3.2051","0.3087","76.5188","7959.7222","40.0200","39.8600","49.0944","69.6732","1.2418","1.2713","15150000.0000","15150000.0000","-18.6875","4.9597","-4.0600","-19.6096"
"15.200","32.1748","14","1.1080","0.2370","0.4016","-174.2615","70.7364","9.5358","1550.0000","0.6120","7.2392","45.50394716","-75.54442303","43.7891","23.1992","31.2977","36.2578","2.0000","0.4643","-0.9180","-3.0629","0.6817","78.7375","8193.6113","41.5244","43.0707","54.3722","70.1204","1.2906","1.3386","15200000.0000","15200000.0000","-12.2235","18.2723","12.6851","-5.2785"
"15.250","32.1726","14","1.0823","0.2520","0.4134","-170.6362","68.5136","9.5354","1550.0000","0.6120","7.4736","45.50394325","-75.54442450","44.3172","24.8609","31.5781","35.9875","2.0000","0.5412","-0.8406","-1.9765","0.5236","79.1125","8475.5000","42.4231","42.5000","56.8000","70.5674","1.3174","1.3398","15250000.0000","15250000.0000","-15.7761","17.4754","23.4460","16.8861"
"15.300","32.6795","14","0.9442","0.2613","0.4504","-167.5701","59.2187","9.5509","1550.0000","0.6120","8.7829","45.50393926","-75.54442643","42.8187","24.7820","31.9844","37.1937","2.0000","0.3867","-0.8094","-0.1416","-0.0091","75.2625","8763.0664","44.3800","43.8200","59.0242","71.0181","1.3580","1.3409","15300000.0000","15300000.0000","-31.9489","-9.0262","1.3556","22.5552"
"15.350","33.2131","14","0.8022","0.2756","0.4868","-164.7780","49.7175","9.5657","1549.5000","0.6138","10.6321","45.50393524","-75.54442835","40.7453","23.4750","31.8500","38.1172","2.0000","0.5424","-0.8352","0.9550","-0.3847","64.8219","9053.7256","45.1800","45.2200","62.2659","71.4757","1.3603","1.3514","15350000.0000","15350000.0000","-37.6862","-33.8093","-25.4494","6.1653"
"15.400","33.9864","14","0.6250","0.3360","0.5176","-164.4526","38.3605","9.5738","1544.5000","0.6318","14.1007","45.50393099","-75.54443008","39.5781","21.8820","30.6906","38.4188","2.0000","0.4486","-0.9009","0.6787","-0.0170","48.2500","9251.6865","46.0390","46.2854","65.7879","71.9419","1.3546","1.3619","15400000.0000","15400000.0000","-22.2035","-26.5920","-12.4204","-11.8310"
"15.450","34.7787","14","0.4472","0.3978","0.5462","-164.1967","27.0156","9.5829","1540.0000","0.6462","20.4889","45.50392672","-75.54443180","39.1219","21.7172","30.3320","36.7188","2.0000","0.5921","-0.9126","0.2306","0.9445","28.4047","9211.2832","46.7718","45.9436","70.0303","72.4201","1.3445","1.3339","15450000.0000","15450000.0000","-3.1710","7.7732","27.4148","-13.8540"
"15.500","35.7424","14","0.2632","0.4730","0.5533","-164.5658","15.7809","9.6023","1540.0000","0.6282","36.0473","45.50392218","-75.54443349","38.5906","22.4695","33.5828","36.9281","2.0000","0.7969","-0.9028","0.4478","1.6715","8.5414","9170.5000","46.9750","46.6800","75.6000","72.9102","1.3143","1.3060","15500000.0000","15500000.0000","-6.1294","34.7451","39.3074","-3.5445"
"15.550","36.7404","14","0.0819","0.5442","0.5583","-164.8034","4.7917","9.6199","1540.0000","0.6120","122.0321","45.50391760","-75.54443524","38.0594","24.0648","34.0953","37.2719","2.0000","0.8572","-0.7193","1.9845","1.5311","-8.9023","9128.8330","46.7200","46.2000","84.2667","73.4135","1.2710","1.2428","15550000.0000","15550000.0000","-33.1511","27.0704","14.7944","16.4267"
"15.600","38.0465","14","-0.0748","0.5807","0.5448","-163.8586","-3.9874","9.6210","1540.0000","0.6120","151.8601","45.50391278","-75.54443750","36.0547","24.4352","34.0438","38.7875","2.0000","0.8284","-0.8938","4.9883","0.5161","-23.7594","9117.7227","45.8707","44.8780","91.2111","73.9320","1.2057","1.1796","15600000.0000","15600000.0000","-48.3434","-8.9797","0.4697","48.3154"
"15.650","39.3513","14","-0.2233","0.6126","0.5381","-163.1658","-12.2430","9.6259","1540.0000","0.6120","51.1553","45.50390791","-75.54443968","34.1203","24.0984","34.6937","41.0547","2.0000","0.6987","-0.9765","8.5631","-1.0222","-37.4547","9137.1670","45.8641","46.6538","96.4333","74.4706","1.1655","1.1737","15650000.0000","15650000.0000","-19.8986","-44.1956","14.8291","75.5703"
"15.700","40.6449","14","-0.2977","0.6042","0.5923","-164.7403","-15.7871","9.6660","1540.0000","0.6120","40.9754","45.50390260","-75.54444123","33.8125","20.4531","35.8641","45.4906","2.0000","0.3662","-1.0940","10.4531","-2.3408","-48.9531","9388.7773","48.1250","47.4650","98.6611","75.0264","1.1840","1.1678","15700000.0000","15700000.0000","28.2630","-48.9962","23.2591","62.0719"
"15.750","41.8218","14","-0.3687","0.5907","0.6502","-166.3038","-19.1278","9.7060","1540.0000","0.6120","34.7982","45.50389730","-75.54444273","36.2500","18.9461","37.4172","47.1250","2.0000","0.2481","-0.9274","9.7508","-2.8524","-55.0125","9739.8887","48.9600","49.0400","99.6056","75.5981","1.1736","1.1824","15750000.0000","15750000.0000","39.3501","-24.8317","8.9682","1.4239"
"15.800","41.9487","14","-0.4091","0.5324","0.7423","-167.7678","-20.6383","9.7449","1540.0000","0.6120","32.3493","45.50389213","-75.54444384","38.2375","19.0281","36.3500","45.1719","2.0000","0.3767","-0.7808","8.6676","-2.8050","-53.4109","9920.0000","51.2561","50.2171","99.7500","76.1790","1.2218","1.1970","15800000.0000","15800000.0000","1.2378","-4.0796","5.2576","-49.3169"
"15.850","42.1583","14","-0.4487","0.4775","0.8249","-169.1409","-22.1095","9.7825","1540.0000","0.6120","30.3477","45.50388692","-75.54444497","35.7438","18.2453","37.9000","43.1484","2.0000","0.5140","-0.9873","7.9197","-2.8020","-45.7172","10063.2227","50.1744","51.6821","99.8056","76.7635","1.1884","1.1892","15850000.0000","15850000.0000","-29.5853","-3.6616","28.6487","-35.0870"
"15.900","43.1122","14","-0.4812","0.4525","0.8219","-169.6970","-23.2262","9.8090","1540.0000","0.6120","29.5422","45.50388135","-75.54444622","35.2875","17.6812","39.3234","43.3969","2.0000","0.5073","-1.0114","6.8012","-3.0244","-36.2469","10045.4443","50.0950","50.9750","99.8611","77.3566","1.1609","1.1813","15900000.0000","15900000.0000","-9.1213","-5.5250","41.1503","15.5133"
"15.950","44.0510","14","-0.5170","0.4321","0.8189","-170.3711","-24.4894","9.8338","1539.5000","0.6120","28.6284","45.50387576","-75.54444741","36.3438","18.2555","40.7594","43.8344","2.0000","0.5142","-0.7936","5.0752","-3.1437","-28.2852","10157.0000","51.4600","51.6200","99.9000","77.9621","1.1681","1.1737","15950000.0000","15950000.0000","26.1606","2.7535","9.1948","30.5201"
"16.000","44.8531","14","-0.5821","0.4531","0.8145","-172.1071","-27.0703","9.8443","1534.5000","0.6120","26.3706","45.50386995","-75.54444803","36.3719","18.3109","40.1562","44.6234","2.0000","0.5796","-0.7363","2.7465","-2.6106","-23.0609","10570.3330","53.9854","52.3366","99.9000","78.5792","1.2027","1.1660","16000000.0000","16000000.0000","14.3756","7.9846","-37.2277","-10.4057"
"16.050","45.6655","14","-0.6397","0.4774","0.8159","-173.8293","-29.2980","9.8576","1530.0000","0.6120","24.8068","45.50386412","-75.54444860","37.2891","18.2812","36.8625","43.3438","2.0000","0.6904","-0.6895","1.0321","-1.0480","-19.6570","10785.6113","53.8974","55.0846","99.9000","79.2089","1.1793","1.1751","16050000.9766","16050000.9766","-36.0814","0.3592","-45.9673","-57.7836"
"16.100","46.5716","14","-0.6299","0.5318","0.8699","-175.4272","-28.3470","9.8971","1530.0000","0.6120","26.1477","45.50385804","-75.54444869","34.1156","18.2047","36.7484","39.6328","2.0000","0.8315","-1.0310","0.1880","0.9114","-15.7875","10802.8330","55.0050","55.1900","99.9000","79.8502","1.1802","1.1841","16100000.0000","16100000.0000","-55.1476","-6.9674","-14.0887","-57.8780"
"16.150","47.5499","14","-0.6111","0.5863","0.9220","-176.9282","-27.0114","9.9370","1530.0000","0.6102","28.0170","45.50385192","-75.54444878","32.0062","18.2188","36.2328","37.8766","2.0000","0.9496","-1.2207","-0.3487","2.1448","-10.5961","10751.4619","54.8600","54.3800","99.9000","80.5046","1.1518","1.1391","16150000.0000","16150000.0000","-14.7940","-1.9611","18.6866","-15.5676"
"16.200","49.1791","14","-0.5116","0.6415","0.9570","-177.5579","-22.2140","9.9807","1530.0000","0.5922","35.2350","45.50384543","-75.54444887","33.2766","18.2633","37.8047","38.5672","2.0000","1.2160","-1.0251","-0.9119","2.3342","-5.8313","10670.6924","54.1100","53.8800","99.9000","81.1764","1.0988","1.0941","16200000.9766","16200000.9766","30.0086","4.8230","23.3987","18.9275"
"16.250","50.7606","14","-0.4211","0.6949","0.9874","-178.2160","-17.8150","10.0219","1530.0000","0.5760","45.3482","45.50383890","-75.54444892","34.6188","18.4844","37.7234","39.2156","2.0000","0.9549","-0.8668","-1.3775","1.8417","-3.4277","10839.6670","54.8400","55.7300","99.9000","81.8725","1.0797","1.0897","16250000.0000","16250000.0000","29.4772","2.5299","3.0134","14.4417"
"16.300","51.9138","14","-0.4117","0.7325","0.9776","-179.1291","-17.0028","10.0413","1530.0000","0.5760","48.5940","45.50383211","-75.54444869","35.1797","18.5148","38.2938","39.4203","2.0000","0.6399","-0.8388","-1.9793","0.9959","-3.1143","11042.6973","55.8800","56.3900","99.9000","82.5863","1.0754","1.0853","16300000.0000","16300000.0000","3.3361","-1.7388","-19.7799","-8.6953"
"16.350","53.0597","14","-0.3992","0.7600","0.9692","-161.9976","-16.0788","10.0613","1529.5000","0.5760","52.5208","45.50382530","-75.54444845","35.1266","18.5070","36.5438","38.1859","2.0000","0.6080","-1.0573","-2.4782","0.0560","-3.4629","11227.5000","56.5800","57.0200","99.9000","83.3156","1.0651","1.0818","16350000.9766","16350000.9766","-6.6737","-3.3463","-30.4063","-16.7013"
"16.400","54.1402","14","-0.3597","0.6972","0.9748","17.5353","-14.1491","10.0855","1524.5000","0.5760","60.8993","45.50381834","-75.54444815","35.1172","18.3500","34.7188","38.3672","2.0000","0.6276","-1.1654","-2.7644","-0.5477","-3.6639","11407.9893","57.1537","58.4244","99.9000","84.0597","1.0548","1.0783","16400000.0000","16400000.0000","4.1269","-5.2759","-22.0150","-4.1787"
"16.450","55.2037","14","-0.3165","0.6384","0.9810","179.0755","-12.1108","10.1096","1520.0000","0.5760","72.5465","45.50381136","-75.54444784","35.6453","17.8594","34.6937","38.1562","2.0000","0.7992","-0.7424","-2.4833","-0.8355","-4.2773","11567.8789","58.3692","58.9000","99.9000","84.8205","1.0567","1.0734","16450000.0000","16450000.0000","10.1098","-5.0538","6.6082","10.4722"
"16.500","56.1142","14","-0.2414","0.6171","0.9931","178.6814","-9.0953","10.1315","1520.0000","0.5760","98.1921","45.50380416","-75.54444746","34.9250","17.9375","36.5938","38.4047","2.0000","0.9756","-0.4952","-1.8080","-1.2406","-5.6531","11741.9697","59.3500","60.0000","99.9000","85.5942","1.0570","1.0686","16500000.0000","16500000.0000","5.6181","0.9773","30.6124","15.7489"
"16.550","57.0250","14","-0.1760","0.5931","1.0042","178.2730","-6.4526","10.1539","1520.0000","0.5760","140.6541","45.50379694","-75.54444705","36.4578","18.1250","36.4437","39.9938","2.0000","1.0469","-0.9829","-1.1437","-1.7378","-7.2043","11952.5762","61.5600","60.2600","99.9000","86.3802","1.0775","1.0687","16550000.0000","16550000.0000","6.2279","5.2901","15.6880","15.5446"
"16.600","57.9396","14","-0.1995","0.5441","1.0074","177.7371","-7.1650","10.1806","1520.0000","0.5760","128.6996","45.50378950","-75.54444634","37.1312","18.1398","36.8391","40.9297","2.0000","1.0056","-1.1499","-0.7523","-2.1490","-8.0941","12125.8330","61.1500","61.9650","99.9000","87.1783","1.0547","1.0688","16600000.0000","16600000.0000","9.3971","0.5142","-24.9303","10.9996"
"16.650","58.8471","14","-0.2239","0.4950","1.0090","177.2200","-7.9078","10.2059","1520.0000","0.5760","118.4373","45.50378206","-75.54444564","35.8891","18.1648","35.1797","39.9484","2.0000","0.8660","-0.7252","-0.4566","-2.5802","-7.7611","12211.9443","62.1900","61.6000","99.9000","87.9906","1.0562","1.0578","16650000.0000","16650000.0000","-1.3706","-3.5412","-36.0200","-2.9882"
"16.700","59.6909","14","-0.2569","0.4443","0.9960","176.8729","-8.9235","10.2191","1520.0000","0.5760","106.4613","45.50377449","-75.54444487","36.2250","18.1711","34.4313","39.9734","2.0000","0.8371","-0.6243","0.0532","-3.0735","-6.4662","12322.5820","62.2900","62.5200","99.9000","88.8144","1.0430","1.0468","16700000.0000","16700000.0000","-11.4818","2.0110","-4.9244","-9.6124"
"16.750","60.5272","14","-0.2877","0.3960","0.9832","176.5275","-9.8622","10.2322","1519.5000","0.5760","97.6779","45.50376690","-75.54444410","36.3609","18.1789","34.5328","40.4469","2.0000","0.5328","-0.8554","0.7239","-3.3641","-5.6432","12457.7471","62.6800","63.3400","99.9000","89.6494","1.0352","1.0535","16750000.0000","16750000.0000","4.5613","-1.3439","11.8236","9.9152"
"16.800","61.2966","14","-0.2984","0.3690","0.9709","176.1977","-10.1078","10.2431","1514.5000","0.5760","96.5162","45.50375910","-75.54444326","36.9437","18.0828","33.4313","40.6344","2.0000","0.4532","-0.9727","1.5797","-3.1570","-6.5045","12242.9775","63.6900","65.0200","99.9000","90.4952","1.0385","1.0602","16800000.0000","16800000.0000","24.0727","-25.5259","-15.4615","30.4709"
"16.850","61.9983","14","-0.3133","0.3390","0.9609","175.7948","-10.4926","10.2545","1510.0000","0.5760","94.0409","45.50375131","-75.54444235","36.7687","15.9609","34.2625","42.0656","2.1800","0.1972","-0.9673","1.8749","-2.6713","-8.8695","11863.5332","61.4500","63.6500","99.9000","91.3522","0.9914","1.0521","16850000.0000","16850000.0000","-0.0664","-40.2668","-25.8020","13.6659"
"16.900","62.0894","14","-0.3662","0.2817","0.9711","174.7341","-12.1301","10.2705","1510.0000","0.5760","81.4653","45.50374365","-75.54444089","36.9656","14.3703","33.0109","42.6562","3.0000","0.0542","-1.1122","1.3833","-1.8400","-11.8633","11091.7773","65.7200","64.8250","99.9000","92.2139","1.0584","1.0440","16900000.0000","16900000.0000","-34.2137","-15.5256","22.5382","-15.1406"
"16.950","62.2014","14","-0.4167","0.2280","0.9813","173.7023","-13.6881","10.2871","1510.0000","0.5760","72.3233","45.50373598","-75.54443941","36.0938","14.5656","33.9562","42.0656","3.0000","0.1305","-1.0592","0.7407","-1.1836","-14.3086","10266.5254","65.4200","65.1000","99.9000","93.0772","1.0522","1.0274","16950000.0000","16950000.0000","0.3615","20.0656","55.8643","4.0645"
"17.000","62.5020","14","-0.4453","0.2057","0.9908","172.9301","-14.5300","10.3097","1510.0000","0.5760","68.4618","45.50372820","-75.54443773","36.1188","15.6293","37.3047","42.3859","3.0000","0.1617","-0.9146","-0.0759","-1.8770","-14.8426","10524.2197","61.2590","63.1949","99.9000","93.9432","0.9799","1.0109","17000000.0000","17000000.0000","69.0110","15.6953","8.9345","47.2547"
"17.050","62.7917","14","-0.4759","0.1859","0.9956","172.1720","-15.4357","10.3294","1510.0000","0.5760","64.7435","45.50372042","-75.54443603","40.1781","15.6129","36.6688","45.3766","3.0000","0.0198","-0.9520","-1.3130","-2.7659","-13.7199","10883.2891","64.4900","63.6600","99.9000","94.8137","1.0270","1.0260","17050000.0000","17050000.0000","44.0418","-13.2793","-41.0150","21.0908"
"17.100","62.9832","14","-0.5243","0.1884","0.9570","171.5393","-16.9152","10.3226","1510.0000","0.5760","59.2609","45.50371265","-75.54443414","41.0234","15.0367","33.8484","44.4750","3.0000","0.1117","-1.1649","-2.1452","-1.7225","-12.8742","11024.4004","66.6900","65.5850","99.9000","95.6873","1.0587","1.0412","17100000.0000","17100000.0000","-69.5856","-4.3435","8.2975","-67.5675"
"17.150","63.2137","14","-0.5727","0.1922","0.9239","170.8618","-18.3914","10.3189","1510.0000","0.5760","54.7036","45.50370488","-75.54443219","34.6109","15.9754","37.2906","39.4688","3.0000","0.1713","-1.1344","-2.1306","0.1640","-13.5617","11084.0000","67.0000","67.8200","97.8622","96.5640","1.0587","1.0545","17150000.0000","17150000.0000","-102.1515","41.9427","95.0979","-83.6362"
"17.200","63.7950","14","-0.6211","0.2087","0.9390","169.7806","-19.8384","10.3434","1510.0000","0.5760","51.1801","45.50369701","-75.54442962","31.6469","18.2961","42.8781","37.5125","3.0000","0.4438","-0.8044","-1.9291","-0.3984","-15.2594","10934.0000","66.0683","68.1415","90.5844","97.4461","1.0353","1.0677","17200000.0000","17200000.0000","16.1851","49.3932","72.5501","26.1475"
"17.250","64.3861","14","-0.6675","0.2218","0.9484","168.6974","-21.2191","10.3642","1509.5000","0.5760","48.2932","45.50368914","-75.54442700","36.9125","19.2812","42.7750","43.1047","3.0000","0.4212","-0.7175","-1.9674","-3.5135","-17.6375","10929.0664","67.3718","67.0000","80.9067","98.3371","1.0459","1.0489","17250000.0000","17250000.0000","121.6176","-13.2030","-47.8789","130.0703"
"17.300","65.0661","14","-0.6963","0.2049","0.9064","167.5968","-22.0040","10.3512","1504.5000","0.5760","47.0622","45.50368117","-75.54442403","42.2938","17.7375","37.9656","47.9969","3.0000","0.2687","-0.7388","-1.6217","-5.9578","-21.5250","11081.2891","67.6300","67.0550","68.6289","99.2366","1.0390","1.0301","17300000.0000","17300000.0000","60.6792","-73.1150","-103.9882","89.2663"
"17.350","65.6652","14","-0.7266","0.1830","0.8662","166.4392","-22.8329","10.3392","1500.0000","0.5760","45.7714","45.50367323","-75.54442099","41.1922","13.1426","34.5109","49.1594","3.0000","-0.0197","-0.9724","-0.7399","-5.5062","-25.7828","10711.4219","65.7400","67.0200","55.1800","100.1441","1.0022","1.0250","17350000.0000","17350000.0000","-69.3800","-67.7224","-41.5384","-34.1642"
"17.400","65.5365","14","-0.7693","0.1153","0.8426","164.7695","-24.0566","10.3359","1500.0000","0.5760","43.3579","45.50366556","-75.54441731","36.5969","11.2461","34.4766","46.5344","3.0000","-0.3986","-1.1062","-0.1388","-3.4129","-27.3406","10095.8662","63.9450","66.8350","41.1800","101.0547","0.9758","1.0199","17400000.0000","17400000.0000","-77.3634","-29.3721","21.9132","-71.4339"
"17.450","65.3670","14","-0.8184","0.0423","0.8227","163.1572","-25.4851","10.3349","1500.0000","0.5760","40.8218","45.50365790","-75.54441360","35.8063","10.2918","35.3094","44.7984","3.0000","-0.4803","-0.8773","-0.6967","-2.1592","-25.6938","10002.4443","61.2200","64.4300","27.6689","101.9634","0.9370","0.9800","17450000.0000","17450000.0000","29.7540","-9.2197","14.8546","0.1899"
"17.500","64.8305","14","-0.9244","-0.0778","0.8366","162.0608","-28.7566","10.3531","1500.0000","0.5760","35.8808","45.50365042","-75.54440965","39.4016","10.2340","35.4828","45.3422","3.0000","-0.6276","-0.8206","-1.7559","-2.2363","-24.3156","9972.6221","58.6200","60.9300","15.0822","102.8671","0.9045","0.9401","17500000.0000","17500000.0000","83.0072","-3.7359","-0.7326","52.1576"
"17.550","64.2545","14","-1.0245","-0.1954","0.8444","160.8746","-31.8681","10.3669","1500.0000","0.5778","32.0898","45.50364299","-75.54440564","41.6562","10.2875","36.1219","48.2031","3.0000","-0.5636","-1.0502","-2.6561","-2.3760","-26.1484","9855.4004","58.9000","60.3000","12.3600","103.7630","0.9168","0.9559","17550000.0000","17550000.0000","30.7314","9.2796","17.2856","28.5323"
"17.600","63.3222","14","-1.0716","-0.2894","0.7984","158.8800","-33.5399","10.3398","1500.0000","0.5958","30.0479","45.50363605","-75.54440105","42.2000","10.4754","37.1844","48.7562","3.0000","-0.4971","-1.0806","-3.0434","-1.9746","-30.7687","9728.1602","56.2098","61.4854","11.2540","104.6490","0.8882","0.9716","17600000.0000","17600000.0000","-23.5809","18.5902","24.5942","-1.6889"
"17.650","62.4036","14","-1.1150","-0.3792","0.7540","156.9053","-35.1141","10.3142","1500.0000","0.6120","28.2845","45.50362914","-75.54439641","40.4437","12.0059","38.0609","48.2078","3.0000","-0.4503","-0.9967","-2.7490","-1.6330","-35.9625","9575.1602","56.0051","61.1154","14.3040","105.5208","0.8979","0.9763","17650000.0000","17650000.0000","-22.1173","7.1105","-0.0698","5.1342"
"17.700","61.6068","14","-1.1241","-0.4318","0.7258","155.1101","-35.8095","10.3015","1500.0000","0.6120","27.3811","45.50362258","-75.54439129","40.0062","11.3227","36.7328","49.1813","3.0000","-0.4824","-0.9684","-2.3934","-1.4877","-40.5687","9476.7598","53.6800","60.4050","18.9640","106.3814","0.8718","0.9810","17700000.0000","17700000.0000","-4.3455","-5.7284","-16.0041","10.8473"
"17.750","60.8244","14","-1.1321","-0.4751","0.6979","153.2702","-36.4813","10.2893","1499.5000","0.6120","26.5356","45.50361607","-75.54438611","40.0687","11.3422","36.3094","49.2594","3.0000","-0.4738","-1.0896","-2.2084","-1.2186","-43.8438","9518.7598","52.7600","59.6000","27.7640","107.2315","0.8686","0.9856","17750000.0000","17750000.0000","-0.1169","-1.4720","-7.1287","-7.0360"
"17.800","60.1712","14","-1.1295","-0.4342","0.6723","151.0295","-36.9405","10.2815","1494.5000","0.6120","25.9243","45.50360998","-75.54438035","39.2516","11.5437","37.9188","48.7922","3.0000","-0.3730","-1.1385","-2.2996","-0.8659","-44.0500","9659.0400","55.1756","59.5537","34.8420","108.0720","0.9174","0.9902","17800000.0000","17800000.0000","-2.1426","5.1629","-4.5767","-20.1812"
"17.850","59.5356","14","-1.1248","-0.3897","0.6479","148.9002","-37.3166","10.2750","1490.0000","0.6138","25.3919","45.50360390","-75.54437458","39.5547","11.6047","35.4516","47.1375","3.0000","-0.3224","-0.9475","-1.9021","-0.4108","-40.0938","10052.0400","58.6282","59.9795","37.4920","108.9025","0.9850","0.9934","17850000.0000","17850000.0000","-16.3241","2.0588","-7.0502","-15.3597"
"17.900","59.0589","14","-1.0997","-0.3120","0.6349","147.7746","-36.9455","10.2790","1490.0000","0.6318","25.4416","45.50359796","-75.54436874","38.7859","11.7422","36.0875","47.3078","3.0000","-0.2022","-0.9311","-0.8405","0.4387","-33.8031","10243.8604","60.1300","58.8400","39.5960","109.7257","1.0185","0.9966","17900000.0000","17900000.0000","-39.3651","1.5948","11.6190","-9.5144"
"17.950","58.6072","14","-1.0770","-0.2343","0.6224","146.5641","-36.6347","10.2822","1490.0000","0.6480","25.4611","45.50359206","-75.54436283","35.3828","11.7441","37.5812","46.8266","3.0000","-0.0975","-1.0643","-0.1464","1.4646","-28.0375","9918.3604","60.5800","59.9200","40.2960","110.5429","1.0335","1.0082","17950000.0000","17950000.0000","-33.3101","9.8255","30.1339","-4.5178"
"18.000","58.3801","14","-1.0749","-0.1568","0.6150","144.5895","-36.8675","10.2789","1490.0000","0.6480","25.2024","45.50358651","-75.54435621","35.6969","12.7188","38.6641","46.5453","3.0000","-0.0397","-0.9969","-0.1703","1.8477","-24.5258","9737.9004","59.1683","59.5244","41.2340","111.3555","1.0137","1.0198","18000000.0000","18000000.0000","7.0527","10.9698","10.0152","5.3199"
"18.050","58.1703","14","-1.0700","-0.0813","0.6096","142.6086","-36.9857","10.2778","1490.0000","0.6480","25.0315","45.50358099","-75.54434953","36.2797","12.9305","38.0891","46.8781","3.0000","-0.0682","-0.9976","-0.5519","1.6593","-23.6234","9930.4004","60.4154","60.0282","42.7840","112.1646","1.0385","1.0317","18050000.0000","18050000.0000","24.8826","3.6374","-27.8338","-1.6347"
"18.100","58.1156","14","-1.0398","-0.0229","0.6223","140.5717","-36.0724","10.2975","1490.0000","0.6480","25.6412","45.50357580","-75.54434228","37.0422","12.9449","36.2844","46.6859","3.0000","0.0508","-1.0723","-0.8598","1.8283","-24.9188","10102.4600","61.0800","60.6500","45.1880","112.9722","1.0510","1.0436","18100000.0000","18100000.0000","-5.9173","6.0571","-25.8912","-33.3654"
"18.150","58.0919","14","-1.0159","0.0367","0.6327","138.5483","-35.3623","10.3160","1490.0000","0.6480","26.1454","45.50357064","-75.54433498","35.8781","13.1055","36.5687","44.0719","3.0000","0.2453","-1.1383","-1.1048","2.3546","-26.9453","10221.9600","62.1200","62.4600","49.7880","113.7794","1.0695","1.0541","18150000.0000","18150000.0000","-31.6393","17.2633","18.1454","-48.6724"
"18.200","58.3468","14","-1.0479","0.1084","0.6218","136.6460","-36.4800","10.3243","1490.0000","0.6480","25.4555","45.50356568","-75.54432724","35.0266","15.0809","37.7859","42.0859","3.0000","0.2927","-1.0829","-0.8693","2.2790","-28.6070","10334.0400","63.7000","62.1293","53.8560","114.5881","1.0916","1.0646","18200000.0000","18200000.0000","-10.0510","18.7466","49.2810","-18.0447"
"18.250","58.6370","14","-1.0760","0.1782","0.6099","134.7702","-37.4441","10.3320","1490.0000","0.6462","24.9234","45.50356075","-75.54431944","34.6937","15.1711","40.5359","42.6250","3.0000","0.3324","-0.9059","-0.7491","1.1483","-30.2531","10427.0400","63.7000","62.7000","56.5560","115.4009","1.0857","1.0761","18250000.0000","18250000.0000","24.3642","15.3459","38.2064","23.4282"
"18.300","59.2460","14","-1.0684","0.2310","0.5883","133.1338","-37.0252","10.3350","1490.0000","0.6282","25.4673","45.50355597","-75.54431105","36.9469","15.5430","41.3156","43.8984","3.0000","0.3019","-0.9019","-0.9287","-0.5352","-32.3906","10545.2402","64.4150","64.4600","58.7100","116.2202","1.0868","1.0876","18300000.0000","18300000.0000","25.7558","23.2098","-1.4669","28.8167"
"18.350","59.8302","14","-1.0641","0.2817","0.5644","131.4494","-36.7078","10.3358","1490.0000","0.6138","25.9408","45.50355124","-75.54430260","37.3484","17.6023","40.0438","44.8750","3.0000","0.2732","-0.8383","-0.7662","-2.1738","-34.4781","10728.2402","65.8800","64.6200","59.4600","117.0471","1.1005","1.0892","18350000.0000","18350000.0000","7.9437","21.5565","-50.2406","10.1761"
"18.400","60.1919","14","-1.0894","0.3133","0.5199","129.3333","-37.3047","10.3175","1490.0000","0.6318","25.6800","45.50354691","-75.54429365","37.0187","17.6086","37.6359","45.4188","3.0000","0.2922","-0.7462","-0.0600","-3.1156","-35.1875","10854.9600","65.9951","65.6756","60.0700","117.8803","1.0961","1.0908","18400000.0000","18400000.0000","-6.3416","-15.5080","-72.6143","0.5678"
"18.450","60.5761","14","-1.1074","0.3406","0.4747","127.3166","-37.6491","10.2990","1490.0000","0.6480","25.6075","45.50354259","-75.54428466","37.0891","15.4301","33.3109","44.8672","3.0000","0.1341","-0.8243","1.4144","-2.5416","-33.6781","10836.9600","65.8436","65.3128","60.3200","118.7196","1.0864","1.0828","18450000.0000","18450000.0000","-24.7967","-54.9387","-31.6313","-5.4140"
"18.500","61.1632","14","-1.0599","0.3290","0.4227","126.1939","-35.7210","10.2783","1490.0000","0.6480","27.2512","45.50353829","-75.54427537","35.0078","13.1070","34.9391","44.6656","3.0000","-0.0203","-1.1894","2.6539","-0.6012","-31.0156","10831.8398","65.2050","65.7650","60.5280","119.5655","1.0657","1.0748","18500000.0000","18500000.0000","-41.0670","-40.3404","44.3079","-15.0582"
"18.550","61.7244","14","-1.0119","0.3187","0.3759","124.9852","-33.7870","10.2601","1490.0000","0.6480","29.0755","45.50353404","-75.54426602","33.1297","12.6938","37.9469","43.9234","3.0000","0.1864","-1.2791","2.6098","1.4625","-28.4422","10859.8398","66.0000","65.8200","60.6280","120.4189","1.0682","1.0690","18550000.0000","18550000.0000","-20.6618","16.9984","73.8250","-7.4178"
"18.600","62.0525","14","-0.9601","0.3191","0.3761","123.0028","-31.8000","10.2638","1490.0000","0.6480","31.0565","45.50353035","-75.54425623","33.6766","13.6664","40.1953","44.0938","3.0000","0.3946","-1.0924","1.1183","2.3969","-26.1938","10873.8398","65.5780","65.9927","60.7560","121.2782","1.0566","1.0633","18600000.0000","18600000.0000","24.4906","44.4376","29.6639","12.1612"
"18.650","62.4006","14","-0.8994","0.3145","0.3690","121.0539","-29.5348","10.2636","1490.0000","0.6480","33.6260","45.50352668","-75.54424639","34.9047","16.1406","40.1516","44.0172","3.0000","0.4000","-0.8323","-1.2828","1.8059","-22.8828","10851.8398","66.3667","67.0103","60.9560","122.1430","1.0631","1.0457","18650000.0000","18650000.0000","44.1706","18.0935","-40.3785","-0.8796"
"18.700","62.9290","14","-0.7596","0.2639","0.2959","119.4062","-24.7661","10.2273","1490.0000","0.6480","40.4402","45.50352323","-75.54423611","37.9234","16.2969","37.0016","43.3250","3.0000","0.1922","-0.4914","-3.8844","0.3084","-15.7437","10655.8203","65.0500","64.7250","57.2780","123.0138","1.0334","1.0282","18700000.0000","18700000.0000","39.5777","-9.4251","-85.2047","-42.4400"
"18.750","63.4305","14","-0.6114","0.2095","0.2265","117.9565","-19.7475","10.1931","1490.0000","0.6480","51.1218","45.50351973","-75.54422585","39.4281","15.6625","32.3367","41.8187","3.0000","0.1371","-0.7760","-6.3633","-1.2936","-3.5203","10012.3203","65.3400","63.5400","43.6280","123.8912","1.0301","0.9953","18750000.0000","18750000.0000","56.6107","-4.9267","-104.1614","-49.3169"
"18.800","63.6909","14","-0.3876","0.1205","0.1909","118.2888","-12.4804","10.1783","1490.0000","0.6480","81.2209","45.50351589","-75.54421586","41.9266","15.6953","26.5117","38.0891","3.0000","-0.1818","-1.1617","-7.8641","-2.7113","11.4937","9514.9805","64.7800","61.3100","29.5580","124.7738","1.0169","0.9625","18800000.0000","18800000.0000","84.3792","6.1729","-95.2233","-2.4691"
"18.850","63.8817","14","-0.1572","0.0293","0.1579","118.6809","-5.0182","10.1642","1490.0000","0.6480","202.6038","45.50351201","-75.54420592","47.8219","16.4320","23.9422","40.3391","3.0000","-0.6469","-1.2766","-7.2410","-3.1008","25.7812","9393.4805","59.4902","52.2049","14.4080","125.6598","0.9318","0.8983","18850000.0000","18850000.0000","61.3305","7.0069","-40.3235","31.4789"
"18.900","63.4470","14","0.1320","-0.0825","0.1485","119.6099","4.2001","10.1561","1490.0000","0.6480","240.4196","45.50350785","-75.54419648","48.0094","16.4211","23.2625","42.8531","3.0000","-0.9133","-1.2405","-5.6227","-1.5812","36.8063","9284.8604","60.9692","52.9154","3.0100","126.5435","0.9612","0.8342","18900000.0000","18900000.0000","0.0065","16.9823","21.7819","7.6516"
"18.950","62.9644","15","0.4151","-0.1928","0.1386","120.5455","13.2365","10.1476","1490.0000","0.6588","75.7079","45.50350368","-75.54418711","47.1125","17.8430","24.9672","40.2391","3.0000","-0.8229","-1.2572","-4.2172","0.4834","42.8312","9209.3604","58.8400","52.8600","1.2600","127.4209","0.9360","0.8356","18950000.0000","18950000.0000","-22.2055","37.1786","24.8682","-31.8854"
"19.000","62.0505","15","0.6428","-0.2899","0.1241","121.5407","20.6356","10.1348","1490.0000","0.7668","47.8573","45.50349950","-75.54417826","46.9781","20.3047","25.7031","38.0062","3.0000","-0.5807","-1.0005","-2.9332","1.1570","44.2125","9104.5156","58.2537","51.9073","0.0000","128.2890","0.9394","0.8370","19000000.0000","19000000.0000","10.5378","38.7406","-11.2608","-31.3670"
"19.050","61.1445","15","0.8603","-0.3811","0.1087","122.6447","27.7406","10.1227","1490.0000","0.8640","35.0802","45.50349526","-75.54416950","48.4156","21.0938","24.7297","39.3031","3.0000","-0.3709","-0.8654","-1.7999","0.7867","43.4781","8924.2119","58.7500","50.0725","0.0000","129.1433","0.9613","0.8154","19050000.0000","19050000.0000","27.8606","14.6113","-7.8623","-2.8913"
"19.100","60.3080","15","0.9860","-0.4184","0.0848","124.7269","32.1983","10.1160","1490.0000","0.8640","29.8100","45.50349051","-75.54416155","48.6422","21.1094","24.2234","39.0094","3.0000","-0.2818","-0.9321","-0.5240","0.5000","42.7062","8741.6670","57.4615","47.8462","0.0000","129.9861","0.9533","0.7938","19100000.0000","19100000.0000","-4.7137","-2.2821","31.8496","17.6295"
"19.150","59.4570","15","1.0874","-0.4546","0.0671","126.7944","35.8656","10.1114","1490.0000","0.8640","26.3842","45.50348574","-75.54415367","47.6437","21.3289","27.1633","39.1688","3.0000","-0.2188","-0.8327","1.3144","-0.0224","39.9594","8553.8887","55.9200","48.4000","0.0000","130.8174","0.9409","0.8317","19150000.0000","19150000.0000","-37.8976","-1.3605","24.9735","30.5722"
"19.200","58.4747","15","0.9705","-0.4812","0.1040","128.7297","32.4188","10.1266","1490.0000","0.8640","28.7072","45.50348085","-75.54414646","45.8453","21.7203","27.3336","41.1656","3.0000","-0.0523","-0.5850","3.2809","-1.3912","31.9625","8452.3076","52.7171","50.8146","0.0000","131.6366","0.9021","0.8696","19200000.0000","19200000.0000","-35.3969","-11.0059","-34.0421","42.7550"
"19.250","57.5359","15","0.8433","-0.5045","0.1378","130.4680","28.5990","10.1401","1490.0000","0.8586","32.0191","45.50347600","-75.54413921","44.2687","19.5680","23.8492","44.9000","3.0000","-0.1416","-0.6988","4.6961","-2.6357","17.8844","8436.9229","51.1846","51.2692","0.0000","132.4410","0.8898","0.8973","19250000.0000","19250000.0000","-25.6993","-40.4551","-44.6335","37.3086"
"19.300","56.9878","15","0.6247","-0.4987","0.1431","130.4340","21.4220","10.1383","1490.0000","0.8046","42.3390","45.50347153","-75.54413166","43.7094","17.1344","23.8609","44.8828","3.0000","-0.2832","-0.9608","6.0461","-2.6918","-0.8988","8531.9600","51.7300","52.6900","0.0000","133.2359","0.9081","0.9249","19300000.0000","19300000.0000","-33.5016","-53.3359","29.7264","14.8535"
"19.350","56.3805","15","0.4071","-0.4912","0.1477","130.3524","14.2335","10.1368","1490.0000","0.7524","63.0430","45.50346709","-75.54412413","41.0484","16.1648","27.0633","44.2609","3.0000","-0.3796","-1.0324","7.4379","-1.8882","-19.2156","8678.9600","50.4800","54.3000","0.0000","134.0226","0.8970","0.9526","19350000.0000","19350000.0000","-33.0622","-29.8452","91.7811","6.0908"
"19.400","55.2416","15","0.1983","-0.4673","0.1459","129.8417","6.9409","10.1386","1490.0000","0.7164","126.6689","45.50346303","-75.54411680","40.6000","14.3582","30.8289","47.4609","3.0000","-0.3514","-1.0576","7.6039","-1.0284","-29.9813","8601.3330","49.7000","54.1050","0.0000","134.7977","0.9004","0.9802","19400000.0000","19400000.0000","-10.5890","-3.4032","63.7242","20.7349"
"19.450","54.1567","15","-0.0137","-0.4456","0.1423","129.4071","-0.5172","10.1396","1490.0000","0.6840","1666.4752","45.50345896","-75.54410950","40.4375","14.4227","31.5961","46.9641","3.0000","-0.3399","-0.8275","7.0031","-0.8629","-31.4734","8418.0000","51.1200","52.1200","0.0000","135.5560","0.9440","0.9725","19450000.0000","19450000.0000","3.0681","-2.1790","4.6200","30.8833"
"19.500","53.5590","15","-0.2550","-0.4443","0.1220","129.6580","-9.4649","10.1340","1490.0000","0.6840","90.0608","45.50345478","-75.54410246","39.6891","14.4301","33.5828","48.2016","3.0000","-0.3208","-0.7280","6.1898","-1.2932","-29.5156","8324.1338","49.2850","51.6450","0.0000","136.3037","0.9206","0.9647","19500000.0000","19500000.0000","-8.3192","-7.2425","1.4697","19.7799"
"19.550","52.9339","15","-0.4932","-0.4432","0.1065","129.6544","-18.3509","10.1300","1490.5000","0.6840","45.9087","45.50345068","-75.54409535","39.8563","14.3605","32.7188","49.2313","3.0000","-0.3466","-0.9975","5.6418","-1.5058","-30.1906","8228.8662","47.9800","52.2400","0.0000","137.0429","0.9067","0.9828","19550000.0000","19550000.0000","-13.8686","1.7482","38.3068","8.7592"
"19.600","52.0629","15","-0.7041","-0.4453","0.1351","127.3613","-26.6821","10.1402","1495.5000","0.6840","31.0548","45.50344745","-75.54408763","39.2703","14.2820","35.4031","49.9734","3.0000","-0.3497","-1.0729","5.2688","-1.4738","-34.7859","7977.2002","45.8049","52.0756","0.0000","137.7721","0.8804","1.0009","19600000.0000","19600000.0000","1.0560","6.5205","45.7117","10.7689"
"19.650","51.2074","15","-0.9043","-0.4473","0.1628","125.0953","-34.6454","10.1504","1500.0000","0.6840","23.5238","45.50344425","-75.54407991","39.5906","14.3305","37.8234","50.1422","3.0000","-0.2969","-0.9476","4.6666","-1.6047","-41.3922","7722.0801","42.2200","51.4075","0.0000","138.4881","0.8249","0.9995","19650000.0000","19650000.0000","12.0584","-8.0675","20.4757","10.4973"
"19.700","50.4915","15","-1.0078","-0.4490","0.1833","123.0728","-39.2990","10.1608","1500.0000","0.6840","20.4483","45.50344139","-75.54407216","39.4656","14.1254","37.8359","50.1844","3.0000","-0.3266","-0.9415","3.7150","-1.8276","-47.7891","7458.0801","40.3231","50.3615","0.0000","139.1938","0.7991","0.9980","19700000.0000","19700000.0000","-0.0228","-20.3275","6.5892","-0.1476"
"19.750","49.7551","15","-1.1096","-0.4514","0.2002","121.0008","-43.9144","10.1705","1500.0000","0.6840","18.0323","45.50343861","-75.54406440","40.3406","12.9504","37.4719","50.4266","3.0000","-0.3524","-1.0303","2.8278","-1.7470","-53.1969","7211.7202","37.4000","49.6600","0.4340","139.8896","0.7526","0.9987","19750000.0000","19750000.0000","-11.6122","-9.3488","8.1366","-6.2816"
"19.800","48.8338","15","-1.1951","-0.4612","0.1860","118.4833","-48.1862","10.1741","1500.0000","0.6840","16.1294","45.50343645","-75.54405658","38.7406","12.9230","39.1641","50.0359","3.0000","-0.5112","-1.0070","2.1532","-1.7868","-57.1828","7010.7202","36.5537","48.7659","1.9840","140.5743","0.7491","0.9994","19800000.0000","19800000.0000","-6.4541","3.4068","7.1912","0.2028"
"19.850","47.9134","15","-1.2789","-0.4620","0.1768","115.8979","-52.4195","10.1788","1500.0000","0.6876","14.5474","45.50343438","-75.54404875","39.0281","12.9184","39.3578","50.2703","3.0000","-0.5874","-0.9391","1.2777","-2.0610","-60.0344","6906.9111","34.0103","47.9872","6.1022","141.2449","0.7104","1.0052","19850000.0000","19850000.0000","5.2166","-1.2493","7.8185","4.9851"
"19.900","47.0018","15","-1.3461","-0.3814","0.2132","112.7020","-56.3072","10.1932","1500.0000","0.7236","13.2853","45.50343303","-75.54404088","39.3609","12.9223","38.9297","50.1859","3.0000","-0.4182","-0.9964","0.3229","-1.8856","-62.8516","7053.0225","34.9650","47.4800","16.8244","141.9033","0.7445","1.0110","19900000.0000","19900000.0000","7.5694","-6.8734","13.9923","-2.1565"
"19.950","46.1207","15","-1.3974","-0.3021","0.2470","109.5120","-59.4910","10.2064","1500.0000","0.7542","12.3386","45.50343174","-75.54403300","40.3344","12.9281","39.5812","50.0219","3.0000","-0.3252","-1.1117","-0.6470","-0.9433","-64.8281","7402.3335","39.8200","47.5400","26.5067","142.5499","0.8622","1.0227","19950000.0000","19950000.0000","4.5488","-1.9329","3.0299","-20.2165"
"20.000","45.5138","15","-1.3057","-0.2354","0.2575","106.3756","-56.3389","10.2076","1500.0000","0.7362","12.8575","45.50343096","-75.54402501","38.7141","11.7922","40.4641","48.4125","3.0000","-0.2350","-1.0592","-2.4480","0.1134","-62.0812","7971.7778","44.1781","47.0561","35.0622","143.1866","0.9712","1.0344","20000000.0000","20000000.0000","-5.1881","-5.7923","-21.9905","-43.2092"
"20.050","44.9631","15","-1.1964","-0.1687","0.2644","103.4440","-52.3599","10.2082","1500.0000","0.7164","13.6671","45.50343016","-75.54401704","39.2859","11.6055","37.4922","45.4719","3.0000","0.0843","-0.9380","-4.2955","0.8241","-51.0438","8129.8223","47.1300","46.9700","40.1422","143.8143","1.0479","1.0603","20050000.0000","20050000.0000","-22.3076","-18.6772","-21.7917","-62.8403"
"20.100","44.9178","15","-0.9294","-0.1019","0.2394","102.3568","-40.9381","10.2037","1500.0000","0.6804","17.4627","45.50342924","-75.54400921","38.3422","11.8914","37.4500","42.3187","3.0000","0.3744","-0.9973","-5.3187","1.2504","-32.2094","8094.2666","49.3923","48.7846","43.5867","144.4386","1.0997","1.0861","20100000.0000","20100000.0000","-18.7891","-0.7436","3.4763","-59.2203"
"20.150","44.9480","15","-0.6666","-0.0320","0.2178","101.3717","-29.6594","10.2011","1500.0000","0.6462","24.1195","45.50342830","-75.54400133","37.3828","11.9430","38.0641","40.6609","3.0000","0.4942","-1.0219","-6.7047","1.1688","-8.8969","7895.9111","48.3400","46.8400","45.2711","145.0632","1.0740","1.0924","20150000.0000","20150000.0000","28.0772","53.7702","-5.8879","-24.5957"
"20.200","45.6584","15","-0.4415","0.0654","0.2281","101.3063","-19.6682","10.2147","1500.0000","0.6282","36.9467","45.50342721","-75.54399299","40.4875","15.5516","36.9875","40.7391","3.0000","0.3620","-0.9789","-8.9891","0.4192","13.4438","7736.2891","48.2125","50.1975","47.2178","145.6927","1.0553","1.0987","20200000.0000","20200000.0000","74.8186","80.8159","-66.1609","6.0701"
"20.250","46.3383","15","-0.2098","0.1595","0.2386","101.2836","-9.3830","10.2279","1500.0000","0.6120","78.5994","45.50342610","-75.54398466","44.6000","19.9500","30.9172","39.3125","3.0000","0.1460","-0.8716","-9.8781","-0.4105","29.3750","8277.4004","48.8650","50.4575","54.9400","146.3324","1.0544","1.1023","20250000.0000","20250000.0000","50.8513","44.6204","-98.1508","-9.8575"
"20.300","46.7447","15","0.0816","0.2244","0.2508","101.6464","3.5487","10.2374","1500.0000","0.6120","209.6467","45.50342480","-75.54397637","44.8063","20.3141","28.0281","39.4047","3.0000","0.2088","-1.0750","-8.8141","0.1007","37.5563","8691.5781","51.3475","51.7150","63.0667","146.9791","1.0981","1.1059","20300000.0000","20300000.0000","-22.9704","13.7962","-37.6203","-56.4172"
"20.350","47.1491","15","0.3605","0.2887","0.2610","102.1332","15.8890","10.2464","1500.0000","0.6120","47.2277","45.50342344","-75.54396809","42.0172","20.5180","29.2047","35.4938","3.0000","0.5667","-1.1193","-7.3320","2.0725","41.0750","8779.3555","53.2795","53.9872","72.2333","147.6312","1.1303","1.1263","20350000.0000","20350000.0000","-52.2138","45.9195","58.3258","-72.2759"
"20.400","47.5346","15","0.5264","0.3469","0.2534","103.7366","22.9074","10.2512","1500.0000","0.6120","33.0259","45.50342167","-75.54395991","42.0859","25.9914","32.1125","32.2844","3.0000","0.5205","-0.8879","-5.6021","3.5284","42.7750","8913.0000","54.4951","54.5244","78.9467","148.2887","1.1461","1.1467","20400000.0000","20400000.0000","-3.9416","83.8466","82.8464","-26.2404"
"20.450","47.9826","15","0.6803","0.4037","0.2462","105.3637","29.3749","10.2556","1500.0000","0.6120","25.9972","45.50341984","-75.54395170","41.9547","27.7687","34.8984","33.3156","3.0000","0.3427","-0.6008","-3.5830","2.8020","43.2812","9096.3330","54.7103","55.4513","83.0022","148.9527","1.1388","1.1576","20450000.0000","20450000.0000","41.4599","47.4563","22.9216","42.2908"
"20.500","48.9931","15","0.7259","0.4479","0.2416","107.2055","30.8844","10.2574","1500.0000","0.6120","25.2474","45.50341758","-75.54394324","44.1984","28.9445","35.3937","36.7125","3.0000","0.4977","-0.5188","-1.5075","0.4185","43.0297","9458.3555","57.2707","57.2976","85.0556","149.6271","1.1680","1.1685","20500000.0000","20500000.0000","16.0157","-32.1175","-40.0203","63.1598"
"20.550","49.9616","15","0.7662","0.4901","0.2328","108.9920","32.1567","10.2571","1499.5000","0.6120","24.7278","45.50341529","-75.54393479","43.5266","25.5859","32.4391","37.6406","3.0000","0.6980","-0.9277","0.0519","-1.5216","42.1031","9904.4668","59.3564","59.4897","86.1667","150.3143","1.1882","1.2017","20550000.0000","20550000.0000","-38.1312","-66.2192","-54.2161","14.0515"
"20.600","50.5531","15","0.7581","0.5150","0.1864","110.2811","31.2944","10.2373","1494.5000","0.6120","25.7099","45.50341277","-75.54392635","41.2516","23.5859","28.9984","37.1781","3.0000","0.7289","-1.3157","0.4696","-1.5906","39.5109","10053.3330","61.1750","62.4575","85.3222","151.0119","1.2095","1.2349","20600000.0000","20600000.0000","-42.5463","-35.7470","-33.4135","-50.5742"
"20.650","51.2112","15","0.7540","0.5383","0.1470","111.5426","30.5917","10.2214","1490.0000","0.6120","26.6429","45.50341022","-75.54391787","39.9078","22.9383","30.2516","34.6172","3.0000","0.8343","-1.2797","-0.6300","-0.2504","35.1969","10151.0449","60.4475","61.2125","84.2289","151.7196","1.1787","1.2013","20650000.0000","20650000.0000","-2.3270","16.0973","9.3932","-61.6629"
"20.700","52.4696","15","0.7865","0.5460","0.1709","112.5557","31.3249","10.2400","1490.0000","0.6120","26.6586","45.50340736","-75.54390902","40.5375","25.0141","30.7648","31.7195","3.0000","0.8173","-1.0291","-1.7183","1.0279","31.1539","10126.5996","61.3154","61.3308","83.3400","152.4409","1.1675","1.1678","20700000.0000","20700000.0000","21.3186","49.7034","58.0897","-8.0530"
"20.750","53.6995","15","0.8172","0.5495","0.1936","113.6833","31.9865","10.2574","1490.0000","0.6120","26.7192","45.50340442","-75.54390018","41.8937","26.9836","33.7453","33.4828","3.0000","0.7131","-0.9178","-1.3289","0.9859","28.5398","9988.8799","61.9800","62.2600","77.8840","153.1783","1.1531","1.1524","20750000.0000","20750000.0000","21.7638","51.1477","61.7321","55.1620"
"20.800","54.6733","15","0.8325","0.5148","0.2052","115.8425","32.0038","10.2637","1490.0000","0.6120","27.1891","45.50340083","-75.54389149","42.4625","29.1102","36.9172","37.3766","3.0000","0.6799","-0.8506","-0.7629","-1.2375","26.6195","9559.8799","61.7225","62.2075","60.6840","153.9304","1.1281","1.1370","20800000.0000","20800000.0000","39.0983","13.6081","-17.1557","66.3622"
"20.850","55.5903","15","0.8489","0.4706","0.2088","117.9327","32.0728","10.2660","1490.0000","0.6120","27.5856","45.50339722","-75.54388282","45.4031","28.2242","32.2305","38.4797","3.0000","0.4048","-0.8473","-0.8681","-3.9798","25.7594","9163.1523","58.4462","57.4436","44.8287","154.6973","1.0514","1.0521","20850000.0000","20850000.0000","64.9679","-47.4239","-123.2926","26.1533"
"20.900","55.9951","15","0.8763","0.3420","0.1414","119.4017","32.6075","10.2330","1490.0000","0.6120","27.3308","45.50339335","-75.54387437","48.3406","24.2930","25.0891","39.5266","3.0000","-0.0678","-1.2333","-0.5071","-5.1961","27.2125","8849.4092","57.3050","54.1700","32.4310","155.4724","1.0231","0.9671","20900000.0000","20900000.0000","45.6562","-76.0832","-138.1635","-7.4438"
"20.950","56.3017","14","0.9100","0.2129","0.0809","120.9708","33.3937","10.2038","1490.5000","0.6138","26.8335","45.50338943","-75.54386602","49.2969","21.4188","21.5734","39.5219","3.0000","-0.4425","-1.4790","0.7615","-4.1325","31.0891","8535.6670","56.3783","52.8913","20.0333","156.2516","1.0023","0.9442","20950000.0000","20950000.0000","-15.3880","-40.1124","-26.2972","-4.7387"
"21.000","55.7239","14","0.9997","0.0791","0.0819","123.4401","36.4425","10.2084","1495.5000","0.6318","24.3362","45.50338508","-75.54385851","46.9016","21.1391","22.4039","38.5750","3.0000","-0.4710","-1.3565","2.5291","-2.3226","34.9969","8221.9238","55.5630","51.3152","7.6357","157.0291","0.9975","0.9213","21000000.0000","21000000.0000","-41.2803","13.3164","85.4136","9.9039"
"21.050","55.1523","14","1.0882","-0.0524","0.0824","125.8390","39.4777","10.2121","1500.0000","0.6516","22.2347","45.50338072","-75.54385104","46.6281","22.4133","28.0727","40.2687","3.0000","-0.3432","-1.0158","3.1723","-1.8968","36.4313","8241.8486","52.6245","49.7755","3.3374","157.7983","0.9551","0.9063","21050000.0000","21050000.0000","5.3287","24.6596","73.7873","19.3094"
"21.100","54.6361","14","1.1652","-0.1640","0.0792","127.6031","42.3900","10.2074","1500.0000","0.6876","20.5133","45.50337621","-75.54384396","47.2625","22.4797","29.2789","40.9391","3.0000","-0.3557","-0.8104","2.4857","-3.0414","35.8141","8316.0908","51.8683","48.6854","0.3576","158.5603","0.9497","0.8914","21100000.0000","21100000.0000","52.5142","0.5531","-17.9878","24.3728"
"21.150","54.0893","14","1.2372","-0.2751","0.0705","129.4155","45.1523","10.2003","1500.0000","0.7254","19.0656","45.50337167","-75.54383695","50.7906","22.8211","26.4688","42.3391","3.0000","-0.4532","-0.9755","1.7519","-3.7082","36.1016","8210.0967","53.1272","44.6384","0.2263","159.3150","0.9830","0.8709","21150000.0000","21150000.0000","26.7868","-11.9656","-60.5236","15.5992"
"21.200","53.2667","14","1.2628","-0.3829","0.0130","131.6621","46.5645","10.1728","1500.0000","0.7794","18.2062","45.50336692","-75.54383073","48.9391","21.6531","25.2367","42.7781","3.0000","-0.5387","-1.2531","0.9071","-3.0169","38.0750","8079.5259","52.7960","45.2676","0.4834","160.0606","0.9918","0.8504","21200000.0000","21200000.0000","-29.0761","4.3196","-21.4984","-18.7704"
"21.250","52.4536","14","1.2816","-0.4777","-0.0376","133.9690","47.7574","10.1483","1500.0000","0.8280","17.4806","45.50336213","-75.54382461","49.3375","23.3930","24.3531","40.1250","3.0000","-0.4992","-1.2883","0.1808","-1.6187","41.9875","7948.9541","52.4649","45.8967","0.7406","160.7936","1.0007","0.8730","21250000.0000","21250000.0000","-31.5633","25.6939","20.2179","-43.2899"
"21.300","51.7263","14","1.2391","-0.4549","-0.0257","136.8182","46.9751","10.1509","1500.0000","0.8280","17.5252","45.50335703","-75.54381934","46.8672","24.1086","26.1852","39.6813","3.0000","-0.3885","-1.1797","-0.0499","-1.2422","45.5219","8000.6001","51.8833","46.3000","6.9200","161.5165","1.0036","0.8956","21300000.0000","21300000.0000","10.0218","22.7840","14.7364","-12.0617"
"21.350","50.9827","14","1.1993","-0.4239","-0.0181","139.6202","46.2871","10.1520","1500.0000","0.8262","17.5300","45.50335194","-75.54381415","49.1906","24.3438","25.8328","39.5156","3.0000","-0.2663","-0.9588","1.1167","-1.8371","47.4875","8349.5479","50.3000","45.8000","22.7621","162.2294","0.9893","0.9257","21350000.0000","21350000.0000","12.9632","-1.1953","6.8147","38.9937"
"21.400","50.0927","14","1.1838","-0.3187","-0.0481","141.9983","46.4480","10.1403","1500.0000","0.8082","17.1643","45.50334685","-75.54380964","47.1828","24.2984","27.5211","41.9516","3.0000","-0.0647","-0.8742","2.8847","-2.0462","47.0047","8688.8662","49.8000","47.8400","33.9067","162.9315","0.9949","0.9557","21400000.0000","21400000.0000","-40.3233","-12.5673","35.8567","20.9141"
"21.450","49.2817","14","1.1641","-0.2154","-0.0778","144.2942","46.4027","10.1277","1500.0000","0.7884","16.9029","45.50334174","-75.54380514","45.3953","24.2953","28.7477","40.6266","3.0000","0.2347","-0.8003","3.6005","-1.2558","42.9672","9017.7559","52.6000","53.0900","39.9622","163.6206","1.0669","1.0306","21450000.0000","21450000.0000","-72.5490","5.7191","60.8552","-59.6847"
"21.500","49.1819","14","1.1064","-0.1298","-0.1038","145.8512","44.5020","10.1068","1500.0000","0.7524","17.5892","45.50333647","-75.54380079","42.2922","24.4031","32.4547","37.6828","3.0000","0.4929","-0.7808","2.6405","-0.3310","36.3578","8985.1113","54.3700","54.3700","44.5067","164.3045","1.1056","1.1056","21500000.0000","21500000.0000","-31.0290","24.6694","35.4494","-83.6790"
"21.550","49.1507","14","1.0559","-0.0450","-0.1318","147.4478","42.8657","10.0853","1500.0000","0.7164","18.2490","45.50333116","-75.54379648","42.0281","25.3117","32.1680","33.6469","3.0000","0.7376","-0.7213","1.1499","-0.4876","29.8023","8782.3330","53.6200","53.7800","48.3400","164.9879","1.0903","1.0892","21550000.0000","21550000.0000","32.2642","8.4536","-13.3842","-6.3185"
"21.600","49.7365","14","1.0706","0.0323","-0.1782","149.4015","43.6096","10.0586","1500.0000","0.6804","18.1515","45.50332544","-75.54379256","45.0547","25.9234","31.5375","36.3187","3.0000","0.3510","-0.7138","0.6704","-1.6203","25.8438","8808.3555","53.6100","53.3850","47.9689","165.6748","1.0774","1.0729","21600000.0000","21600000.0000","40.8478","-20.6304","-39.1312","56.7921"
"21.650","50.2818","14","1.0816","0.1042","-0.2275","151.4243","44.1770","10.0299","1500.0000","0.6480","18.1149","45.50331969","-75.54378874","44.9688","24.3422","29.1602","38.3109","3.0000","-0.1278","-0.7474","1.0382","-2.3635","26.2516","8857.8447","53.9500","53.6400","46.6689","166.3701","1.0731","1.0580","21650000.0000","21650000.0000","-2.8369","-15.8748","-38.3721","26.3908"
"21.700","50.4630","14","1.0588","0.1269","-0.3028","154.0702","43.1558","9.9830","1500.0000","0.6480","18.6103","45.50331370","-75.54378577","45.4813","23.9234","26.5664","38.1484","3.0000","-0.2418","-1.1828","1.6654","-2.0371","29.7656","8818.4004","53.9700","52.6450","41.2800","167.0698","1.0693","1.0431","21700000.0000","21700000.0000","-28.7532","15.2810","-36.0711","-23.4815"
"21.750","50.6133","14","1.0449","0.1431","-0.3743","156.7069","42.4854","9.9377","1500.0000","0.6480","18.9603","45.50330769","-75.54378287","42.8906","25.0242","25.6703","36.7203","3.0000","-0.1786","-1.4125","2.8584","-1.3341","33.8406","8694.7998","54.0200","53.7600","35.4244","167.7715","1.0667","1.0486","21750000.0000","21750000.0000","-7.7728","21.4069","-25.8980","-8.5285"
"21.800","50.4863","14","1.1104","0.1012","-0.4103","159.2617","44.9720","9.9066","1500.0000","0.6480","17.8670","45.50330156","-75.54378057","44.3328","27.0258","26.2383","37.0422","3.0000","-0.0629","-1.0581","4.5656","-0.9165","36.6937","8354.7998","52.6950","53.2150","28.3689","168.4734","1.0439","1.0542","21800000.0000","21800000.0000","24.8961","-10.6609","-7.9546","27.5214"
"21.850","50.3531","14","1.1802","0.0561","-0.4472","161.8128","47.6489","9.8759","1500.0000","0.6498","16.8187","45.50329542","-75.54377835","45.0922","24.0508","23.5609","38.9484","3.0000","-0.0677","-0.9631","5.3801","0.0138","39.3531","7977.7334","52.4800","49.7600","20.4867","169.1735","1.0424","0.9878","21850000.0000","21850000.0000","33.3876","-43.6866","-5.4406","16.7384"
"21.900","50.1656","14","1.2894","-0.0177","-0.4915","164.3310","52.0390","9.8479","1500.0000","0.6678","15.3425","45.50328926","-75.54377686","46.9719","21.4820","23.6984","38.9703","3.0000","-0.3368","-1.1815","4.8930","1.5381","43.0812","7560.5112","49.7250","46.2150","11.7089","169.8714","0.9914","0.9214","21900000.0000","21900000.0000","21.8027","-50.4715","-18.8642","-15.5197"
"21.950","49.9104","15","1.3938","-0.0931","-0.5338","166.9103","56.2735","9.8217","1500.0000","0.6840","14.1158","45.50328312","-75.54377547","46.7953","21.0086","25.4750","37.6781","3.0000","-0.6152","-1.1437","2.7350","2.3428","47.2969","7469.4297","48.0410","43.2525","8.4504","170.5658","0.9636","0.9028","21950000.0000","21950000.0000","11.0443","-35.2379","-4.8683","-17.7070"
"22.000","49.0454","15","1.4556","-0.1820","-0.5577","170.0385","59.1077","9.8113","1500.0000","0.6840","13.2061","45.50327718","-75.54377502","47.9875","19.4219","22.3680","36.7000","3.0000","-0.7555","-1.1043","0.0637","2.1492","51.8250","7531.8267","48.5738","43.3344","7.7893","171.2528","0.9911","0.8842","22000000.0000","22000000.0000","11.1851","-5.7838","40.1753","-4.0853"
"22.050","48.1942","15","1.5086","-0.2624","-0.5833","173.1858","61.6241","9.7991","1500.0000","0.6858","12.4470","45.50327126","-75.54377467","49.5578","19.1266","26.2906","37.9797","3.0000","-0.7622","-1.2674","-1.8014","1.8541","56.5594","7708.9194","49.1818","42.8545","11.3313","171.9269","1.0210","0.8927","22050000.0000","22050000.0000","16.4226","31.4240","60.0942","5.2635"
"22.100","47.4670","15","1.4819","-0.2662","-0.6251","176.5061","61.2799","9.7705","1500.0000","0.7038","12.3280","45.50326549","-75.54377526","48.4562","21.0461","30.6148","38.0453","3.0000","-0.5075","-1.2274","-3.2301","1.4809","59.7500","8212.4541","49.8593","42.7481","26.8364","172.5907","1.0510","0.9011","22100000.0000","22100000.0000","5.7531","35.6365","23.5202","19.6180"
"22.150","46.7902","15","1.4524","-0.2610","-0.6605","161.7725","60.8123","9.7449","1499.5000","0.7182","12.2457","45.50325972","-75.54377591","48.3531","23.6187","28.9047","37.8625","3.0000","-0.1789","-1.1189","-3.6184","1.4067","60.3812","8616.2627","50.3529","48.9118","38.6096","173.2454","1.0760","1.0659","22150000.0000","22150000.0000","-28.9113","-13.3174","-23.3613","15.6197"
"22.200","46.5667","15","1.3973","-0.1760","-0.6381","-15.4445","59.2334","9.7465","1494.5000","0.7002","12.5121","45.50325399","-75.54377714","48.2484","19.2867","25.8156","39.3328","3.0000","-0.0972","-1.4329","-3.4098","3.2891","59.4250","8763.6318","51.8235","57.2941","40.7866","173.8941","1.1131","1.2306","22200000.0000","22200000.0000","-64.6455","-50.2818","-17.4909","-46.0763"
"22.250","46.3911","15","1.3390","-0.0882","-0.6138","-174.7415","57.4667","9.7497","1490.0000","0.6822","12.8481","45.50324826","-75.54377843","42.9969","18.2703","29.2836","34.6484","3.0000","-0.0403","-1.4873","-4.2061","6.7156","57.5812","8911.0000","52.9180","57.0971","42.9636","174.5395","1.1401","1.2125","22250000.0000","22250000.0000","-65.9410","-5.5438","32.1648","-110.2117"
"22.300","46.6478","15","1.2512","0.0244","-0.5728","-172.7576","54.0098","9.7667","1490.0000","0.6642","13.7461","45.50324245","-75.54378011","39.8828","22.0055","30.7195","28.4695","3.0000","0.3624","-1.1963","-5.4719","8.7297","53.6000","9058.3682","53.9612","55.7302","45.1407","175.1859","1.1565","1.1944","22300000.0000","22300000.0000","-24.2612","66.3902","59.8325","-60.3315"
"22.350","46.9508","15","1.1543","0.1361","-0.5384","-170.7559","50.1127","9.7794","1490.0000","0.6480","14.9113","45.50323664","-75.54378188","42.0391","24.3281","31.6875","30.0867","3.0000","0.7119","-0.9609","-4.9602","7.3574","46.8563","9186.8789","54.8630","54.4907","47.5670","175.8363","1.1660","1.1674","22350000.0000","22350000.0000","30.1528","57.0689","24.6397","80.6197"
"22.400","47.6705","15","0.9759","0.2404","-0.5635","-168.5940","42.2553","9.7539","1490.0000","0.6480","17.9551","45.50323071","-75.54378429","43.4766","24.4102","31.7180","36.6078","3.0000","0.6167","-0.9567","-2.9539","3.9898","38.2125","9145.6699","54.5325","54.3975","52.2374","176.4935","1.1433","1.1404","22400000.0000","22400000.0000","42.0235","-28.2352","-29.0699","129.5147"
"22.450","48.3621","15","0.7914","0.3394","-0.5868","-166.5402","34.1343","9.7290","1490.0000","0.6462","22.5494","45.50322477","-75.54378672","43.9641","21.8344","31.0078","39.4000","3.0000","0.4169","-1.0130","-1.1647","1.5835","28.0078","9086.9111","55.4897","54.3564","55.7244","177.1613","1.1472","1.1301","22450000.0000","22450000.0000","-17.1518","-76.6710","-23.8282","11.3639"
"22.500","48.8008","15","0.5521","0.3923","-0.5931","-165.4584","23.6406","9.7085","1490.0000","0.6282","32.8540","45.50321880","-75.54378930","41.0703","18.8023","30.7398","36.8359","3.0000","0.4947","-0.9678","-0.3279","1.3826","15.1016","8983.0225","54.4317","54.6610","56.1689","177.8363","1.1150","1.1197","22500000.0000","22500000.0000","-87.9870","-37.7866","54.9985","-93.3107"
"22.550","49.3037","15","0.3166","0.4385","-0.5964","-164.5281","13.3475","9.6899","1490.0000","0.6120","58.7896","45.50321278","-75.54379185","37.6578","18.4156","34.9344","34.3078","3.0000","0.6443","-1.1402","0.1517","1.6183","-0.7406","8855.9336","53.6575","54.2575","55.8133","178.5182","1.0871","1.0963","22550000.0000","22550000.0000","-73.5730","12.5941","126.1962","-20.1256"
"22.600","50.3829","15","0.1141","0.4248","-0.5718","-164.9607","4.8583","9.6876","1490.0000","0.6120","165.0525","45.50320638","-75.54379417","36.0078","18.5320","41.8578","36.2156","3.0000","0.5664","-1.0378","0.5979","-0.3488","-16.6313","8703.7109","53.2700","54.1000","54.5911","179.2106","1.0564","1.0729","22600000.0000","22600000.0000","28.0433","-2.2499","102.0702","128.2836"
"22.650","51.4007","15","-0.0874","0.4062","-0.5536","-165.4570","-3.5438","9.6813","1490.0000","0.6120","230.8432","45.50319998","-75.54379646","38.2516","18.1797","44.8516","44.3187","3.0000","0.1144","-0.8021","-0.2693","-4.1992","-29.0109","8953.4443","55.5769","53.9590","49.8178","179.9187","1.0813","1.0664","22650000.0000","22650000.0000","98.0035","-46.9169","4.6024","149.2668"
"22.700","51.8655","15","-0.2804","0.3426","-0.5926","-166.5259","-11.1619","9.6389","1490.0000","0.6120","73.9536","45.50319350","-75.54379832","43.9281","14.7937","42.3672","48.8500","3.0000","-0.1158","-0.9619","-2.4066","-6.8227","-37.8000","9392.3330","55.6268","54.9951","43.3733","180.6361","1.0721","1.0600","22700000.0000","22700000.0000","43.4243","-42.4789","-46.3775","35.4988"
"22.750","52.2674","15","-0.4735","0.2755","-0.6343","-167.6900","-18.7544","9.5963","1490.0000","0.6120","44.3556","45.50318702","-75.54380010","43.4562","14.6434","40.2453","47.9172","3.0000","-0.2169","-1.1732","-3.8855","-6.4770","-44.1969","9425.9336","57.6850","57.7500","40.3511","181.3589","1.1036","1.0861","22750000.0000","22750000.0000","-70.7018","3.5952","-14.8857","-57.9971"
"22.800","52.1036","15","-0.6668","0.1774","-0.6993","-169.7112","-26.1160","9.5508","1490.0000","0.6120","31.7527","45.50318057","-75.54380115","36.8875","14.7254","41.5891","44.6797","3.0000","-0.1689","-1.0027","-3.8109","-4.9750","-47.2375","9336.0449","56.9488","57.9439","37.4711","182.0833","1.0931","1.1122","22800000.0000","22800000.0000","-92.1248","15.0010","-0.0596","-37.9202"
"22.850","51.9841","15","-0.8554","0.0804","-0.7695","-171.6634","-33.3018","9.5025","1490.0000","0.6102","24.8441","45.50317410","-75.54380217","35.3703","14.7273","40.1656","44.8375","3.0000","-0.1294","-0.7621","-2.9293","-4.3914","-46.0062","8461.5996","53.3231","54.6180","30.8600","182.8061","1.0253","1.0665","22850000.0000","22850000.0000","-3.6882","-32.1937","-52.6753","35.4915"
"22.900","52.2640","15","-1.0015","-0.0071","-0.8862","-172.9934","-38.9058","9.4290","1490.0000","0.5922","21.3800","45.50316752","-75.54380293","37.7141","12.7156","35.7781","47.6609","3.0000","-0.2955","-1.0246","-2.0686","-3.7832","-42.9313","7872.7554","50.8488","53.3634","25.9911","183.5304","0.9727","1.0208","22900000.0000","22900000.0000","57.3379","-67.8640","-77.9283","54.6770"
"22.950","52.4023","14","-1.1350","-0.0915","-0.9934","-174.4702","-44.0457","9.3616","1489.5000","0.5760","18.9351","45.50316099","-75.54380356","39.4469","8.8043","34.2313","49.0156","3.0000","-0.5350","-1.3977","-1.5491","-1.6555","-41.5375","8018.3110","43.5231","52.1846","25.6022","184.2563","0.8384","1.0218","22950000.0000","22950000.0000","13.3652","-35.8053","10.9515","7.5377"
"23.000","51.2661","14","-1.1546","-0.1479","-1.0160","-177.2679","-45.0090","9.3490","1484.5001","0.5760","18.1280","45.50315488","-75.54380301","38.1172","9.3723","37.6063","48.2828","3.0000","-0.5175","-1.3432","-1.7371","0.8816","-42.1375","8174.5332","47.0975","52.3900","26.2267","184.9756","0.9195","1.0228","23000000.0000","23000000.0000","-39.1294","24.5638","111.5030","-31.9417"
"23.050","50.2197","14","-1.1714","-0.1983","-1.0332","-162.0405","-45.8829","9.3374","1480.0000","0.5760","17.4198","45.50314876","-75.54380241","36.4906","10.6445","43.9359","47.7797","3.0000","-0.5283","-1.0354","-2.9365","1.4594","-42.7094","8342.3115","47.5641","51.7744","27.9489","185.6791","0.9468","1.0215","23050000.0000","23050000.0000","-4.4003","44.9154","67.3172","-10.1878"
"23.100","49.9822","14","-1.1633","-0.1952","-1.0013","15.4123","-45.9521","9.3336","1480.0000","0.5760","17.3113","45.50314257","-75.54380124","39.5156","13.3938","41.1797","45.5453","3.0000","-0.3829","-0.8717","-3.3664","-0.1414","-41.9250","8670.6445","49.2683","50.9854","32.5422","186.3750","0.9859","1.0203","23100000.0000","23100000.0000","56.8287","22.7118","-80.7742","33.3430"
"23.150","49.7617","14","-1.1539","-0.1813","-0.9800","174.9239","-45.9673","9.3262","1480.0000","0.5760","17.2293","45.50313639","-75.54380003","40.4078","13.3387","38.3766","50.8125","3.0000","-0.2308","-0.9742","-3.1898","-1.4126","-39.9062","9074.5332","51.8250","51.1100","38.4867","187.0677","1.0429","1.0710","23150000.0000","23150000.0000","28.9277","7.3287","-137.9751","18.5525"
"23.200","49.6950","14","-1.1327","-0.0692","-1.0542","172.9653","-45.4966","9.2864","1480.0000","0.5760","17.3842","45.50313034","-75.54379835","39.8922","13.8582","31.0836","48.2094","3.0000","-0.0293","-1.0786","-2.1809","-0.1658","-37.8187","9414.8662","61.1512","55.7463","51.6667","187.7585","1.2306","1.1218","23200000.0000","23200000.0000","-69.9290","23.4224","-26.5245","-55.1041"
"23.250","49.6802","14","-1.1104","0.0416","-1.1136","171.0513","-44.9428","9.2520","1480.0000","0.5778","17.5931","45.50312426","-75.54379662","35.0250","15.8945","33.8734","44.2031","3.0000","0.2660","-1.1902","0.2951","2.7336","-36.8906","9714.3115","58.9590","58.5154","65.1578","188.4487","1.1860","1.1400","23250000.0000","23250000.0000","-108.7940","44.1931","115.4091","-91.6866"
"23.300","50.1339","14","-1.0778","0.1414","-1.0406","169.5380","-43.6419","9.2659","1480.0000","0.5958","18.2830","45.50311804","-75.54379445","31.7219","18.2555","41.0250","40.9391","3.0000","0.4890","-1.1079","2.9508","4.0746","-37.0250","9643.2002","56.6250","58.0800","70.8800","189.1423","1.1291","1.1581","23300000.0000","23300000.0000","-33.3259","37.9008","111.7442","-31.6021"
"23.350","50.6644","14","-1.0452","0.2411","-0.9749","167.9546","-42.3097","9.2760","1480.0000","0.6120","19.0582","45.50311179","-75.54379219","31.6234","18.5695","43.7531","41.7750","3.0000","0.5700","-0.9374","3.9070","2.6555","-38.2438","9723.7559","58.8610","60.0073","75.3422","189.8430","1.1602","1.1753","23350000.0000","23350000.0000","63.4206","5.3631","-21.8427","53.8903"
"23.400","51.8851","14","-1.0120","0.3403","-0.9747","165.7400","-40.6956","9.2514","1480.0000","0.6120","20.2915","45.50310534","-75.54378920","36.0906","18.5789","38.3234","44.7797","3.0000","0.4123","-0.8998","3.8719","0.5593","-41.0938","10194.3115","61.4950","61.9300","76.5644","190.5553","1.1841","1.1925","23400000.0000","23400000.0000","58.3334","-25.4242","-105.3896","49.5086"
"23.450","53.0202","14","-0.9704","0.4373","-0.9761","163.5347","-38.7333","9.2274","1480.0000","0.6120","21.7860","45.50309891","-75.54378613","36.6500","17.3758","36.5328","45.6719","3.0000","0.2432","-1.0511","3.6158","0.0067","-44.0906","10504.5996","65.2282","63.1564","77.3600","191.2852","1.2305","1.1977","23450000.0000","23450000.0000","-27.4522","-27.8860","-50.5838","-32.6226"
"23.500","53.3839","14","-0.8530","0.5140","-0.9914","161.4137","-33.6363","9.2088","1480.0000","0.6120","25.2593","45.50309266","-75.54378244","33.8250","15.8098","34.0078","41.5797","3.0000","0.2339","-1.1390","3.7266","0.6500","-43.8125","10641.2666","65.5200","64.2350","77.6933","192.0242","1.2270","1.2029","23500000.0000","23500000.0000","-58.9250","-3.5075","32.3406","-64.0926"
"23.550","53.8160","14","-0.7399","0.5813","-1.0046","159.4127","-28.7161","9.1899","1480.0000","0.6120","29.8268","45.50308638","-75.54377872","33.2203","16.8969","36.8328","41.3094","3.0000","0.6521","-0.9234","4.0041","0.8057","-38.2188","10688.0225","65.2317","64.4537","77.9133","192.7693","1.2106","1.1843","23550000.0000","23550000.0000","12.1223","20.7172","27.9933","1.4558"
"23.600","54.8648","14","-0.6653","0.5646","-0.9985","158.4923","-25.3861","9.1680","1480.0000","0.6120","34.3967","45.50307985","-75.54377476","34.0703","17.8680","37.4250","42.6688","3.0000","0.8315","-0.8258","3.4832","0.0463","-28.1969","10692.4668","64.1244","63.9976","78.0800","193.5241","1.1679","1.1656","23600000.0000","23600000.0000","70.1970","17.3411","-26.1417","52.5496"
"23.650","55.8855","14","-0.5771","0.5427","-0.9926","157.6174","-21.5914","9.1464","1479.5001","0.6120","41.1945","45.50307330","-75.54377079","38.0953","17.9516","34.5516","43.7156","3.0000","0.6119","-0.7464","2.2600","-0.4959","-15.0688","10794.2002","64.3462","66.4359","77.9533","194.2946","1.1510","1.1585","23650000.0000","23650000.0000","29.3728","-3.0761","-43.5781","0.6901"
"23.700","56.6542","14","-0.3670","0.4747","-0.9882","157.1514","-13.6134","9.1270","1474.4999","0.6120","66.2347","45.50306667","-75.54376666","38.4062","17.9688","33.1844","42.4609","3.0000","0.4031","-0.9559","1.0456","0.0905","0.9764","10799.5107","64.8000","65.2700","75.7867","195.0767","1.1432","1.1515","23700000.0000","23700000.0000","-23.1005","-3.1006","-29.1533","-76.0736"
"23.750","57.4117","14","-0.1541","0.3989","-0.9860","156.8268","-5.5853","9.1058","1470.0000","0.6120","163.5977","45.50306001","-75.54376259","36.2359","17.9602","31.7773","38.3984","3.0000","0.2569","-0.9280","-0.6150","0.8124","18.8633","9543.4004","62.5800","60.1600","50.6200","195.8690","1.0909","1.0506","23750000.0000","23750000.0000","29.3032","21.8719","-44.7398","-57.3383"
"23.800","58.0685","14","0.0842","0.2524","-1.0040","157.7743","2.8943","9.0687","1470.0000","0.6120","319.3088","45.50305303","-75.54375897","41.1813","18.8219","29.2320","37.9813","3.0000","0.0170","-0.7439","-2.7645","-0.1747","36.1813","8568.5332","60.6725","55.1750","27.9889","196.6706","1.0444","0.9497","23800000.0000","23800000.0000","124.9860","34.1302","-75.6080","34.3173"
"23.850","58.6012","14","0.3199","0.1074","-1.0213","158.7877","11.2621","9.0334","1470.0000","0.6138","82.8147","45.50304607","-75.54375544","47.9938","21.9250","24.3594","39.8891","3.0000","-0.1593","-0.8251","-2.7910","-2.2266","51.0687","8316.8662","56.3769","44.7641","11.8778","197.4814","0.9631","0.8383","23850000.0000","23850000.0000","114.2694","14.1129","-54.1616","84.3542"
"23.900","58.0166","14","0.5313","-0.0248","-1.0313","160.3934","18.6231","9.0138","1470.0000","0.6318","49.5816","45.50303925","-75.54375262","49.5766","20.8367","25.0031","45.2844","3.0000","-0.7298","-1.0979","-1.2579","-2.6555","63.0875","8077.7334","54.9341","42.1561","2.5667","198.2904","0.9473","0.7269","23900000.0000","23900000.0000","-3.1551","-6.7347","5.4787","45.7835"
"23.950","57.3798","15","0.7311","-0.1518","-1.0373","161.9866","25.6013","8.9973","1470.0000","0.6498","35.6711","45.50303246","-75.54374986","47.5250","20.4898","24.4820","44.5187","3.0000","-0.9039","-1.1830","0.2644","-1.1053","70.7562","7852.1777","50.1850","44.0425","0.6222","199.0912","0.8759","0.7646","23950000.0000","23950000.0000","-84.4065","-1.2949","16.3828","-25.2047"
"24.000","56.2718","15","0.8275","-0.2319","-1.0060","163.4668","29.1337","9.0086","1470.0000","0.6678","30.7408","45.50302587","-75.54374764","44.2062","21.2344","25.5055","42.7266","3.0000","-0.7345","-1.0734","0.6713","0.4493","71.9000","7736.5557","48.7725","45.1125","0.0000","199.8804","0.8674","0.8023","24000000.0000","24000000.0000","-53.2269","10.6750","-29.0207","-59.8248"
"24.050","55.2031","15","0.9189","-0.3150","-0.9791","164.9103","32.5147","9.0178","1470.0000","0.6840","27.0212","45.50301930","-75.54374547","43.4359","21.3594","22.7219","39.5156","3.0000","-0.4873","-1.0502","0.2888","0.9099","67.3750","7672.6665","47.9538","45.3462","0.0000","200.6532","0.8690","0.8047","24050000.0000","24050000.0000","18.3881","8.1844","-43.8528","-45.8122"
"24.100","54.4878","15","0.9655","-0.4255","-0.9911","166.0242","34.5330","9.0092","1470.0000","0.6840","25.1122","45.50301283","-75.54374364","44.3516","21.3289","21.8336","38.9562","3.0000","-0.4583","-1.1862","-0.1084","0.8320","60.4875","7560.3779","48.1171","43.9488","0.0000","201.4144","0.8835","0.8070","24100000.0000","24100000.0000","38.3225","2.8898","9.7084","-8.4573"
"24.150","53.7433","15","1.0114","-0.5275","-0.9984","167.2599","36.5655","9.0023","1470.0000","0.6840","23.3923","45.50300638","-75.54374192","46.0359","21.7328","23.9414","38.7906","3.0000","-0.4933","-1.0891","0.0353","0.7922","54.3125","7436.3335","47.1575","42.4475","0.0000","202.1656","0.8782","0.8002","24150000.0000","24150000.0000","15.4917","8.7040","57.8309","23.9025"
"24.200","52.7355","15","1.0514","-0.5523","-0.9635","169.5913","38.7262","9.0102","1470.0000","0.6840","21.6730","45.50300008","-75.54374120","46.4562","22.6875","26.6469","40.6234","3.0000","-0.3066","-0.8350","0.1547","0.9303","50.0875","7253.0000","45.8317","41.8049","0.0000","202.9051","0.8698","0.7933","24200000.0000","24200000.0000","1.0449","14.1601","30.1933","20.6756"
"24.250","51.7625","15","1.0881","-0.5768","-0.9323","171.9007","40.7816","9.0169","1470.0000","0.6822","20.2009","45.50299380","-75.54374055","46.5172","22.6891","25.8531","40.5797","3.0000","-0.1745","-0.8315","-0.1698","1.3794","48.0250","7085.6890","44.7256","41.5051","0.0000","203.6295","0.8643","0.7795","24250000.0000","24250000.0000","2.6024","5.4509","-35.5539","-20.4092"
"24.300","51.1025","15","1.0948","-0.5993","-0.9331","174.0117","41.8893","9.0129","1470.0000","0.6642","19.4160","45.50298767","-75.54374043","46.7781","22.6562","23.4898","38.7828","3.0000","-0.2831","-0.9649","-0.5255","2.1328","47.5687","6959.5776","45.1927","39.1049","0.0000","204.3434","0.8848","0.7656","24300000.0000","24300000.0000","3.4272","-5.2445","-49.2849","-44.1872"
"24.350","50.3540","15","1.1072","-0.6187","-0.9342","158.2073","43.2495","9.0094","1470.0000","0.6498","18.5299","45.50298160","-75.54374041","46.4437","22.5953","23.4188","37.3812","3.0000","-0.3929","-1.0703","-0.4994","2.6207","47.6781","6813.4668","44.3846","38.4564","0.0000","205.0471","0.8834","0.7635","24350000.0000","24350000.0000","4.5262","-3.8561","5.8815","-9.7531"
"24.400","48.8090","15","1.1713","-0.6103","-0.9377","-18.8362","46.8832","9.0116","1470.0000","0.6678","16.5693","45.50297600","-75.54374135","47.2500","22.6391","23.2555","37.4516","3.0000","-0.4348","-1.0835","0.4627","2.4371","47.7062","6645.6890","43.9317","37.1122","0.0000","205.7356","0.9012","0.7613","24400000.0000","24400000.0000","10.9517","4.1576","55.0470","40.3724"
"24.450","47.2641","15","1.2366","-0.6062","-0.9455","-177.9086","50.6002","9.0116","1470.0000","0.6858","14.8662","45.50297044","-75.54374236","48.0219","22.6320","26.7055","40.9391","3.0000","-0.4250","-1.1146","1.0423","1.7312","47.4750","6454.1113","41.9795","35.8231","0.0000","206.4007","0.8893","0.7715","24450000.0000","24450000.0000","12.9856","4.7110","37.7270","41.4395"
"24.500","45.7197","15","1.3119","-0.6413","-0.9918","-175.2401","55.0672","8.9931","1470.0000","0.7038","13.2139","45.50296535","-75.54374398","47.7969","22.6703","27.3570","41.3828","3.0000","-0.5473","-1.0654","0.3137","0.7285","47.2562","6251.3335","40.5650","35.6900","0.0000","207.0451","0.8885","0.7817","24500000.0000","24500000.0000","8.4167","-1.7630","-13.9762","5.6876"
"24.550","44.2059","15","1.3815","-0.6744","-1.0353","-172.5423","59.3412","8.9758","1470.0000","0.7200","11.8562","45.50296029","-75.54374566","48.9344","22.7445","25.4383","40.5328","3.0000","-0.3943","-0.9711","-0.6455","0.0389","47.6562","6053.9331","39.9000","33.5800","0.0000","207.6694","0.9032","0.7782","24550000.0000","24550000.0000","0.9345","-4.1426","-33.4657","-15.4238"
"24.600","42.9677","15","1.3989","-0.6904","-1.0531","-169.5811","61.8787","8.9700","1470.0000","0.7200","11.0515","45.50295553","-75.54374788","48.1859","22.5711","25.2484","41.5281","3.0000","-0.2558","-0.7726","-1.9664","0.2827","48.9875","5866.1113","38.3049","33.2463","0.3644","208.2753","0.8925","0.7746","24600000.0000","24600000.0000","-5.7273","1.3294","-8.5037","-13.5512"
"24.650","41.7321","15","1.4100","-0.7004","-1.0628","-166.5369","64.1531","8.9671","1470.0000","0.7236","10.3532","45.50295082","-75.54375018","48.1828","22.8023","24.3750","39.0625","3.0000","-0.1113","-0.7518","-2.6889","1.1651","50.8812","5780.0000","38.2872","31.8333","4.9200","208.8618","0.9185","0.7847","24650000.0000","24650000.0000","-6.3519","7.8907","14.2670","-15.0243"
"24.700","40.5206","15","1.3643","-0.6564","-0.9997","-162.7447","64.0596","8.9894","1470.0000","0.7596","10.0673","45.50294657","-75.54375319","48.3172","23.1406","25.8180","39.4422","3.0000","-0.3687","-1.0657","-2.4641","2.0699","52.7875","5854.5776","37.9450","32.1650","11.7933","209.4320","0.9376","0.7947","24700000.0000","24700000.0000","0.8917","4.8812","6.7662","-17.8477"
"24.750","39.3397","15","1.3221","-0.6064","-0.9349","-159.0531","64.1223","9.0124","1470.0000","0.7920","9.7643","45.50294235","-75.54375623","47.6734","23.1250","26.1992","38.5109","3.0000","-0.5616","-1.2635","-2.3000","2.5863","54.1500","6342.3555","38.4600","34.2400","24.6267","209.9864","0.9776","0.9006","24750000.0000","24750000.0000","4.6191","-0.0260","-0.4727","-10.5605"
"24.800","38.4343","15","1.3122","-0.5035","-0.8537","-156.2661","65.5907","9.0415","1470.0000","0.7920","9.3260","45.50293843","-75.54375951","48.1094","24.2148","25.1688","37.1984","3.0000","-0.3000","-1.2157","-1.3570","2.8266","54.9125","6855.7334","38.3146","38.6463","35.9400","210.5270","0.9978","1.0065","24800000.0000","24800000.0000","-15.9161","11.3862","29.3434","-7.2098"
"24.850","37.5828","15","1.2969","-0.4005","-0.7758","-153.4276","66.7275","9.0690","1470.0000","0.7920","8.9640","45.50293454","-75.54376285","47.2438","24.3180","28.6063","37.4656","3.0000","-0.1291","-1.1900","0.2580","3.1775","55.1125","7396.8442","43.4872","45.3436","45.6067","211.0538","1.1571","1.1115","24850000.0000","24850000.0000","-44.5137","38.9696","66.9593","-20.9760"
"24.900","37.2171","15","1.2343","-0.2972","-0.7267","-150.1253","64.8806","9.0814","1470.0000","0.7920","9.1295","45.50293096","-75.54376678","43.2438","26.9625","32.8453","36.1328","3.0000","0.1599","-1.0824","0.8597","3.1031","54.4188","7571.5112","45.6700","45.2550","52.5911","211.5731","1.2276","1.2165","24900000.0000","24900000.0000","-40.3095","50.8060","59.1669","-21.8986"
"24.950","36.8726","14","1.1762","-0.1950","-0.6755","-146.8629","63.2052","9.0941","1470.0000","0.7938","9.2848","45.50292741","-75.54377077","43.8172","29.3734","32.9906","35.6422","3.0000","0.3920","-0.9134","0.7751","1.9541","52.8844","7573.7334","46.0400","45.0600","58.3133","212.0876","1.2483","1.2442","24950000.0000","24950000.0000","-0.3692","24.7781","0.8518","7.8191"
"25.000","36.7197","14","1.1590","-0.1033","-0.6054","-143.9585","63.0727","9.1105","1470.0000","0.8118","9.2657","45.50292411","-75.54377517","43.9641","29.2281","30.9156","36.1312","3.0000","0.4433","-0.9301","1.2469","0.1736","51.7500","7670.7998","46.5146","46.6951","60.4667","212.5989","1.2670","1.2719","25000000.0000","25000000.0000","22.4520","-12.6654","-51.0457","27.0179"
"25.050","36.5964","14","1.1370","-0.0131","-0.5307","-141.0076","62.6121","9.1289","1470.0000","0.8352","9.3025","45.50292085","-75.54377964","44.3594","27.8281","30.4367","38.2641","3.0000","0.4459","-0.9400","1.7266","-0.9987","51.9594","7774.8442","46.8282","46.9385","62.0356","213.1079","1.2791","1.2908","25050000.0000","25050000.0000","-3.7462","-24.7645","-53.8920","2.6800"
"25.100","36.7405","14","1.0711","0.0636","-0.4148","-137.6375","59.1993","9.1642","1470.0000","0.9072","9.8775","45.50291790","-75.54378472","42.9125","27.3734","28.0164","36.4719","3.0000","0.3936","-1.0455","1.9527","-0.8520","52.7875","7810.3999","47.0100","48.1300","62.4800","213.6174","1.2793","1.3098","25100000.0000","25100000.0000","-37.6393","-15.3638","-13.1483","-22.1958"
"25.150","36.8926","14","1.0093","0.1398","-0.3004","-134.3363","55.9644","9.1993","1470.5000","0.9756","10.4917","45.50291497","-75.54378984","42.2094","27.0398","26.9523","35.6156","3.0000","0.4569","-0.9773","2.6131","0.1786","50.6937","7823.7109","47.5000","47.0400","62.8778","214.1288","1.2866","1.2906","25150000.0000","25150000.0000","-32.4408","-8.6223","31.3347","-9.4807"
"25.200","37.1163","14","0.9837","0.2118","-0.1999","-131.6548","54.3304","9.2326","1475.5000","1.0116","10.8728","45.50291229","-75.54379531","40.2438","25.8937","30.6773","36.3281","3.0000","0.5861","-1.0519","2.7766","1.1885","43.4313","7779.8223","47.3463","47.2049","63.1556","214.6428","1.2753","1.2715","25200000.0000","25200000.0000","-2.4412","-7.2807","42.5029","11.4250"
"25.250","37.4090","14","0.9650","0.2818","-0.0974","-129.0556","53.0327","9.2673","1480.0000","1.0458","11.2267","45.50290960","-75.54380083","41.3531","26.0781","31.5359","36.7734","3.0000","0.5099","-1.0648","2.0616","1.6458","33.0984","7705.0000","46.1026","47.1308","63.4867","215.1608","1.2306","1.2488","25250000.0000","25250000.0000","11.3791","1.0781","13.3343","2.1524"
"25.300","38.3222","14","1.0077","0.3324","0.0236","-127.1967","54.7610","9.3150","1480.0000","1.0638","11.1378","45.50290685","-75.54380681","41.3016","26.5883","30.2508","35.1328","3.0000","0.3150","-1.0560","1.5805","1.5363","23.4906","7596.6665","45.8750","47.0300","63.8756","215.6877","1.1959","1.2261","25300000.0000","25300000.0000","6.2974","7.6225","-22.5571","-15.0676"
"25.350","39.1933","14","1.0458","0.3802","0.1442","-125.2325","56.2118","9.3630","1480.0000","1.0800","11.0970","45.50290416","-75.54381285","42.0656","26.6203","29.9289","35.7172","3.0000","0.2938","-1.0031","1.7260","1.4289","17.4609","7547.9795","45.9400","45.6200","64.4907","216.2259","1.1718","1.1852","25350000.0000","25350000.0000","5.7899","-4.5814","-23.2695","-7.6576"
"25.400","39.6859","14","1.0418","0.4024","0.2607","-122.3209","55.1657","9.4137","1480.0000","1.0800","11.4495","45.50290196","-75.54381935","42.2078","25.6586","29.6938","35.4188","3.0000","0.3414","-1.0934","2.0414","1.8469","16.1906","7527.3608","45.5111","45.4333","65.2124","216.7733","1.1462","1.1443","25400000.0000","25400000.0000","9.0054","-20.9737","3.1253","0.5772"
"25.450","40.2139","14","1.0374","0.4271","0.3709","-119.3335","54.0901","9.4614","1480.0000","1.0800","11.8326","45.50289983","-75.54382594","42.7812","25.3578","29.6359","35.3719","3.0000","0.2332","-1.1582","2.1312","2.6838","19.0328","7591.6235","46.5633","45.8878","66.4742","217.3290","1.1566","1.1432","25450000.0000","25450000.0000","-0.9711","-16.3771","19.6806","-8.4462"
"25.500","41.0620","14","1.0285","0.4747","0.4234","-115.6652","52.7476","9.4822","1480.0000","1.0800","12.3896","45.50289829","-75.54383326","41.9266","24.2336","30.9438","34.3781","3.0000","0.3169","-1.0687","2.1613","3.2484","23.5406","7685.7095","46.4450","46.9350","67.9258","217.8942","1.1302","1.1421","25500000.0000","25500000.0000","-17.8949","-1.5891","4.5296","-6.0533"
"25.550","41.9054","14","1.0177","0.5190","0.4687","-112.1249","51.2991","9.5002","1480.0000","1.0764","13.0011","45.50289678","-75.54384062","41.7453","24.4930","29.9602","35.2703","3.0000","0.3096","-0.9552","2.6826","3.3287","26.7281","7782.5557","47.5700","47.6600","68.5400","218.4706","1.1343","1.1367","25550000.0000","25550000.0000","-23.0085","-7.9733","-19.3039","22.1771"
"25.600","42.7067","14","0.9894","0.5334","0.4491","-109.7375","48.8957","9.4936","1480.0000","1.0404","13.9010","45.50289549","-75.54384835","39.3578","23.1086","29.4367","36.5078","3.0000","0.3861","-0.9588","3.3016","3.4477","26.2375","7877.2998","48.0350","48.3500","69.0133","219.0579","1.1239","1.1313","25600000.0000","25600000.0000","-19.5864","-27.7656","-13.0433","26.3118"
"25.650","43.5235","14","0.9628","0.5456","0.4295","-107.4987","46.5831","9.4876","1480.0000","1.0026","14.8701","45.50289419","-75.54385610","39.2812","22.1727","29.4297","36.6266","3.0000","0.4820","-1.1535","3.3951","3.8600","23.0422","7943.5498","48.5400","48.0000","69.1800","219.6579","1.1141","1.1136","25650000.0000","25650000.0000","-18.6219","-23.5615","24.9865","-15.1006"
"25.700","44.4788","14","0.9514","0.5385","0.4091","-106.5975","45.0878","9.4875","1480.0000","0.9486","15.7005","45.50289278","-75.54386413","38.4984","21.7516","31.0094","35.2406","3.0000","0.5215","-1.1449","2.5531","4.1453","20.5656","8009.7998","49.3563","48.7844","69.3467","220.2698","1.1087","1.0959","25700000.0000","25700000.0000","-3.4645","5.3054","46.6742","-33.8392"
"25.750","45.4165","14","0.9399","0.5278","0.3959","-105.5592","43.6044","9.4905","1480.0000","0.8982","16.5769","45.50289143","-75.54387220","38.9797","22.3445","33.1703","35.0484","3.0000","0.5471","-0.9099","1.1076","3.5053","21.2437","8224.4219","50.0784","49.7541","69.0222","220.8942","1.1021","1.1115","25750000.0000","25750000.0000","35.2666","17.3513","13.0684","14.2115"
"25.800","46.1957","14","0.9280","0.4845","0.4476","-103.2879","42.2271","9.5206","1480.0000","0.8802","17.4112","45.50289064","-75.54388060","41.8438","22.8289","32.5766","36.4516","3.0000","0.4201","-0.9015","-0.3917","2.1496","25.7062","8508.8662","51.0055","52.1055","68.4667","221.5301","1.1034","1.1272","25800000.0000","25800000.0000","58.4044","-1.6398","-42.9143","50.9938"
"25.850","46.9537","14","0.9180","0.4433","0.4939","-101.0196","40.9490","9.5484","1480.0000","0.8640","18.2493","45.50288990","-75.54388904","43.6031","22.3828","29.1562","37.8094","3.0000","0.2228","-1.1611","-1.7744","1.7131","33.4984","8580.9854","51.2814","52.3814","68.1151","222.1780","1.0918","1.1174","25850000.0000","25850000.0000","22.9055","-14.3000","-51.7090","-1.6248"
"25.900","47.5217","14","0.9238","0.4197","0.4913","-98.7794","40.5639","9.5553","1480.0000","0.8640","18.6455","45.50288958","-75.54389779","43.8312","22.1398","28.9898","36.9516","3.0000","-0.0323","-1.2705","-3.1953","3.1426","42.7250","8624.1514","51.5572","52.6572","67.7914","222.8345","1.0844","1.1075","25900000.0000","25900000.0000","-31.7552","6.7425","-5.0309","-76.7133"
"25.950","48.0703","15","0.9381","0.3968","0.4922","-96.4894","40.5435","9.5642","1480.0000","0.8658","18.8702","45.50288933","-75.54390656","41.3266","22.7188","28.8352","31.6445","3.0000","-0.0066","-1.1616","-4.0379","4.8320","50.1937","8696.4111","52.5714","53.6371","66.8738","223.4983","1.0985","1.1462","25950000.0000","25950000.0000","-30.9268","32.5788","31.6121","-59.2935"
"26.000","48.4435","15","1.0283","0.3796","0.5235","-93.7506","43.8066","9.5910","1480.0000","0.8838","17.6001","45.50288966","-75.54391538","41.8297","24.9109","30.4211","31.8719","3.0000","0.2855","-1.0684","-3.5961","4.8672","53.9500","9030.5234","56.6769","57.4154","60.6122","224.1683","1.1696","1.1848","26000000.0000","26000000.0000","17.1009","22.9557","13.1657","28.3152"
"26.050","48.8804","15","1.1171","0.3651","0.5498","-91.0272","47.0090","9.6153","1480.0000","0.8964","16.5491","45.50289005","-75.54392427","42.2453","24.7945","30.1203","34.6094","3.0000","0.3069","-1.0725","-2.7287","3.6359","54.9313","9364.6357","57.5333","57.2191","54.3505","224.8449","1.1756","1.1616","26050000.0000","26050000.0000","36.7359","-10.3695","-28.6106","66.8529"
"26.100","49.8898","15","1.1944","0.3742","0.5308","-88.4426","49.6645","9.6164","1480.0000","0.8604","15.9877","45.50289094","-75.54393362","44.2328","23.7687","27.8555","36.2234","3.0000","-0.0319","-1.2201","-2.1543","2.7105","54.6312","9167.1064","57.8967","56.8377","45.5213","225.5318","1.1596","1.1383","26100000.0000","26100000.0000","8.5628","-23.5122","-39.1166","22.1503"
"26.150","50.8254","15","1.2633","0.3768","0.5151","-85.8810","51.9650","9.6184","1480.0000","0.8244","15.5665","45.50289187","-75.54394293","44.1859","23.3281","27.3273","36.2000","3.0000","0.0133","-1.2549","-2.1729","2.4404","51.9125","8942.0225","55.7868","54.4105","37.0644","226.2310","1.0983","1.0872","26150000.0000","26150000.0000","-7.9132","-9.7270","-20.7068","-24.8579"
"26.200","51.0968","15","1.2559","0.3199","0.5302","-83.5260","51.0702","9.6280","1480.0000","0.7884","15.9238","45.50289326","-75.54395190","43.2672","22.6187","25.2062","35.3312","3.0000","0.1786","-1.1698","-2.8488","2.1242","45.7250","8654.7998","53.8650","52.9500","34.1200","226.9382","1.0540","1.0360","26200000.0000","26200000.0000","19.8057","-1.9541","-7.6802","-12.5999"
"26.250","51.3290","15","1.2443","0.2583","0.5480","-81.2242","50.0326","9.6400","1480.0000","0.7542","16.3279","45.50289468","-75.54396086","46.3828","22.6250","26.1812","35.6562","3.0000","0.0151","-1.2959","-3.0084","1.4999","37.8875","8389.2002","52.9951","51.7366","31.0822","227.6498","1.0328","1.0218","26250000.0000","26250000.0000","42.1940","-10.6580","4.5518","26.6115"
"26.300","51.2078","15","1.1952","0.1538","0.5906","-79.4012","47.7107","9.6740","1480.0000","0.7362","17.0821","45.50289636","-75.54396961","46.8250","21.8336","26.7844","36.6234","3.0000","-0.1351","-1.2485","-2.3699","0.9997","31.5031","8179.2002","52.5000","51.5846","27.8044","228.3616","1.0253","1.0075","26300000.0000","26300000.0000","23.4758","-11.6995","22.6300","35.7325"
"26.350","51.0819","15","1.1545","0.0538","0.6303","-77.4843","45.7587","9.7071","1479.5001","0.7182","17.7670","45.50289811","-75.54397832","47.8094","21.7273","27.2578","38.4688","3.0000","-0.3090","-1.2348","-1.5651","0.9270","28.5344","8132.6665","51.7800","49.5200","25.9400","229.0719","1.0141","0.9782","26350000.0000","26350000.0000","-1.8853","1.0391","14.7817","16.9567"
"26.400","50.9134","15","1.1898","-0.0047","0.6434","-74.7219","47.1365","9.7327","1474.4999","0.7002","17.1908","45.50290051","-75.54398661","47.7828","21.6586","27.7000","39.4938","3.0000","-0.2212","-1.0342","-1.0990","1.0885","29.0680","8263.2227","51.2050","48.3050","25.6067","229.7802","1.0059","0.9489","26400000.0000","26400000.0000","-0.8505","2.6062","-23.2726","0.5257"
"26.450","50.7134","15","1.2243","-0.0599","0.6577","-71.9736","48.5063","9.7574","1470.0000","0.6822","16.6397","45.50290294","-75.54399485","46.6531","21.6008","26.3844","38.1094","3.0000","-0.1132","-0.9253","-1.0655","1.2779","32.4555","8734.1553","51.2400","48.4600","32.2244","230.4856","1.0110","0.9798","26450000.0000","26450000.0000","-4.1170","-9.7128","-25.7225","-10.7371"
"26.500","50.2291","15","1.2522","-0.0850","0.6831","-69.3526","49.8036","9.7747","1470.0000","0.6642","16.0515","45.50290574","-75.54400268","47.4359","21.5633","26.3859","37.7469","3.0000","-0.1677","-0.8994","-0.7717","1.8153","37.8172","9365.2666","51.8241","50.7443","42.1133","231.1861","1.0322","1.0106","26500000.0000","26500000.0000","-33.7420","-3.9076","44.6070","-22.3411"
"26.550","49.7808","15","1.2800","-0.1027","0.7107","-66.6949","51.1162","9.7934","1470.0000","0.6498","15.4997","45.50290860","-75.54401046","44.2078","21.7320","29.6570","36.6125","3.0000","0.0242","-0.9724","-0.0510","2.8854","44.4609","9456.6445","53.4696","55.6177","57.2822","231.8808","1.0756","1.0827","26550000.0000","26550000.0000","-49.7745","29.5714","107.5398","-23.8438"
"26.600","49.6558","15","1.3085","-0.0527","0.7576","-63.7072","52.5650","9.8250","1470.0000","0.6678","15.0346","45.50291210","-75.54401774","42.3906","23.0516","35.6078","36.6625","3.0000","0.4120","-0.9089","-0.4259","3.2544","50.3094","9478.2891","57.3146","57.3341","72.3311","232.5716","1.1544","1.1547","26600000.0000","26600000.0000","-16.6842","46.7347","65.5323","-10.1758"
"26.650","49.6149","15","1.3297","0.0040","0.7944","-60.8162","53.7030","9.8511","1470.0000","0.6822","14.7039","45.50291564","-75.54402505","43.1594","26.0328","34.9578","34.3469","3.0000","0.5242","-0.7581","-1.6353","2.1046","54.2359","9544.4004","58.0400","57.5875","77.7200","233.2611","1.1685","1.1488","26650000.0000","26650000.0000","26.7060","10.2095","-51.1485","1.6645"
"26.700","50.3315","15","1.2856","0.1203","0.7405","-58.7960","52.0437","9.8287","1470.0000","0.6642","15.3919","45.50291950","-75.54403258","44.1797","23.9727","31.6281","36.3906","3.0000","0.3921","-0.8398","-3.3791","0.7830","56.8828","9622.8770","59.0014","57.5500","81.7726","233.9559","1.1716","1.1428","26700000.0000","26700000.0000","24.8730","-43.3653","-107.9387","-3.5415"
"26.750","51.0008","15","1.2402","0.2309","0.6944","-56.7323","50.2908","9.8096","1470.0000","0.6480","16.1402","45.50292341","-75.54404005","44.8250","21.8297","27.0750","35.5969","3.0000","0.2585","-1.1094","-4.7777","0.9245","58.4078","9733.1504","58.5284","60.0500","82.3890","234.6595","1.1490","1.1525","26750000.0000","26750000.0000","-16.3210","-47.4984","-45.5163","-23.3040"
"26.800","51.2446","15","1.1832","0.2903","0.7174","-54.2771","47.6967","9.8200","1470.0000","0.6480","17.0994","45.50292774","-75.54404700","43.0312","21.1500","26.0883","32.5406","3.0000","0.3550","-1.3711","-5.0000","2.2183","58.1016","9843.4248","58.9585","59.5695","83.0055","235.3692","1.1503","1.1622","26800000.0000","26800000.0000","-40.5389","5.6092","55.3316","-34.5654"
"26.850","51.5290","15","1.1278","0.3449","0.7434","-51.8778","45.1569","9.8331","1470.0000","0.6480","18.1613","45.50293212","-75.54405393","41.4125","22.4359","32.8906","32.9297","3.0000","0.6121","-1.3120","-4.7889","3.3417","55.0750","10022.7656","60.5273","60.3273","83.7830","236.0833","1.1737","1.1832","26850000.0000","26850000.0000","-18.6523","55.6332","101.9621","-9.8618"
"26.900","52.1781","15","1.0875","0.3551","0.7966","-49.9813","43.1075","9.8707","1470.0000","0.6480","19.2644","45.50293684","-75.54406071","42.0891","24.6313","34.3547","32.8766","3.0000","0.6971","-1.0464","-4.5404","2.5867","49.5812","10324.8936","63.9500","62.8575","84.8468","236.8042","1.2250","1.2041","26900000.0000","26900000.0000","27.0612","44.5669","71.4421","43.7626"
"26.950","52.8357","14","1.0554","0.3653","0.8380","-48.0678","41.3802","9.9030","1470.0000","0.6480","20.3214","45.50294162","-75.54406746","43.9547","26.1141","37.8266","36.3531","3.0000","0.6488","-0.8475","-4.8164","0.2639","44.2797","10562.6230","65.0590","64.2718","85.4719","237.5337","1.2313","1.2486","26950000.0000","26950000.0000","52.2736","-15.7624","-8.9217","66.6979"
"27.000","53.5698","14","1.0976","0.3742","0.7731","-46.0012","42.5518","9.8863","1470.0000","0.6480","20.0365","45.50294684","-75.54407399","45.0281","24.0094","36.4531","37.6750","3.0000","0.7523","-0.8467","-6.5303","-1.7107","42.1781","10730.5869","66.9215","69.3122","85.6216","238.2724","1.2486","1.2932","27000000.0000","27000000.0000","29.2010","-47.9361","-72.2480","13.1925"
"27.050","54.2576","14","1.1400","0.3789","0.7149","-43.8894","43.7240","9.8733","1470.0000","0.6480","19.7497","45.50295210","-75.54408042","46.4031","22.4281","30.5172","37.0516","3.0000","0.4916","-1.0854","-8.9520","-1.6886","44.7250","10898.5508","67.9975","69.9241","85.7713","239.0221","1.2533","1.2932","27050000.0000","27050000.0000","-23.5651","-9.1788","-62.9889","-66.0590"
"27.100","54.5280","14","1.1842","0.3456","0.7159","-41.3696","44.9014","9.8937","1470.0000","0.6480","19.3277","45.50295769","-75.54408608","44.9391","23.5312","30.6133","33.9281","3.0000","0.4565","-1.0704","-10.1109","-0.1922","50.8094","11059.4033","69.0734","70.5359","86.0306","239.7777","1.2665","1.2933","27100000.0000","27100000.0000","-44.3114","45.4367","-4.8219","-60.9439"
"27.150","54.8295","14","1.2277","0.3154","0.7162","-38.8149","46.0586","9.9148","1469.4999","0.6462","18.9463","45.50296334","-75.54409165","41.6672","25.6242","30.7258","31.8406","3.0000","0.4725","-0.9661","-8.7414","0.9081","57.0594","11176.5674","70.1494","71.1477","86.9634","240.5374","1.2786","1.2939","27150000.0000","27150000.0000","-13.1837","39.2434","24.9730","31.3094"
"27.200","55.4096","14","1.2647","0.3129","0.7096","-35.9452","47.0337","9.9423","1464.5000","0.6282","18.7498","45.50296951","-75.54409651","43.4141","26.7430","31.8125","35.5609","3.0000","0.4009","-0.8188","-4.8460","1.0979","61.5547","11293.7314","71.2253","71.7595","87.8963","241.3030","1.2849","1.2945","27200000.0000","27200000.0000","11.4539","-10.0472","0.4640","72.9834"
"27.250","55.9715","14","1.2922","0.3122","0.7010","-33.1902","47.6566","9.9682","1460.0000","0.6102","18.6924","45.50297569","-75.54410135","42.5125","25.0297","30.8695","37.6203","3.0000","0.3535","-0.9965","-2.5762","1.1701","61.2656","11419.9697","71.8642","72.1321","89.9567","242.0772","1.2837","1.2847","27250000.0000","27250000.0000","-10.2425","-31.5783","-31.0969","-1.7114"
"27.300","56.3700","14","1.2328","0.3268","0.6753","-31.4666","45.1089","9.9805","1460.0000","0.5922","19.8887","45.50298200","-75.54410601","42.1821","24.3281","29.1270","35.7255","3.0000","0.1537","-1.2565","-2.5064","1.6103","56.9281","11556.8594","71.3794","71.8897","93.3409","242.8577","1.2659","1.2750","27300000.0000","27300000.0000","-30.1940","-8.2744","-23.6756","-69.9723"
"27.350","56.7746","14","1.1738","0.3399","0.6582","-29.7372","42.5738","9.9981","1460.0000","0.5760","21.2242","45.50298833","-75.54411061","40.9469","24.1625","28.9781","32.7469","3.0000","0.3937","-1.2195","-3.2993","2.0169","49.2594","11693.7500","70.8945","71.6473","96.7250","243.6435","1.2483","1.2611","27350000.0000","27350000.0000","-2.0507","8.1995","8.6540","-24.2039"
"27.400","57.2353","14","1.1169","0.3394","0.7176","-27.9559","40.1513","10.0644","1460.0000","0.5760","22.6874","45.50299491","-75.54411472","41.3875","24.3375","29.5844","33.3563","3.0000","0.8360","-1.1443","-3.0712","1.9238","39.3063","11778.9053","70.4097","71.4049","99.5379","244.4352","1.2298","1.2472","27400000.0000","27400000.0000","27.9603","-4.1401","27.6504","55.0165"
"27.450","57.7178","14","1.0568","0.3401","0.7702","-26.1766","37.6206","10.1256","1460.0000","0.5760","24.4177","45.50300153","-75.54411879","42.7375","24.3750","31.0328","36.6531","3.0000","0.8976","-1.1706","-2.0927","1.4404","27.3687","11628.3789","70.2450","68.5175","99.7484","245.2342","1.2163","1.2177","27450000.0000","27450000.0000","5.7719","-5.0685","30.3930","46.2920"
"27.500","58.3960","14","0.9667","0.3515","0.7603","-24.4158","34.1150","10.1408","1460.0000","0.5760","27.2431","45.50300845","-75.54412243","42.7750","24.4156","33.1437","37.4375","3.0000","0.4136","-1.2224","-1.4272","0.6267","13.8078","11473.0225","69.2600","69.4150","99.9000","246.0411","1.1855","1.1881","27500000.0000","27500000.0000","-24.0793","17.5326","22.5137","-8.3593"
"27.550","59.0932","14","0.8811","0.3645","0.7471","-22.7526","30.7752","10.1550","1459.5000","0.5760","30.5602","45.50301540","-75.54412609","41.3094","25.5000","32.9250","36.8844","3.0000","0.3193","-1.0283","-1.0971","-0.6135","-0.3590","11305.2441","68.4225","68.5750","99.9000","246.8574","1.1569","1.1678","27550000.0000","27550000.0000","0.4464","19.1866","-2.4730","-7.6590"
"27.600","59.9616","14","0.8363","0.3917","0.7045","-21.9679","28.9270","10.1613","1454.5000","0.5760","32.9906","45.50302260","-75.54412983","42.0250","25.7656","31.8875","36.6312","3.0000","0.3799","-0.9268","-0.4503","-1.5674","-10.6030","11143.5996","67.5098","68.8390","99.9000","247.6840","1.1252","1.1474","27600000.0000","27600000.0000","30.6845","-12.4109","-22.4617","17.3098"
"27.650","60.7978","14","0.7945","0.4175","0.6702","-21.0970","27.1795","10.1716","1450.0000","0.5760","35.6013","45.50302982","-75.54413350","42.8875","24.8516","32.4344","37.2438","3.0000","0.5769","-0.7966","0.2655","-1.7250","-17.2797","10988.5996","67.3975","66.3600","99.9000","248.5237","1.1083","1.1119","27650000.0000","27650000.0000","-6.4931","-24.5287","-0.7790","-15.0757"
"27.700","61.3437","14","0.7788","0.4311","0.7106","-19.4494","26.3397","10.2181","1450.0000","0.5760","37.0663","45.50303729","-75.54413641","42.7188","23.8406","31.6781","35.9938","3.0000","0.7103","-0.9766","0.8470","-0.6352","-17.1688","10871.7559","66.9150","66.0525","99.9000","249.3723","1.0904","1.0764","27700000.0000","27700000.0000","-60.4194","0.3829","38.3405","-53.5577"
"27.750","61.9384","14","0.7608","0.4464","0.7466","-17.7910","25.4240","10.2629","1450.0000","0.5760","38.7736","45.50304481","-75.54413927","38.1437","23.8328","33.8750","33.4750","3.0000","0.7393","-1.0308","1.5648","0.1516","-11.9656","10772.8662","66.0375","64.9750","99.9000","250.2290","1.0655","1.0611","27750000.0000","27750000.0000","-36.8388","1.2622","27.3958","-0.4478"
"27.800","62.9724","14","0.7214","0.4762","0.7438","-16.0341","23.8259","10.2918","1450.0000","0.5760","42.0651","45.50305276","-75.54414161","37.9500","23.8219","35.2625","34.8750","3.0000","0.6949","-0.9390","2.3566","-0.8516","-5.8297","10887.1338","66.0585","65.9293","99.9000","251.0966","1.0479","1.0459","27800000.0000","27800000.0000","24.0939","-50.1664","-25.5087","81.3275"
"27.850","63.9833","14","0.6746","0.5013","0.7369","-14.4321","21.9983","10.3183","1449.5000","0.5760","46.2912","45.50306072","-75.54414400","40.0438","19.6875","32.5875","40.2687","3.0000","0.6190","-1.0050","2.6193","-2.1864","-1.4782","11029.0449","67.1450","66.9400","99.9000","251.9801","1.0484","1.0472","27850000.0000","27850000.0000","11.5817","-87.2696","-39.5636","55.8781"
"27.900","64.7857","14","0.5616","0.4834","0.6934","-14.2235","18.1052","10.3238","1444.5000","0.5760","56.9502","45.50306875","-75.54414673","40.3000","15.4000","30.6406","41.1000","3.0000","0.4061","-1.2217","1.8984","-1.5543","0.2687","11154.5996","67.6300","67.9950","99.9000","252.8754","1.0429","1.0485","27900000.0000","27900000.0000","-51.4923","-50.5584","11.9235","-39.7592"
"27.950","65.5599","15","0.4487","0.4663","0.6581","-14.0232","14.2368","10.3328","1440.0001","0.5760","73.2901","45.50307680","-75.54414947","35.2062","15.3562","33.9094","36.8312","3.0000","0.2471","-1.2600","0.4508","0.0581","0.4845","11281.5557","68.0450","68.5975","99.9156","253.7810","1.0376","1.0454","27950000.0000","27950000.0000","-43.3453","17.4551","53.9938","-50.3972"
"28.000","66.0801","15","0.3368","0.4571","0.6965","-13.8975","10.5901","10.3741","1440.0001","0.5760","99.3094","45.50308489","-75.54415220","34.8125","17.5688","37.5938","35.6437","3.0000","0.5345","-1.0300","-1.0416","0.1402","0.3623","11412.1113","69.3825","68.9175","99.9711","254.6951","1.0493","1.0423","28000000.0000","28000000.0000","36.5738","37.3321","29.5588","32.1148"
"28.050","66.6540","15","0.2232","0.4487","0.7281","-13.7761","6.9103","10.4120","1440.0001","0.5760","153.5143","45.50309303","-75.54415495","39.6469","17.7297","35.2281","40.3844","3.0000","0.7479","-0.8315","-2.1146","-0.9684","0.1124","11566.9336","69.4150","69.9575","100.0000","255.6181","1.0400","1.0444","28050000.0000","28050000.0000","60.6547","7.8139","-17.5011","63.5426"
"28.100","67.7111","15","0.0945","0.4474","0.6979","-13.6936","2.9329","10.4195","1440.0001","0.5760","367.4395","45.50310149","-75.54415777","40.9500","17.7313","34.4250","41.7750","3.0000","0.3974","-1.2725","-2.6773","-1.3295","-0.7486","11748.0449","71.3525","70.9525","100.0000","256.5527","1.0525","1.0466","28100000.0000","28100000.0000","-13.6587","-12.6254","-22.6225","-4.6054"
"28.150","68.7265","15","-0.0359","0.4455","0.6695","-13.6451","-1.0735","10.4277","1440.0001","0.5760","1018.8824","45.50310997","-75.54416061","36.1594","17.6984","35.0687","38.2781","3.0000","0.0068","-1.4280","-2.6367","-0.6863","-2.3053","11853.9775","72.0200","72.8600","100.0000","257.5007","1.0470","1.0444","28150000.0000","28150000.0000","-75.3230","-6.8284","3.4336","-54.7591"
"28.200","69.3672","15","-0.1806","0.4384","0.6567","-13.9022","-5.3409","10.4430","1440.0001","0.5760","206.7096","45.50311849","-75.54416364","33.9875","17.6625","35.1125","37.6000","3.0000","0.1591","-0.8376","-1.9441","-0.0980","-4.5492","11924.5332","71.8049","72.3439","100.0000","258.4596","1.0344","1.0421","28200000.0000","28200000.0000","-42.6224","-2.1442","11.2924","-12.5420"
"28.250","70.0233","15","-0.3138","0.4300","0.6467","-14.1986","-9.2547","10.4598","1439.5000","0.5742","120.4205","45.50312703","-75.54416671","34.6500","16.6203","34.7156","39.3406","3.0000","0.2242","-0.6980","-1.1876","-0.0510","-7.3473","12061.0889","72.2850","73.2275","100.0000","259.4289","1.0313","1.0433","28250000.0000","28250000.0000","23.8166","-7.5426","4.2414","45.0233"
"28.300","70.8180","15","-0.3426","0.4098","0.6612","-14.8493","-9.9867","10.4901","1434.5000","0.5562","112.8607","45.50313568","-75.54417020","35.6063","16.5812","35.3812","40.1625","3.0000","0.1104","-0.6963","-0.9438","-0.2773","-10.1562","12201.8887","74.1400","74.0350","100.0000","260.4081","1.0460","1.0445","28300000.0000","28300000.0000","33.7446","-6.6763","12.5483","32.4114"
"28.350","71.6005","15","-0.3699","0.3922","0.6725","-15.4909","-10.6769","10.5188","1429.9999","0.5400","106.7307","45.50314433","-75.54417373","36.2719","16.6719","36.6937","40.5094","3.0000","0.2534","-0.9482","-1.1018","-0.4570","-11.9930","12288.0000","74.5125","75.1650","100.0000","261.3977","1.0400","1.0337","28350000.0000","28350000.0000","-0.0616","-1.2081","24.7594","-9.5529"
"28.400","72.2728","15","-0.3846","0.3982","0.6540","-16.0495","-10.9916","10.5336","1429.9999","0.5400","104.6486","45.50315312","-75.54417754","36.7062","16.7031","37.3125","41.0750","3.0000","0.4329","-0.8740","-1.1055","-0.2932","-12.6625","12364.7773","74.6585","73.9829","99.9844","262.3969","1.0322","1.0229","28400001.9531","28400000.0000","-13.9520","-7.6746","8.7979","-8.7419"
"28.450","72.9262","15","-0.4061","0.4012","0.6384","-16.6312","-11.4929","10.5492","1429.9999","0.5400","100.9885","45.50316191","-75.54418141","35.5219","15.1414","36.5844","40.8937","3.0000","0.2649","-0.8177","-1.1237","0.2885","-13.2727","12417.5557","75.9100","75.9025","99.9289","263.4065","1.0404","1.0329","28450000.0000","28450000.0000","-7.2647","-24.1890","-24.7235","12.6324"
"28.500","73.4089","15","-0.4885","0.3766","0.6497","-17.4203","-13.6741","10.5717","1429.9999","0.5400","85.4419","45.50317069","-75.54418570","33.9938","14.4000","36.4562","39.9250","3.0000","0.1678","-1.1816","-1.7510","0.8390","-14.3313","12523.6670","76.4625","76.5950","99.9267","264.4233","1.0410","1.0429","28500000.0000","28500000.0000","-12.6068","-25.4546","-23.4820","-0.1365"
"28.550","73.9004","15","-0.5659","0.3511","0.6606","-18.2191","-15.7108","10.5949","1429.5000","0.5400","74.8632","45.50317947","-75.54419005","34.7281","13.9758","34.9625","40.4281","3.0000","0.1788","-1.2913","-2.9523","1.0342","-14.8055","12687.5557","77.3975","76.3450","99.9822","265.4468","1.0463","1.0469","7145969.2383","28550000.0000","-13.8164","1.2132","20.2218","-24.4582"
"28.600","74.4704","15","-0.5976","0.3172","0.6679","-19.1056","-16.4478","10.6250","1424.5000","0.5400","72.0601","45.50318824","-75.54419482","36.0000","14.0891","36.4062","40.7125","3.0000","0.4103","-1.0299","-3.9137","0.7290","-13.7281","12730.9336","76.5951","78.3073","100.0000","266.4774","1.0279","1.0509","61291.9998","28600000.0000","19.5531","32.5238","47.8646","-2.3562"
"28.650","75.0476","15","-0.6270","0.2868","0.6731","-19.9758","-17.1255","10.6542","1420.0000","0.5400","69.7451","45.50319703","-75.54419964","35.7156","15.3148","38.2531","40.3719","3.0000","0.4605","-0.7739","-4.1883","-0.1166","-12.4336","12717.5996","76.9125","76.6100","100.0000","267.5168","1.0241","1.0386","111291.9998","28650000.0000","53.7505","30.1187","15.3436","47.3373"
"28.700","75.6912","15","-0.6365","0.2880","0.6607","-20.6995","-17.2692","10.6758","1420.0000","0.5400","69.7580","45.50320595","-75.54420475","37.6000","20.5125","42.9062","42.8187","3.0000","0.2597","-0.5785","-3.4605","-0.9644","-13.4734","12832.3555","77.5275","77.7400","100.0000","268.5645","1.0236","1.0264","161291.9922","28700000.0000","25.0509","-11.7512","-39.9825","46.9721"
"28.750","76.2826","15","-0.6477","0.2867","0.6489","-21.4573","-17.4596","10.6979","1420.0000","0.5400","69.5364","45.50321484","-75.54420992","39.5844","14.2383","34.1094","45.5563","3.0000","0.0520","-0.9219","-2.1141","-0.4799","-17.0125","12958.9336","80.6650","78.8100","100.0000","269.6200","1.0561","1.0339","211292.0074","28750000.0000","-56.8287","-53.2568","-48.5938","-16.4425"
"28.800","76.4050","15","-0.6749","0.2634","0.6418","-22.5229","-18.0707","10.7237","1420.0000","0.5400","67.2926","45.50322346","-75.54421552","32.3875","11.8938","31.9906","41.5750","3.0000","0.0872","-1.2749","-0.8738","1.1503","-19.8281","13020.5996","78.5854","79.5805","100.0000","270.6800","1.0284","1.0414","261292.0227","28800000.0000","-91.0955","-47.3925","-10.3220","-54.3716"
"28.850","76.5725","15","-0.7021","0.2423","0.6375","-23.5770","-18.6833","10.7517","1419.5000","0.5400","65.2290","45.50323208","-75.54422117","29.1734","11.9570","37.7875","37.4594","3.0000","0.3902","-1.5273","-0.4649","1.7995","-19.4516","13087.2441","78.6300","79.3100","100.0000","271.7428","1.0262","1.0356","311291.9922","28850000.0000","-15.7667","6.2528","17.5607","-5.2504"
"28.900","77.1453","15","-0.7296","0.2405","0.6573","-24.5281","-19.3089","10.7993","1414.5000","0.5400","63.5876","45.50324076","-75.54422727","34.9875","12.3906","34.6813","45.2313","3.0000","0.4784","-1.4617","-0.4947","1.1812","-17.2281","13166.6885","78.9750","79.4950","100.0000","272.8111","1.0231","1.0298","361291.9922","28900000.0000","79.7643","50.2640","6.2989","63.2101"
"28.950","77.6933","15","-0.7542","0.2368","0.6775","-25.4808","-19.8571","10.8454","1410.0000","0.5400","62.2714","45.50324944","-75.54423342","37.1125","14.9734","34.4844","45.3031","3.0000","0.5363","-1.0295","0.4008","0.5147","-16.2250","13224.0000","79.0425","80.3300","100.0000","273.8866","1.0169","1.0325","411291.9922","28950000.0000","70.0289","44.3398","-8.2013","53.9384"
"29.000","78.0186","15","-0.7524","0.2175","0.7011","-26.4487","-19.7082","10.8787","1410.0000","0.5400","63.0045","45.50325805","-75.54424003","36.4750","16.7844","37.0563","44.9500","3.0000","0.5155","-0.9487","2.2055","0.2044","-17.5938","13257.3330","79.2450","80.7900","100.0000","274.9679","1.0154","1.0352","461291.9922","29000000.0000","-22.5525","6.9552","3.7729","-14.2880"
"29.050","78.3385","15","-0.7503","0.1974","0.7211","-27.4250","-19.5530","10.9105","1410.0000","0.5400","63.7651","45.50326665","-75.54424670","36.3500","16.6953","34.9594","44.9031","3.0000","0.5358","-0.9333","4.1145","0.1271","-19.5875","13312.9551","81.3025","80.5925","100.0000","276.0543","1.0376","1.0340","511291.9922","29050000.0000","-65.6951","-23.1611","12.2573","-43.8148"
"29.100","78.6099","15","-0.7453","0.1709","0.7077","-28.4778","-19.3407","10.9291","1410.0000","0.5400","64.6883","45.50327508","-75.54425385","34.0625","14.4484","34.5000","44.0812","3.0000","0.2450","-0.9762","5.3602","0.0725","-19.8406","13379.0664","81.6275","81.2050","100.0000","277.1446","1.0381","1.0327","561291.9922","29100000.0000","-9.0424","-32.7664","-16.8607","-6.1415"
"29.150","78.8693","15","-0.7380","0.1448","0.6977","-29.5037","-19.0726","10.9487","1410.0000","0.5400","65.8141","45.50328351","-75.54426104","33.1219","12.8180","34.8187","42.8063","2.5200","0.1715","-1.1565","5.0465","-0.1721","-17.7234","12951.8887","79.9282","79.9487","100.0000","278.2383","1.0132","1.0231","611291.9922","29150000.0000","46.3209","-27.1714","-50.0026","20.6151"
"29.200","79.0201","15","-0.7102","0.1222","0.7171","-30.2885","-18.3017","10.9776","1410.0000","0.5400","68.7173","45.50329191","-75.54426848","36.1375","12.5484","32.2500","43.7812","-0.4000","-0.0905","-1.1743","3.2329","0.0163","-14.2433","12432.9111","77.9805","80.1049","100.0000","279.3348","0.9867","1.0136","661291.9922","29200000.0000","13.6820","-10.2243","-31.7292","-14.8293"
"29.250","79.1595","15","-0.6810","0.1009","0.7355","-31.0749","-17.4955","11.0064","1409.5000","0.5400","72.0105","45.50330030","-75.54427597","36.5750","11.9453","30.5938","43.0500","4.0000","-0.1371","-1.1167","1.2801","1.1360","-10.9750","11631.7998","80.8125","80.2825","100.0000","280.4335","1.0209","1.0094","711291.9922","29250000.0000","-36.3501","14.1579","19.4463","-47.8958"
"29.300","79.1952","15","-0.6385","0.0908","0.7446","-31.8754","-16.3713","11.0346","1404.5000","0.5400","76.9902","45.50330851","-75.54428373","33.9437","13.2391","33.2062","39.9750","4.0000","-0.2078","-1.0356","0.2101","1.5058","-8.8691","11189.7109","79.2100","79.6075","100.0000","281.5332","1.0002","1.0052","761291.9922","29300000.0000","-1.4773","26.0933","32.5946","-9.8332"
"29.350","79.2382","15","-0.5987","0.0821","0.7522","-32.6577","-15.3183","11.0615","1400.0000","0.5400","82.3275","45.50331672","-75.54429151","35.4938","14.5078","34.0594","41.3750","4.0000","-0.2025","-0.8824","-0.0340","0.0066","-8.4145","11670.8223","79.1615","79.2769","100.0000","282.6335","0.9997","1.0075","811291.9922","29350000.0000","66.2966","12.4433","-2.8345","50.2681"
"29.400","79.3460","15","-0.5835","0.0870","0.7463","-33.2754","-14.9057","11.0755","1400.0000","0.5400","84.7214","45.50332487","-75.54429952","39.8125","14.5688","32.6937","45.1312","4.0000","0.0993","-0.8668","-0.0243","-1.2335","-9.9242","11957.0000","81.4878","80.1366","100.0000","283.7349","1.0269","1.0099","861291.9922","29400000.0000","37.5281","-6.1719","-13.3824","33.1115"
"29.450","79.4668","15","-0.5655","0.0970","0.7426","-33.9022","-14.4207","11.0916","1400.0000","0.5400","87.7042","45.50333302","-75.54430756","39.5375","13.8562","32.6188","44.5000","4.0000","0.0828","-1.2922","0.1519","-0.1414","-12.2227","12032.0000","85.9175","82.6075","100.0000","284.8380","1.0809","1.0225","911292.0532","29450000.0000","-66.0509","0.3634","30.4622","-45.3321"
"29.500","79.7052","15","-0.5218","0.1540","0.7599","-34.6094","-13.2840","11.1262","1400.0000","0.5400","95.4948","45.50334111","-75.54431590","32.4250","14.6609","36.6312","39.9188","4.0000","-0.0277","-1.4980","0.4233","2.0246","-13.1246","12027.6670","82.0125","82.5200","100.0000","285.9437","1.0287","1.0351","961291.9922","29500000.0000","-86.9113","24.5864","57.1087","-65.5011"
"29.550","80.0115","15","-0.4773","0.2096","0.7752","-35.3000","-12.1228","11.1598","1400.0000","0.5400","105.0433","45.50334921","-75.54432429","31.5391","16.2078","37.8937","38.6562","4.0000","-0.2419","-1.4536","0.2218","2.4716","-11.6027","11986.0000","83.3667","83.0590","100.0000","287.0536","1.0399","1.0260","1011291.9922","29550000.0000","14.1933","31.9636","7.3396","5.0992"
"29.600","80.9286","15","-0.4246","0.2538","0.7739","-35.8410","-10.7421","11.1841","1400.0000","0.5400","119.9035","45.50335739","-75.54433310","35.6875","17.0812","35.4313","41.2375","4.0000","-0.3513","-1.4463","-0.1501","0.8659","-8.5410","12062.1553","83.4244","82.3683","100.0000","288.1720","1.0299","1.0169","1061291.9922","29600000.0000","84.6159","10.9067","-58.6850","54.8470"
"29.650","81.8120","15","-0.3694","0.2970","0.7697","-36.3513","-9.2998","11.2072","1400.0000","0.5400","140.0121","45.50336559","-75.54434192","37.7687","17.0984","33.8063","42.2812","4.0000","-0.0672","-1.4241","-0.1387","-0.8677","-5.5531","12151.4443","84.0375","83.9750","100.0000","289.3037","1.0267","1.0202","1111291.9922","29650000.0000","31.4506","-8.4734","-54.0483","9.9194"
"29.700","82.3910","15","-0.2915","0.3315","0.7405","-36.5841","-7.3022","11.2204","1400.0000","0.5400","179.5761","45.50337388","-75.54435075","37.0312","17.1000","32.0062","41.2562","4.0000","0.1720","-0.9016","0.2857","-1.4979","-2.9397","12207.0000","83.9800","84.3850","100.0000","290.4448","1.0187","1.0236","1161291.9922","29700000.0000","-35.7600","-2.8505","-1.7270","-49.1890"
"29.750","82.9566","15","-0.2100","0.3624","0.7154","-36.8018","-5.2220","11.2348","1399.5000","0.5400","252.8352","45.50338218","-75.54435960","36.9125","17.2078","31.6922","39.9125","4.0000","0.0494","-0.5962","0.5445","-1.4153","-0.4129","12263.0225","84.2200","85.9600","100.0000","291.5934","1.0149","1.0232","1211291.9922","29750000.0000","-8.9259","14.9151","16.1412","-32.5385"
"29.800","83.4008","15","-0.0964","0.3620","0.7279","-36.8832","-2.3982","11.2604","1394.5000","0.5400","553.4778","45.50339054","-75.54436857","37.7812","18.1219","32.5938","38.9625","4.0000","0.1551","-0.9359","0.2859","-1.4696","1.8667","12320.2441","85.8585","85.3293","100.0000","292.7487","1.0290","1.0227","1261291.9922","29800000.0000","46.1685","17.9646","-16.2000","16.1272"
"29.850","83.8592","15","0.0151","0.3590","0.7366","-36.9131","0.3665","11.2832","1390.0000","0.5400","3641.7737","45.50339894","-75.54437752","39.1906","18.6797","30.9547","39.7344","4.0000","0.2361","-1.3455","0.0978","-1.6137","4.0584","12389.2002","86.8350","86.1200","100.0000","293.9112","1.0349","1.0222","1311291.9922","29850000.0000","28.2354","8.3207","-45.8375","9.8053"
"29.900","84.4467","15","0.1078","0.3327","0.7120","-36.4809","2.6000","11.2818","1390.0000","0.5400","516.9351","45.50340762","-75.54438635","39.9313","19.0281","28.1688","39.3063","4.0000","0.3031","-1.2996","0.5262","-1.0590","6.2955","12470.8662","86.7150","86.3325","100.0000","295.0808","1.0263","1.0218","1361291.9922","29900000.0000","-27.9282","2.1253","-41.2846","-35.5935"
"29.950","85.0165","15","0.1986","0.3066","0.6896","-36.0507","4.7832","11.2830","1390.0000","0.5400","282.8798","45.50341632","-75.54439516","37.9188","18.7219","27.0859","37.7719","4.0000","0.2442","-1.0437","1.4560","0.0808","8.1412","12546.4893","87.3974","87.0333","100.0000","296.2580","1.0277","1.0267","1411291.9922","29950000.0000","-35.0076","-1.8888","-21.3939","-44.5418"
"30.000","85.4281","15","0.2726","0.2812","0.6878","-35.6402","6.5147","11.3083","1390.0000","0.5400","208.7023","45.50342520","-75.54440387","36.7750","18.6562","26.5562","35.1813","4.0000","0.2144","-1.2532","3.0571","1.0167","8.9502","12619.2666","88.2512","88.1659","100.0000","297.4416","1.0326","1.0316","1461291.9922","30000000.0000","-6.8111","-9.4785","0.1705","-9.9272"
"30.050","85.8429","15","0.3405","0.2573","0.6869","-35.2344","8.0989","11.3329","1390.0000","0.5400","168.6933","45.50343410","-75.54441256","36.4062","18.0328","27.3312","36.4156","4.0000","0.1304","-1.2690","4.9170","1.3431","8.5750","12686.1777","87.6025","87.8025","100.0000","298.6318","1.0201","1.0281","1511291.9922","30050000.0000","-1.3419","-11.3044","29.7154","19.4791"
"30.100","86.2855","15","0.3533","0.2470","0.6948","-34.8709","8.3580","11.3516","1390.0000","0.5400","164.3074","45.50344311","-75.54442122","36.3688","17.9844","29.8031","37.5000","4.0000","0.1758","-0.9683","6.0443","0.9176","7.4928","12750.0225","88.5050","88.4425","100.0000","299.8278","1.0253","1.0246","1561291.9922","30100000.0000","-4.4253","-2.0415","51.8139","26.7877"
"30.150","86.7314","15","0.3630","0.2391","0.7005","-34.5158","8.5465","11.3696","1389.5000","0.5400","161.5135","45.50345213","-75.54442987","36.6125","18.0984","31.8844","38.5906","4.0000","0.2749","-0.9203","5.9709","-0.1134","6.4076","12787.7998","88.9100","89.5400","100.0000","301.0297","1.0245","1.0222","1611291.9922","30150000.0000","25.7970","7.6220","42.7423","30.4955"
"30.200","87.2077","15","0.3457","0.2524","0.6864","-34.2372","8.1002","11.3818","1384.5000","0.5400","171.3473","45.50346133","-75.54443846","38.7438","18.2094","33.4375","40.1750","4.0000","0.2742","-0.9934","4.8430","-1.5592","6.3037","12834.7559","88.2829","88.9805","100.0000","302.2377","1.0119","1.0199","1661291.9922","30200000.0000","56.9724","10.7109","14.0589","29.4895"
"30.250","87.6901","15","0.3271","0.2625","0.6707","-33.9439","7.6259","11.3927","1380.0000","0.5418","183.0124","45.50347054","-75.54444704","40.2156","19.3953","34.3688","40.5094","4.0000","0.1497","-1.1223","3.5150","-2.9422","6.9707","12905.3115","89.8450","88.9025","100.0000","303.4532","1.0241","1.0195","1711291.9922","30250000.0000","31.8967","10.7772","-10.6674","11.4714"
"30.300","88.2270","15","0.2973","0.2443","0.6415","-33.5181","6.8985","11.3915","1380.0000","0.5598","203.5477","45.50347992","-75.54445555","41.6750","19.6500","32.1813","42.0563","4.0000","0.1747","-1.0911","2.9039","-3.2320","7.0162","12958.0000","90.0150","89.9625","100.0000","304.6757","1.0198","1.0192","1761291.9922","30300000.0000","-24.7772","-4.7018","-44.4318","-8.9905"
"30.350","88.7298","15","0.2671","0.2266","0.6144","-33.1195","6.1619","11.3918","1380.0000","0.5742","229.1797","45.50348931","-75.54446406","39.1813","17.7047","29.2906","40.2812","4.0000","0.1109","-1.1750","2.9958","-1.7226","5.6229","12991.3330","91.0154","90.2000","100.0000","305.9047","1.0253","1.0199","1811291.9922","30350000.0000","-62.4055","-45.7338","-81.3297","-31.9486"
"30.400","88.9256","15","0.2325","0.2138","0.6058","-32.9659","5.3419","11.4054","1380.0000","0.5562","264.9404","45.50349868","-75.54447254","34.7750","14.4922","25.6719","36.6437","4.0000","0.1181","-1.3740","3.3018","1.1818","4.1489","13063.5781","90.8610","90.7756","100.0000","307.1382","1.0216","1.0206","1861291.9922","30400000.0000","-73.1593","-73.3695","-60.1906","-70.0071"
"30.450","89.1199","15","0.2027","0.2020","0.6020","-32.7922","4.6334","11.4217","1380.0000","0.5418","306.1250","45.50350808","-75.54448101","31.3547","13.4852","25.0672","33.8187","4.0000","0.3638","-1.5037","2.8446","4.0696","4.1370","13154.1338","90.5400","90.3825","100.0000","308.3751","1.0158","1.0201","1911291.9922","30450000.0000","-51.6259","-24.3063","52.1883","-82.4903"
"30.500","89.3020","15","0.2164","0.1987","0.6410","-32.4376","4.9272","11.4621","1380.0000","0.5598","288.4579","45.50351766","-75.54448937","33.0312","12.5266","29.1750","31.9500","4.0000","0.4640","-1.2542","0.9490","5.0730","4.9873","13182.1113","92.1200","91.0725","100.0000","309.6143","1.0314","1.0197","1961291.9922","30500000.0000","33.9150","70.8274","156.9121","3.7048"
"30.550","89.5284","15","0.2307","0.1942","0.6751","-32.1009","5.2309","11.5001","1380.0000","0.5760","272.3993","45.50352725","-75.54449774","35.0969","18.4094","38.2875","34.4125","4.0000","0.6385","-0.5373","-1.4497","2.3229","5.2141","13215.0225","91.2282","91.2615","99.9200","310.8568","1.0191","1.0307","2011291.9922","30550000.0000","154.1889","99.6617","123.3600","158.4596"
"30.600","90.1542","15","0.2490","0.1797","0.6645","-31.9253","5.6235","11.5171","1380.0000","0.5760","255.1539","45.50353691","-75.54450622","44.1250","22.1875","41.2125","44.6500","4.0000","0.1848","-0.3492","-3.0796","-2.9265","4.5996","13402.7998","91.9781","93.9732","98.9200","312.1050","1.0197","1.0418","2061291.9922","30600000.0000","166.9857","26.0469","-11.4912","196.3682"
"30.650","90.7319","15","0.2685","0.1664","0.6505","-31.7302","6.0428","11.5309","1380.0000","0.5760","238.9690","45.50354659","-75.54451467","50.3531","20.2500","36.3500","51.0687","4.0000","-0.2619","-0.7562","-4.0027","-6.3689","3.8809","13518.2441","92.6200","91.6375","96.3333","313.3622","1.0207","1.0259","2111291.9922","30650000.0000","1.6098","-54.9532","-103.2393","15.3703"
"30.700","90.8760","15","0.2989","0.1640","0.6061","-31.3596","6.7030","11.5161","1380.0000","0.5760","215.7752","45.50355635","-75.54452285","45.5875","16.8937","31.9188","44.8125","4.0000","-0.2616","-1.1790","-4.5961","-5.3066","4.3963","13447.6885","91.9275","91.7900","89.6667","314.6235","1.0114","1.0099","2161291.9922","30700000.0000","-167.3972","-52.0328","-97.9018","-191.2896"
"30.750","91.0228","15","0.3313","0.1618","0.5644","-30.9648","7.4083","11.5031","1379.5000","0.5760","195.5463","45.50356614","-75.54453100","35.1312","16.2000","28.1891","35.5344","4.0000","-0.1308","-1.2178","-4.6119","-2.0945","6.1752","13398.2002","93.0026","91.7590","84.9200","315.8868","1.0219","1.0123","2211291.9922","30750000.0000","-139.3490","-4.0079","-52.0569","-178.9753"
"30.800","91.1938","15","0.3824","0.1607","0.5480","-30.3519","8.5204","11.5065","1374.5000","0.5760","170.3438","45.50357619","-75.54453889","33.1937","16.4156","27.8219","30.5844","4.0000","0.0784","-1.1626","-3.6095","-0.5253","7.9067","13371.5332","93.3805","92.5366","82.2533","317.1523","1.0238","1.0146","2261291.9922","30800000.0000","19.6958","3.2089","-14.0494","1.8232"
"30.850","91.3752","15","0.4355","0.1562","0.5332","-29.7460","9.6772","11.5106","1370.0000","0.5760","150.2797","45.50358624","-75.54454675","37.9781","16.1313","26.5078","35.7000","4.0000","0.0771","-1.0559","-2.2519","-0.7958","9.2934","13345.2441","93.3300","92.1800","80.1911","318.4205","1.0211","1.0181","2311291.9922","30850000.0000","98.7686","-12.3245","35.4638","109.3721"
"30.900","91.6500","15","0.5073","0.1216","0.5338","-29.2029","11.2365","11.5204","1370.0000","0.5760","129.8135","45.50359636","-75.54455444","41.2062","15.2375","30.9656","39.2875","4.0000","0.0088","-1.1372","-1.8910","-1.0542","10.7949","13319.1338","94.0950","93.6600","78.4133","319.6919","1.0264","1.0217","2361291.9922","30900000.0000","49.7797","14.1220","76.5935","56.3669"
"30.950","91.8964","15","0.5772","0.0815","0.5317","-28.6426","12.7522","11.5290","1370.0000","0.5760","114.6918","45.50360649","-75.54456208","41.3344","17.2359","33.3500","39.3406","4.0000","0.0054","-1.0679","-2.4998","-1.2368","12.7773","12923.4219","92.3308","92.9795","65.9778","320.9665","1.0053","0.9995","2411291.9922","30950000.0000","6.7158","53.6441","37.7954","-15.8462"
"31.000","91.8873","15","0.6291","-0.0083","0.5059","-27.9281","13.8746","11.5264","1370.0000","0.5760","105.4033","45.50361678","-75.54456936","42.7125","19.8438","33.2250","39.9938","4.0000","0.0419","-0.9304","-3.2758","-2.1924","15.6352","12513.0000","91.4829","89.7976","52.6400","322.2426","0.9956","0.9773","2461291.9922","31000000.0000","38.8880","22.7760","-70.2251","5.3265"
"31.050","91.8331","15","0.6832","-0.0975","0.4785","-27.1840","15.0514","11.5226","1370.0000","0.5742","97.1050","45.50362708","-75.54457657","45.4469","19.1094","26.8516","41.1906","4.0000","-0.1089","-0.9340","-3.6661","-3.4025","18.8945","12513.0000","89.1725","86.8650","45.6400","323.5182","0.9715","0.9538","2511291.9922","31050000.0000","50.5122","-60.6550","-130.9791","34.8267"
"31.100","91.3731","15","0.7573","-0.1808","0.4377","-26.1744","16.7179","11.5081","1370.0000","0.5562","86.9874","45.50363735","-75.54458316","45.8063","14.0047","22.1938","40.8250","4.0000","-0.5327","-1.0581","-3.8570","-3.0625","20.5875","12520.4668","89.1000","84.9775","40.2578","324.7899","0.9755","0.9304","2561291.9922","31100000.0000","-14.5175","-77.6974","-73.3398","-21.4148"
"31.150","90.8389","15","0.8266","-0.2606","0.4037","-25.1773","18.2881","11.4974","1370.0000","0.5400","79.0541","45.50364761","-75.54458969","43.5563","13.7758","21.4750","38.2094","4.0000","-0.5306","-1.1411","-3.8483","-1.0022","19.9039","12547.1338","89.4100","85.5775","39.0356","326.0542","0.9851","0.9493","2611291.9922","31150000.0000","-58.5936","8.8510","39.4351","-77.8056"
"31.200","89.6377","15","0.8538","-0.3091","0.4313","-24.2938","18.9912","11.5210","1370.0000","0.5400","75.1204","45.50365773","-75.54459562","42.7750","14.8969","23.4438","36.4437","4.0000","-0.3141","-1.0989","-2.8827","0.7473","18.2273","12517.5332","87.8707","86.6951","39.0133","327.3067","0.9813","0.9682","2661291.9922","31200000.0000","-2.4992","81.3859","83.2414","-17.1831"
"31.250","88.5054","15","0.8820","-0.3565","0.4544","-23.3768","19.7223","11.5416","1370.0000","0.5400","71.4222","45.50366786","-75.54460149","43.9437","18.9844","27.8016","37.3656","4.0000","-0.4312","-0.8600","-1.1236","0.7564","17.4984","12426.9775","87.4100","86.0500","40.2911","328.5417","0.9880","0.9630","2711291.9922","31250000.0000","65.3916","47.4883","27.0585","86.7275"
"31.300","87.9941","15","0.9190","-0.3932","0.4366","-22.1579","20.7039","11.5354","1370.0000","0.5400","67.6427","45.50367812","-75.54460672","46.4938","19.2437","27.5531","41.7313","4.0000","-0.5288","-0.7906","0.3280","-0.0508","18.8305","12393.4668","86.7550","84.2325","42.0222","329.7668","0.9864","0.9577","2761291.9922","31300000.0000","28.2578","-23.7181","-41.4057","63.1640"
"31.350","87.4736","15","0.9569","-0.4228","0.4173","-20.9453","21.7138","11.5284","1369.5000","0.5418","64.1152","45.50368838","-75.54461188","46.7562","18.8531","23.6625","42.0187","4.0000","-0.4707","-0.9401","0.9972","0.0470","20.6000","12386.7998","86.1325","84.4425","43.9667","330.9848","0.9851","0.9665","2811291.9922","31350000.0000","-65.9360","-26.8554","-41.0078","-70.7954"
"31.400","86.8701","15","1.0033","-0.3890","0.3835","-19.7881","22.9772","11.5136","1364.5000","0.5598","60.1720","45.50369860","-75.54461644","42.3750","17.8438","23.9937","37.0125","4.0000","-0.3179","-1.1970","0.9883","0.7217","19.8070","12549.2891","85.9439","84.6829","46.1556","332.1953","0.9899","0.9754","2861291.9922","31400000.0000","-73.1426","21.6529","21.4040","-107.4755"
"31.450","86.2872","15","1.0466","-0.3510","0.3528","-18.6515","24.1711","11.5006","1360.0000","0.5742","56.8158","45.50370881","-75.54462096","40.9844","18.4672","26.5156","34.1562","4.0000","0.0522","-1.1396","1.2324","0.2496","17.0680","12711.6885","86.2775","85.9975","48.4133","333.3967","1.0002","0.9887","2911291.9922","31450000.0000","22.3800","40.7410","78.2924","28.9944"
"31.500","85.8899","15","1.0629","-0.2759","0.3501","-17.6998","24.7408","11.5036","1360.0000","0.5562","55.2521","45.50371905","-75.54462502","43.3500","22.0156","30.6594","38.0625","4.0000","0.2458","-1.0823","2.3227","-1.6893","16.1699","12607.7998","85.1625","86.0400","51.0800","334.5918","0.9919","1.0021","2961291.9922","31500000.0000","84.5082","27.1314","68.5629","143.0158"
"31.550","85.5290","15","1.0769","-0.2010","0.3450","-16.6875","25.2490","11.5049","1360.0000","0.5418","53.9125","45.50372932","-75.54462900","47.8750","23.0187","31.9000","45.7531","4.0000","0.0364","-0.9535","3.6943","-3.2660","19.1844","12524.2891","85.7875","86.1800","53.2956","335.7822","1.0032","1.0134","3011291.9922","31550000.0000","36.2482","41.3615","-4.7557","67.3823"
"31.600","85.4948","15","1.0699","-0.1278","0.3182","-15.1293","25.2042","11.4913","1360.0000","0.5598","53.9867","45.50373978","-75.54463218","47.5500","23.9937","30.3531","45.0625","4.0000","-0.0660","-0.8593","4.6469","-3.3446","24.6834","12493.1777","87.8073","87.5951","54.3511","336.9701","1.0271","1.0246","3061291.9922","31600000.0000","-34.7686","74.2088","-67.7819","-79.5346"
"31.650","85.4576","15","1.0631","-0.0575","0.2874","-13.5771","25.1569","11.4753","1360.0000","0.5760","54.0648","45.50375024","-75.54463528","43.8281","28.4375","27.6656","39.2375","4.0000","0.2305","-0.7705","5.8195","-2.9219","29.3750","12458.0664","86.0550","87.0600","55.1400","338.1572","1.0071","1.0205","3111291.9922","31650000.0000","-32.7703","44.0513","-61.3901","-98.6966"
"31.700","85.3939","15","1.0582","-0.0139","0.2199","-12.0798","25.0863","11.4370","1360.0000","0.5760","54.1765","45.50376073","-75.54463767","44.3250","30.1063","25.5031","36.9250","4.0000","0.2751","-0.9297","8.2523","-3.1289","30.1750","12418.6221","85.8850","86.7925","55.6400","339.3436","1.0058","1.0164","3161291.9922","31700000.0000","8.0194","-51.9905","-6.1624","-4.9469"
"31.750","85.3213","15","1.0542","0.0241","0.1565","-10.6359","25.0298","11.4005","1360.0000","0.5760","54.2526","45.50377122","-75.54464002","45.0781","23.9172","26.3953","38.7812","4.0000","0.1357","-0.9688","10.3500","-3.5160","26.3516","12355.0000","85.2900","86.5925","56.2156","340.5290","0.9998","1.0128","3211291.9922","31750000.0000","6.3114","-111.8792","42.7626","43.8249"
"31.800","85.1685","15","1.0572","0.0121","0.1295","-9.6728","25.0997","11.3813","1360.0000","0.5760","54.0046","45.50378167","-75.54464207","43.7875","18.3406","29.2406","40.2812","4.0000","-0.2559","-1.0940","9.7781","-3.0719","19.8031","12280.0000","85.0683","85.9317","56.8267","341.7128","0.9989","1.0091","3261291.9922","31800000.0000","-28.7950","-73.4429","52.8298","3.3580"
"31.850","85.0398","15","1.0609","0.0044","0.0992","-8.7160","25.1886","11.3610","1360.0000","0.5760","53.7327","45.50379212","-75.54464407","41.5438","18.5203","30.7609","37.2469","4.0000","0.0663","-1.1777","7.0516","-2.2049","14.1133","12397.1338","86.0700","84.6000","64.4778","342.8947","1.0120","1.0070","3311291.9922","31850000.0000","-26.4851","5.7178","25.4390","-33.7760"
"31.900","85.1282","15","1.0714","0.0347","0.0386","-7.8163","25.4480","11.3300","1360.0000","0.5760","53.2401","45.50380268","-75.54464567","42.5062","19.7000","31.6594","38.2500","4.0000","0.4433","-0.9906","3.2984","-1.3492","13.2469","12537.4893","86.3550","85.5450","73.2800","344.0765","1.0143","1.0048","3361291.9922","31900000.0000","17.6504","38.0114","-13.8761","-20.7662"
"31.950","85.2274","15","1.0802","0.0621","-0.0209","-6.8326","25.6662","11.2989","1360.0000","0.5760","52.8491","45.50381324","-75.54464715","44.1688","19.9172","28.2000","37.1813","4.0000","0.2329","-0.9343","-0.5600","-0.4992","18.2125","12643.5996","87.1116","87.4093","84.2800","345.2597","1.0219","1.0191","3411291.9922","31950000.0000","36.0018","22.4901","-30.2599","-6.9354"
"32.000","85.4244","15","1.0746","0.0621","-0.0699","-5.0918","25.5124","11.2653","1360.0000","0.5760","53.2906","45.50382395","-75.54464764","43.3937","20.6437","28.5875","34.7313","4.0000","-0.0305","-0.8126","-3.4524","-0.2261","26.5864","12739.7559","87.4103","88.2795","93.1645","346.4448","1.0231","1.0333","3461291.9922","32000000.0000","6.8909","8.0832","-7.8461","-13.2468"
"32.050","85.5965","15","1.0693","0.0636","-0.1174","-3.3798","25.3674","11.2325","1360.0000","0.5778","53.7033","45.50383465","-75.54464806","45.2531","22.4578","28.2188","35.3250","4.0000","0.0688","-0.8336","-4.5594","-0.6915","32.8266","12810.3115","88.1220","87.6463","96.6089","347.6327","1.0296","1.0381","3511291.9922","32050000.0000","-14.2717","-0.8753","21.2915","-2.8977"
"32.100","85.5440","15","1.0674","0.0776","-0.1515","-1.9265","25.3013","11.2061","1360.0000","0.5958","53.8105","45.50384529","-75.54464779","44.9125","20.4875","28.8062","37.0938","4.0000","0.2505","-0.8063","-5.1822","-1.1281","32.9781","12813.1338","88.6900","89.2075","98.7467","348.8211","1.0368","1.0429","3561291.9922","32100000.0000","1.2581","-18.8336","7.5297","17.7262"
"32.150","85.5350","15","1.0675","0.0948","-0.1883","-0.5421","25.2836","11.1781","1359.5001","0.6102","53.8426","45.50385595","-75.54464751","44.9688","19.5063","30.1703","36.6625","4.0000","0.2825","-0.9504","-6.7354","-1.0168","28.2023","12742.5781","87.8800","88.1300","99.4689","350.0095","1.0273","1.0288","3611291.9922","32150000.0000","8.4756","-28.1917","-35.5579","-1.7359"
"32.200","85.9172","15","1.0866","0.1399","-0.2503","0.2220","25.7009","11.1365","1354.5001","0.5922","53.2049","45.50386673","-75.54464704","44.9625","19.5344","26.1125","35.4688","4.0000","0.2725","-1.0708","-8.2184","-0.0939","22.1547","12709.4219","88.7051","87.2103","99.7378","351.2003","1.0322","1.0148","3661291.9922","32200000.0000","-20.8810","-7.3844","-33.8123","-42.5667"
"32.250","86.2903","15","1.0940","0.1814","-0.3091","1.0549","25.8361","11.0965","1350.0000","0.5760","53.1563","45.50387751","-75.54464647","43.8906","19.5109","27.2031","34.0719","4.0000","0.1765","-1.0464","-8.3906","1.1063","17.5219","12693.8662","88.9000","88.3024","99.7933","352.3969","1.0301","1.0191","3711291.9922","32250000.0000","-34.6551","18.4487","29.9690","-27.9369"
"32.300","86.5824","15","0.9951","0.1900","-0.3386","2.5057","23.4323","11.0719","1350.0000","0.5760","58.8079","45.50388833","-75.54464504","43.0250","19.5500","28.9594","33.7188","4.0000","0.1772","-1.1562","-7.3100","1.3504","14.2289","12697.8662","88.2175","88.6350","99.8489","353.5977","1.0187","1.0235","3761291.9922","32300000.0000","0.3529","9.8653","70.9312","38.9916"
"32.350","86.8793","15","0.8865","0.1955","-0.3679","3.8844","20.8021","11.0472","1350.0000","0.5778","66.4704","45.50389915","-75.54464359","42.2687","20.1203","33.6156","35.8625","4.0000","0.2325","-0.9379","-5.9572","0.4349","11.0867","12703.6445","87.9100","88.4075","99.9000","354.8025","1.0116","1.0156","3811291.9922","32350000.0000","18.4643","-28.6344","34.1162","68.5433"
"32.400","87.2191","15","0.6896","0.1732","-0.3956","4.6132","16.1358","11.0211","1350.0000","0.5958","86.0281","45.50391004","-75.54464200","44.0938","17.4906","32.4062","39.9750","4.0000","0.1196","-0.8323","-5.2157","-0.1065","6.6603","12699.2002","88.0256","87.9180","99.9000","356.0115","1.0090","1.0078","3861291.9922","32400001.9531","-37.3254","-57.6899","-13.0244","31.7996"
"32.450","87.5353","15","0.4910","0.1520","-0.4220","5.2507","11.4358","10.9946","1350.0000","0.6120","121.8246","45.50392094","-75.54464045","39.8719","14.5219","32.3547","39.8844","4.0000","-0.0350","-1.0818","-4.5777","0.3620","0.2689","12721.3555","88.8244","88.8049","99.9000","357.2256","1.0147","1.0163","3911291.9922","32449998.0469","-102.5320","-57.5629","4.3314","-7.2928"
"32.500","87.6376","15","0.2764","0.1406","-0.4369","5.0676","6.4327","10.9641","1350.0000","0.6120","216.8301","45.50393188","-75.54463917","34.7750","12.2875","34.6063","39.0250","4.0000","-0.0036","-1.1440","-3.8219","1.2141","-6.9117","12811.9111","88.9250","89.8250","99.9000","358.4421","1.0146","1.0249","3961291.9922","32500000.0000","-76.0461","-36.9266","40.1842","0.4696"
"32.550","87.7440","15","0.0671","0.1294","-0.4536","4.8457","1.5550","10.9340","1350.0000","0.6120","898.0623","45.50394281","-75.54463794","33.9562","11.3766","35.9562","40.4500","4.0000","0.1377","-1.0439","-3.7867","1.6200","-11.4453","12865.4004","89.8650","89.9900","99.9000","359.6601","1.0240","1.0181","4011292.2363","32550001.9531","17.6714","-9.5745","14.5284","19.7817"
"32.600","87.8866","15","-0.0954","0.1194","-0.4873","4.2742","-2.1931","10.9069","1350.0000","0.6120","637.7973","45.50395378","-75.54463719","35.7062","11.5234","34.5187","40.9875","4.0000","0.4782","-1.1470","-4.7133","1.3973","-11.0094","12878.7334","89.9846","88.8923","99.9000","360.8798","1.0238","1.0113","4061292.2363","32599998.0469","54.8719","9.0724","-40.6084","8.8072"
"32.650","88.0484","15","-0.2589","0.1081","-0.5195","3.7522","-5.9608","10.8796","1350.0000","0.6120","235.0903","45.50396476","-75.54463642","37.1125","11.7391","32.5781","40.4000","4.0000","0.4615","-1.1904","-5.4258","1.2089","-8.6375","12883.0000","89.4585","88.8634","99.9000","362.1019","1.0157","1.0151","4111291.9922","32650000.0000","-2.2751","6.6774","-29.5353","-10.7633"
"32.700","88.3835","15","-0.4314","0.0852","-0.5389","3.6742","-9.9051","10.8512","1350.0000","0.6120","142.0148","45.50397587","-75.54463550","36.3438","11.8531","32.2906","40.1063","4.0000","0.1285","-1.3718","-4.5523","1.5697","-10.0281","12883.0000","89.0750","90.0775","99.9000","363.3275","1.0076","1.0189","4161291.9922","32700000.0000","-51.6559","-4.1586","35.7012","-2.8074"
"32.750","88.6851","15","-0.6004","0.0669","-0.5552","3.4618","-13.7667","10.8254","1350.0000","0.6120","102.5274","45.50398698","-75.54463470","32.3438","11.8766","34.9938","40.3688","4.0000","0.3104","-1.3372","-2.6686","2.0653","-15.7133","13061.4443","90.9250","90.5225","99.9000","364.5571","1.0248","1.0247","4211291.9922","32750000.0000","-24.5453","-8.8401","54.1619","21.4124"
"32.800","88.6848","15","-0.7373","0.0909","-0.5432","2.0392","-16.8852","10.8227","1350.0000","0.6120","83.5916","45.50399811","-75.54463503","34.1000","11.1500","36.7000","42.0563","4.0000","0.3207","-1.2637","-1.2221","2.2703","-21.6535","13244.3115","91.1077","91.3846","99.9000","365.7886","1.0273","1.0304","4261291.9922","32800000.0000","19.8244","-8.5992","2.6072","25.9582"
"32.850","88.6943","15","-0.8613","0.1130","-0.5332","0.6654","-19.7048","10.8184","1350.0000","0.6120","71.6380","45.50400924","-75.54463538","34.8344","10.3461","34.3125","43.2531","4.0000","0.2993","-1.4875","-0.8567","2.4530","-23.6266","13198.2002","91.5463","91.0341","99.9000","367.0204","1.0321","1.0289","4311291.9922","32850000.0000","12.8752","-12.9971","-42.8480","3.4314"
"32.900","88.7910","15","-0.8686","0.1178","-0.5422","-0.2695","-19.8341","10.7999","1350.0000","0.6120","71.2485","45.50402039","-75.54463606","33.6000","10.0344","32.7250","42.0312","4.0000","0.0258","-1.3467","-1.1380","2.9439","-20.9000","13162.5107","91.2700","91.2325","99.9000","368.2531","1.0279","1.0274","4361291.9922","32900000.0000","-20.4978","-9.3941","-30.8901","-21.0842"
"32.950","88.9173","15","-0.8801","0.1229","-0.5511","-1.1894","-20.0573","10.7812","1350.0000","0.6120","70.5560","45.50403155","-75.54463677","32.7687","10.2516","32.2859","41.2313","4.0000","0.0307","-1.1362","-1.4595","3.5813","-16.1828","13153.6221","90.9325","91.0550","99.9000","369.4875","1.0223","1.0204","4411291.9922","32950000.0000","-23.3856","10.4004","-5.0810","-24.1689"
"33.000","89.3091","15","-0.9290","0.1315","-0.5595","-1.9733","-21.1246","10.7612","1350.0000","0.6120","67.2864","45.50404284","-75.54463780","33.4188","10.6281","31.0812","40.2562","4.0000","0.0036","-1.1882","-0.6110","4.0241","-13.2324","13164.7334","91.3231","90.5256","99.9000","370.7253","1.0223","1.0134","4461291.9922","33000000.0000","-3.4618","19.6160","-8.1294","-3.7311"
"33.050","89.6748","15","-0.9795","0.1375","-0.5635","-2.8207","-22.2290","10.7434","1350.0000","0.6120","64.2053","45.50405412","-75.54463893","31.7078","11.3977","31.3453","40.9594","4.0000","0.1297","-1.2256","1.5675","4.1705","-14.7457","13197.5107","92.0244","91.3537","99.9000","371.9688","1.0262","1.0183","4511291.9922","33050000.0000","-3.5180","-6.2432","-7.8440","20.2979"
"33.100","89.8048","15","-1.0455","0.1209","-0.5287","-4.2396","-23.6669","10.7454","1350.0000","0.6120","60.3919","45.50406533","-75.54464096","31.6000","10.5359","31.5969","42.0875","4.0000","-0.0575","-1.3748","4.0238","4.3938","-20.5992","13287.7109","93.1225","91.8925","99.5978","373.2153","1.0369","1.0232","4561291.9922","33100000.0000","-19.9408","-33.3709","26.0819","24.3951"
"33.150","89.9020","15","-1.1062","0.0989","-0.4937","-5.6608","-24.9880","10.7493","1350.0000","0.6102","57.2609","45.50407653","-75.54464306","31.5922","8.8500","33.4813","43.0531","4.0000","-0.4420","-1.1592","5.5533","4.6586","-26.9719","13404.9336","93.4925","92.4675","99.1533","374.4631","1.0404","1.0277","4611291.9922","33150000.0000","-8.9299","-17.0448","48.9432","15.7527"
"33.200","89.7028","15","-1.1199","0.0300","-0.4573","-7.1022","-25.2577","10.7697","1350.0000","0.5922","56.5239","45.50408758","-75.54464584","31.2313","9.2891","35.3500","43.5187","4.0000","-0.4261","-0.8805","5.5855","3.8723","-29.1383","13096.3330","93.3231","92.5744","87.1711","375.7101","1.0405","1.0321","4661291.9922","33200000.0000","36.4281","18.2190","14.9625","25.4201"
"33.250","89.5121","15","-1.1250","-0.0461","-0.4226","-8.4983","-25.3376","10.7885","1350.0000","0.5760","56.2259","45.50409861","-75.54464865","34.1562","10.3281","35.0656","45.4469","4.0000","-0.4869","-0.8235","4.6596","1.7933","-26.2602","12700.9111","90.0195","90.6341","72.2778","376.9544","1.0057","1.0126","4711291.9922","33250000.0000","74.2570","15.1547","-45.7979","51.6802"
"33.300","89.3973","15","-1.0516","-0.1858","-0.4037","-9.4874","-23.7089","10.7928","1350.0000","0.5760","60.0114","45.50410955","-75.54465181","38.3563","10.3000","32.1250","48.7000","4.0000","-0.4229","-1.0425","3.7032","-0.5313","-21.3141","11974.7998","87.0000","88.7725","42.0000","378.1967","0.9733","0.9931","4761291.9922","33300000.0000","68.9853","-20.4757","-66.1450","51.5717"
"33.350","89.1400","15","-0.9875","-0.3277","-0.3844","-10.5025","-22.3035","10.7978","1350.0000","0.5760","63.6093","45.50412042","-75.54465503","40.2250","8.6645","29.8844","49.7438","4.0000","-0.8170","-1.3113","2.7586","-1.7292","-17.9367","11388.3779","76.1100","84.4725","17.3067","379.4353","0.8565","0.9718","4811291.9922","33350000.0000","33.7950","-33.6440","-39.3495","13.0113"
"33.400","87.6000","15","-1.0075","-0.4900","-0.3623","-11.7522","-22.9082","10.8088","1350.0000","0.5760","60.8602","45.50413072","-75.54465877","41.7938","7.3086","28.0969","49.6750","4.0000","-1.0884","-1.3652","2.0502","-1.2561","-16.8813","11161.1553","73.0180","83.1718","6.9733","380.6618","0.8344","0.9505","4861291.9922","33400000.0000","8.4312","-14.0014","-15.8861","-16.3685"
"33.450","86.0096","15","-1.0147","-0.6524","-0.3391","-12.9591","-23.2292","10.8213","1349.4999","0.5760","58.9295","45.50414096","-75.54466252","40.9625","7.3172","28.5547","48.7406","4.0000","-1.1765","-1.2747","1.7200","-0.3346","-16.3848","10984.5996","74.3732","80.3146","1.1733","381.8647","0.8661","0.9303","4911291.9922","33450000.0000","5.9760","1.4956","-14.6917","-4.6225"
"33.500","83.9659","15","-0.9063","-0.8156","-0.3049","-13.7808","-20.9970","10.8465","1344.4999","0.5760","63.6453","45.50415068","-75.54466631","41.1813","7.3250","26.3062","48.8500","4.0000","-1.2358","-1.2495","1.6404","0.3257","-14.7285","10862.9336","73.4275","76.3150","0.2844","383.0427","0.8758","0.9102","4961291.9922","33500000.0000","7.9618","-0.9715","-6.1879","13.1894"
"33.550","81.9275","15","-0.7929","-0.9730","-0.2714","-14.5773","-18.6417","10.8710","1340.0000","0.5760","69.9463","45.50416034","-75.54467011","42.7750","7.3934","27.2250","49.4750","4.0000","-1.2188","-1.0500","1.6934","0.8031","-11.7578","10664.9551","73.6575","76.2125","0.0000","384.1937","0.8997","0.9123","5011291.9922","33550000.0000","5.2619","1.6003","19.0945","5.9747"
"33.600","79.9370","15","-0.6352","-1.0780","-0.2432","-15.1472","-15.1789","10.8894","1340.0000","0.5760","83.8163","45.50416948","-75.54467391","42.7000","7.5086","28.5250","49.9062","4.0000","-1.2661","-1.0542","1.7028","0.8620","-8.9600","10431.0664","72.6231","72.9820","0.0000","385.3178","0.9099","0.9144","5061291.9922","33600000.0000","10.9559","14.9980","22.7178","-1.9820"
"33.650","77.9540","15","-0.4819","-1.1766","-0.2144","-15.7321","-11.8025","10.9077","1340.0000","0.5778","105.1194","45.50417857","-75.54467772","42.7062","8.7352","29.5578","49.8031","4.0000","-1.2202","-1.0449","1.3016","0.1117","-6.8334","10109.6670","69.5537","71.1585","0.0000","386.4109","0.8936","0.9042","5111291.9922","33650000.0000","26.6191","17.0598","-14.4027","7.7035"
"33.700","76.0392","15","-0.3686","-1.2175","-0.1807","-16.4512","-9.2049","10.9247","1340.0000","0.5958","131.4740","45.50418720","-75.54468164","45.1063","9.1766","26.5500","49.6937","4.0000","-1.1672","-0.9902","0.8561","-0.9787","-4.5246","9772.1113","67.7300","67.8750","0.0000","387.4782","0.8921","0.8940","5161291.9922","33700000.0000","33.1798","9.0739","-47.0213","4.7133"
"33.750","74.0979","15","-0.2537","-1.2535","-0.1501","-17.0633","-6.5339","10.9401","1340.0000","0.6102","180.4898","45.50419579","-75.54468551","46.4313","9.6539","25.2781","49.9219","4.0000","-1.1687","-1.0806","0.6550","-1.3159","-0.6300","9386.0000","65.1600","64.9200","0.0000","388.5196","0.8811","0.8745","5211291.9922","33750000.0000","18.5396","11.0758","-31.3790","-24.1488"
"33.800","71.9175","15","-0.1242","-1.2453","-0.1476","-16.7130","-3.2033","10.9403","1340.0000","0.5922","357.3220","45.50420394","-75.54468886","46.6562","9.9828","24.8250","48.7125","4.0000","-1.2256","-1.1609","0.4029","-1.1691","5.3908","9038.7773","63.8615","61.3769","0.0000","389.5334","0.8896","0.8550","5261291.9922","33800000.0000","1.0867","19.1003","6.1741","-32.6094"
"33.850","69.7563","15","0.0062","-1.2316","-0.1437","-16.3381","0.1924","10.9412","1340.0000","0.5760","5771.4878","45.50421205","-75.54469215","46.0531","11.2867","25.3687","46.4688","4.0000","-1.1462","-1.0277","0.4045","-1.4910","11.6977","8791.5557","61.1415","60.3537","0.0000","390.5137","0.8779","0.8636","5311291.9922","33850000.0000","-0.0648","13.0646","13.9672","4.6744"
"33.900","67.7681","15","0.1437","-1.1683","-0.1265","-15.7418","4.1731","10.9468","1340.0000","0.5760","258.4572","45.50421983","-75.54469489","46.9625","11.5797","25.3219","48.5625","4.0000","-1.1733","-0.9423","0.9525","-2.0494","15.4801","8612.0664","57.6800","59.0025","7.6267","391.4666","0.8526","0.8722","5361291.9922","33900000.0000","6.1308","2.8056","-5.0968","28.3365"
"33.950","65.7952","15","0.2698","-1.1043","-0.1129","-15.1906","7.8500","10.9514","1340.0000","0.5760","133.3970","45.50422757","-75.54469763","47.2375","11.5906","25.2875","49.9219","3.8800","-1.1587","-1.0310","1.2548","-1.9254","15.5160","8505.9551","57.6875","56.8600","23.5156","392.3931","0.8784","0.8940","5411291.9922","33950000.0000","7.8002","13.0547","-12.8768","-7.1896"
"34.000","63.9603","15","0.2929","-1.0331","-0.1310","-15.0463","8.7925","10.9462","1340.0000","0.5760","115.7762","45.50423487","-75.54470040","46.6188","12.8594","24.8563","47.3625","3.0000","-1.1262","-1.0408","0.9196","-1.0299","12.6309","9263.0664","59.0641","58.4692","50.5111","393.2943","0.9250","0.9157","5461291.9922","34000000.0000","1.7254","32.3927","3.1868","-50.4129"
"34.050","62.1373","15","0.3137","-0.9566","-0.1466","-14.8445","9.6660","10.9418","1340.0000","0.5778","102.3118","45.50424213","-75.54470311","46.7812","14.3070","24.8438","45.3812","3.0000","-1.0331","-0.9199","1.0183","0.2779","9.4809","10426.4004","57.7293","57.2122","82.7333","394.1669","0.9306","0.9856","5511291.9922","34050000.0000","-17.7017","31.9510","26.9351","-42.1914"
"34.100","60.4226","15","0.3133","-0.8329","-0.1397","-14.1253","9.9188","10.9446","1340.0000","0.5958","96.9528","45.50424910","-75.54470533","46.0000","15.8719","26.5375","43.8000","3.0000","-0.7003","-1.0311","2.6681","1.8427","7.7205","10649.5996","63.0500","63.6675","92.5156","395.0161","1.0453","1.0555","5561291.9922","34100000.0000","-56.4278","20.2706","55.1261","-16.9617"
"34.150","58.8288","15","0.3101","-0.7095","-0.1287","-13.4418","10.0717","10.9489","1340.0000","0.6102","92.9620","45.50425608","-75.54470754","40.2281","16.1938","32.1437","42.9219","3.0000","-0.5853","-1.3306","4.4959","3.0746","6.1742","10699.3555","65.0100","69.7000","98.0778","395.8443","1.1067","1.0813","5611291.9922","34150000.0000","-80.1164","21.5847","76.9727","-23.4847"
"34.200","58.3224","15","0.2816","-0.5893","-0.0813","-13.0804","9.3258","10.9667","1340.0000","0.5922","99.5331","45.50426311","-75.54470970","38.5250","17.7938","33.3563","41.7000","3.0000","-0.1971","-1.2598","4.9406","3.0586","3.5412","10228.7998","67.6846","64.5333","90.3000","396.6586","1.1611","1.1071","5661291.9922","34200000.0000","-41.7515","22.9836","54.5897","-26.8693"
"34.250","57.8878","15","0.2542","-0.4772","-0.0388","-12.7658","8.6030","10.9821","1340.0000","0.5778","107.0916","45.50427014","-75.54471189","38.9625","17.8766","34.0344","41.5219","3.0000","-0.0889","-1.0634","4.1718","1.2745","0.5786","9579.2002","61.3976","60.8585","76.0200","397.4650","1.0601","1.0439","5711291.9922","34250000.0000","44.6300","-4.1207","-27.0590","20.4785"
"34.300","58.0996","15","0.2357","-0.4369","-0.0413","-12.8717","8.0881","10.9757","1340.0000","0.5958","114.3258","45.50427726","-75.54471424","41.4688","17.9094","33.7188","43.2938","3.0000","-0.2914","-0.8922","2.6286","-2.1022","-0.0645","8469.2002","56.0650","56.9975","45.0200","398.2708","0.9648","0.9808","5761291.9922","34300000.0000","93.3497","-40.2234","-93.8918","70.2686"
"34.350","58.1462","15","0.2318","-0.4064","-0.0465","-12.8547","8.0886","10.9686","1340.0000","0.6120","114.4117","45.50428434","-75.54471652","46.4281","14.0562","25.7219","47.1406","3.0000","-0.8285","-1.0972","0.9352","-4.6367","3.5463","7736.2666","44.7050","44.9175","23.1933","399.0769","0.7749","0.9284","5811291.9922","34350000.0000","59.8947","-41.5994","-71.5009","49.3839"
"34.400","56.7071","15","0.3592","-0.4641","-0.0758","-11.7308","12.7268","10.9553","1340.0000","0.6120","70.9150","45.50429101","-75.54471811","47.8625","13.3047","26.3500","48.8312","3.0000","-1.1711","-1.2739","-0.4950","-4.2885","11.8090","7411.8223","49.3667","49.6026","11.3044","399.8735","0.8719","0.8760","5861291.9922","34400000.0000","7.5128","-10.3936","-6.0711","-15.4005"
"34.450","55.2416","15","0.4892","-0.5244","-0.1015","-10.5626","17.4976","10.9436","1340.0000","0.6120","50.2467","45.50429763","-75.54471964","47.4219","13.9758","26.3375","44.9875","3.0000","-1.3254","-1.2031","-1.7419","-2.3160","22.4828","7169.7334","43.3049","41.9829","5.6489","400.6484","0.7854","0.8228","5911291.9922","34450000.0000","5.2946","16.6405","10.0938","-44.7756"
"34.500","53.5383","15","0.6431","-0.6086","-0.0950","-8.9951","23.4613","10.9477","1340.0000","0.6120","36.3190","45.50430389","-75.54472052","48.1813","15.0656","25.6750","44.9250","3.0000","-1.1436","-1.2234","-2.8473","-0.2383","34.2758","6966.3999","41.6350","41.1225","2.9267","401.4019","0.7792","0.7696","5961291.9922","34500000.0000","32.3041","27.2587","-16.9269","-28.4325"
"34.550","51.8203","15","0.7947","-0.6915","-0.0907","-7.3617","29.4055","10.9501","1340.0000","0.6120","28.0473","45.50431010","-75.54472133","50.7250","15.6648","23.8969","44.3375","3.0000","-1.0847","-1.2646","-3.7723","1.2524","45.6094","6730.3110","45.3225","36.8025","2.2089","402.1325","0.8759","0.6985","6011291.9922","34550000.0000","29.8675","40.1930","-8.4195","-16.0487"
"34.600","49.9695","15","0.9262","-0.7613","-0.1058","-5.1346","35.1749","10.9368","1340.0000","0.6120","22.6096","45.50431593","-75.54472142","50.6312","19.8406","26.1719","41.3125","3.0000","-0.9154","-1.0430","-3.5392","1.5612","54.9125","6480.5557","46.8231","31.2821","1.7911","402.8393","0.9391","0.6274","6061291.9922","34600000.0000","-3.9502","55.9849","36.6714","-21.7586"
"34.650","48.1955","15","1.0573","-0.8241","-0.1200","-2.8319","41.0222","10.9239","1339.5000","0.6156","18.6985","45.50432174","-75.54472142","50.4031","21.6656","27.0609","41.2781","3.0000","-0.5229","-0.9105","-2.0718","0.9374","61.8922","6125.0000","46.5000","27.6780","1.6800","403.5182","0.9657","0.6304","6111291.9922","34650000.0000","-24.6788","47.4705","38.6455","-14.3811"
"34.700","47.1125","15","1.1862","-0.8242","-0.1271","0.1523","47.5719","10.9140","1334.5000","0.6516","15.7618","45.50432736","-75.54472052","48.3563","22.2781","28.8312","42.0812","3.0000","-0.1621","-0.6433","-0.8370","-0.3322","66.8313","5839.9111","41.9200","29.8000","1.7556","404.1790","0.8910","0.6334","6161291.9922","34700000.0000","-15.6060","12.3643","-10.6261","6.8050"
"34.750","46.0550","15","1.3022","-0.8145","-0.1380","3.0471","53.6449","10.9032","1330.0000","0.6858","13.6637","45.50433295","-75.54471958","48.9437","22.6250","27.2203","41.7750","3.0000","-0.2110","-0.6888","-0.2707","-1.8572","69.7125","5736.0225","41.0975","28.4825","2.3111","404.8255","0.8927","0.6267","6211291.9922","34750000.0000","0.5546","-15.0477","-30.1781","4.7785"
"34.800","45.2261","15","1.3015","-0.7160","-0.1838","5.1376","55.4282","10.8851","1330.0000","0.7038","12.9861","45.50433838","-75.54471825","48.8750","22.5688","26.2062","40.6250","3.0000","-0.3682","-1.0463","-0.2146","-2.9125","70.3451","5710.7998","40.3205","28.0051","6.2267","405.4596","0.8925","0.6199","6261291.9922","34800000.0000","6.3157","-9.6024","3.8167","-22.1208"
"34.850","44.3803","15","1.2929","-0.6151","-0.2273","7.2852","56.8194","10.8684","1330.0000","0.7218","12.4312","45.50434376","-75.54471686","49.4437","22.0578","27.2797","40.8906","3.0000","-0.0734","-1.0310","-0.7954","-3.0070","69.7875","5770.7998","41.3049","28.0829","13.7822","406.0804","0.9321","0.6550","6311291.9922","34850000.0000","5.5816","12.4753","22.9857","-29.9386"
"34.900","43.3820","15","1.2124","-0.4922","-0.2497","9.9464","54.6831","10.8633","1330.0000","0.7398","12.6263","45.50434875","-75.54471488","49.3125","22.0750","27.9844","39.1562","3.0000","-0.3051","-1.1243","-1.6959","-2.2562","68.2625","6276.2002","41.5900","29.9000","29.1956","406.6887","0.9600","0.6902","6361291.9922","34900000.0000","-0.5956","19.2193","-4.4462","-4.4121"
"34.950","42.3770","15","1.1409","-0.3749","-0.2680","12.6355","52.8954","10.8588","1330.0000","0.7560","12.7507","45.50435370","-75.54471284","48.9375","24.4922","26.6125","38.6750","3.0000","-0.2571","-1.0818","-1.5884","-1.0221","66.2688","6991.2002","41.3225","37.3800","48.3067","407.2837","0.9771","0.8653","6411291.9922","34950000.0000","-22.8624","18.2624","-17.6195","11.4606"
"35.000","41.3124","15","1.1490","-0.3073","-0.2490","15.5747","54.2458","10.8598","1330.0000","0.7560","12.1209","45.50435825","-75.54471020","47.6562","25.3531","26.7344","40.1688","3.0000","-0.2007","-0.9542","-0.4896","0.8227","64.3625","7539.4888","42.8333","42.9179","60.5244","407.8648","1.0384","1.0405","6461291.9922","35000000.0000","-52.9364","43.1859","19.8050","-17.0926"
"35.050","40.3443","15","1.1581","-0.2404","-0.2345","18.5468","55.6224","10.8594","1330.0000","0.7542","11.5439","45.50436278","-75.54470748","43.5594","27.5766","28.8531","37.6344","3.0000","0.1675","-0.9414","0.3050","2.5248","61.6063","8018.9111","47.9878","47.7805","71.1089","408.4305","1.1891","1.1208","6511291.9922","35050000.0000","-53.8418","87.7646","52.2050","-53.8545"
"35.100","40.2457","15","1.1761","-0.1789","-0.2601","21.8152","57.2348","10.8465","1330.0000","0.7362","11.1913","45.50436720","-75.54470405","43.0938","33.1813","31.0187","34.7625","3.0000","0.5189","-0.9768","0.4384","2.4227","56.1625","7967.7998","48.3050","48.3325","73.7200","408.9902","1.2004","1.2011","6561291.9922","35100000.0000","-11.9895","85.8039","33.0876","-38.7502"
"35.150","40.2116","15","1.1985","-0.1159","-0.2883","25.0117","59.0407","10.8316","1330.0000","0.7182","10.8398","45.50437162","-75.54470055","43.0969","35.1594","31.4188","34.7344","3.0000","0.5280","-0.8656","0.6253","0.4257","49.0938","7958.2222","48.1675","48.5425","75.1333","409.5493","1.1968","1.1930","6611291.9922","35150000.0000","33.9599","-0.9683","-10.4979","23.1430"
"35.200","40.7580","15","1.2597","-0.0384","-0.3390","27.5598","62.5883","10.7988","1330.0000","0.7002","10.3643","45.50437603","-75.54469648","45.4313","32.7812","30.6875","36.9688","3.0000","0.4447","-0.7904","1.4721","-1.6754","43.7000","8055.4443","48.6462","48.3359","73.4667","410.1120","1.1926","1.1850","6661291.9922","35200000.0000","33.6448","-94.3840","-34.0747","51.9962"
"35.250","41.2409","15","1.3169","0.0427","-0.3874","30.2186","65.9005","10.7687","1330.0000","0.6840","9.9600","45.50438038","-75.54469233","45.5281","27.4234","29.1250","38.7375","3.0000","0.4981","-0.7792","2.0575","-1.9022","42.1875","8138.7998","50.3122","50.0219","71.0800","410.6822","1.2205","1.2053","6711291.9922","35250000.0000","-10.0978","-87.8462","-35.2665","1.0310"
"35.300","41.1536","15","1.3380","0.1560","-0.4146","33.8744","67.0935","10.7617","1330.0000","0.6840","9.7622","45.50438423","-75.54468748","44.8438","25.3156","26.6313","36.6813","3.0000","0.5593","-0.9894","1.2283","-0.0042","44.1688","8207.1338","49.7325","50.4325","67.9133","411.2542","1.2086","1.2256","6761291.9922","35300000.0000","-33.2489","2.7408","-13.3033","-63.2647"
"35.350","41.0992","15","1.3520","0.2615","-0.4383","37.5514","67.8699","10.7549","1330.0000","0.6840","9.6378","45.50438804","-75.54468254","43.8187","27.5578","28.1797","33.6969","3.0000","0.6235","-1.1064","-0.0560","1.9619","46.6688","8117.9331","49.2450","49.4800","66.2956","411.8256","1.1974","1.1957","6811291.9922","35350000.0000","-2.4489","60.9754","39.6043","-46.2490"
"35.400","41.3416","15","1.3027","0.2960","-0.4305","41.4201","64.8970","10.7490","1330.0000","0.6840","10.1387","45.50439150","-75.54467687","43.8625","29.8438","30.8937","32.8750","3.0000","0.4620","-0.9946","-0.3689","1.7945","46.9500","7954.6001","48.3026","48.2128","65.4067","412.3983","1.1680","1.1658","6861291.9922","35400000.0000","34.5008","23.7628","72.7019","38.9348"
"35.450","41.6293","15","1.2559","0.3264","-0.4326","45.1721","62.0361","10.7393","1330.0000","0.6840","10.6801","45.50439493","-75.54467114","46.3094","29.3578","33.1875","37.1969","3.0000","0.3430","-0.8625","0.3836","-0.2398","45.0938","8026.4224","48.5463","48.7000","63.8822","412.9750","1.1647","1.1620","6911291.9922","35450000.0000","22.5938","-50.1889","16.6455","85.8027"
"35.500","42.3239","15","1.2317","0.3199","-0.5243","47.8740","60.1827","10.6947","1330.0000","0.6840","11.1927","45.50439816","-75.54466490","46.1875","25.8219","32.2562","39.8750","3.0000","0.3683","-0.9342","0.5581","-1.8252","42.3125","8103.1113","48.7950","49.0675","61.4444","413.5589","1.1518","1.1582","6961291.9922","35500000.0000","-16.6742","-68.3078","-78.3725","31.5212"
"35.550","42.9543","15","1.2086","0.3079","-0.6066","50.5227","58.3891","10.6538","1330.0000","0.6822","11.7083","45.50440136","-75.54465865","45.4625","23.5109","26.7719","39.1344","3.0000","0.3343","-1.1646","-0.7172","-1.4187","38.8406","7867.0000","48.3900","48.5475","49.5000","414.1509","1.1264","1.1274","7011291.9922","35550000.0000","-24.4175","-22.8424","-84.0281","-59.7906"
"35.600","43.0064","15","1.1950","0.2457","-0.6054","52.6915","57.1333","10.6450","1330.0000","0.6642","11.9802","45.50440427","-75.54465219","43.2125","23.7563","26.2875","35.6937","3.0000","0.2941","-1.2227","-3.0027","0.1906","34.3250","7606.7778","46.4744","47.1641","38.5356","414.7475","1.0806","1.0966","7061291.9922","35600000.0000","7.7009","17.0082","8.3228","-72.0406"
"35.650","43.0699","15","1.1805","0.1822","-0.6049","54.9037","55.8661","10.6355","1330.0000","0.6462","12.2700","45.50440713","-75.54464567","46.2625","24.1812","26.4266","32.9969","3.0000","0.3135","-1.0964","-3.6691","0.9974","29.0031","7284.5557","45.2659","45.3317","30.0911","415.3454","1.0507","1.0466","7111291.9922","35650000.0000","38.2076","8.7244","67.0641","14.3173"
"35.700","43.2360","15","1.1578","0.1083","-0.6104","57.5062","54.4957","10.6196","1330.0000","0.6282","12.6271","45.50440958","-75.54463872","48.0500","24.3156","30.2969","36.7938","3.0000","0.1439","-0.9946","-1.7563","0.0768","23.7156","6909.2666","44.2275","43.0975","22.0467","415.9449","1.0227","0.9966","7161291.9922","35700000.0000","36.0794","-27.6352","20.4129","89.8480"
"35.750","43.3559","15","1.1362","0.0304","-0.6227","60.1318","53.2115","10.6023","1330.0000","0.6138","12.9677","45.50441198","-75.54463175","48.0938","22.2844","30.3781","41.0719","3.0000","-0.1024","-0.9766","-0.2304","-1.3440","20.6437","6476.4888","43.5675","42.2550","14.4356","416.5460","1.0051","0.9433","7211291.9922","35750000.0000","13.9035","-48.3427","-48.2263","64.7747"
"35.800","43.0601","15","1.1248","-0.0840","-0.6953","62.9653","52.7035","10.5710","1330.0000","0.6318","13.0034","45.50441387","-75.54462464","49.0500","20.4969","25.9750","41.2375","3.0000","-0.3223","-0.9828","-0.0441","-1.5168","22.6781","6213.3335","41.7282","38.3128","8.0333","417.1458","0.9695","0.8901","7261291.9922","35800000.0000","-5.3874","-36.0284","-46.2774","-12.6054"
"35.850","42.6936","15","1.1247","-0.1964","-0.7676","65.8953","52.7791","10.5389","1330.0000","0.6498","12.8742","45.50441567","-75.54461755","48.6656","18.9453","25.3281","40.9594","3.0000","-0.8219","-1.1377","-0.2963","-0.4655","29.4297","6030.0000","42.3610","31.3463","2.2000","417.7406","0.9939","0.8239","7311291.9922","35850000.0000","-11.9111","-4.4573","-10.3674","-37.3356"
"35.900","41.6913","15","1.2249","-0.2908","-0.8365","69.6930","58.1084","10.4992","1330.0000","0.6678","11.4190","45.50441668","-75.54461059","48.2938","19.2563","25.2406","39.6937","3.0000","-1.2041","-1.4541","-0.0795","0.4487","38.2812","5963.5112","40.5650","31.5425","0.7667","418.3253","0.9744","0.7577","7361291.9922","35900000.0000","-7.6804","14.4096","-8.6159","6.6120"
"35.950","40.6813","15","1.3213","-0.3776","-0.9026","73.4341","63.3343","10.4618","1330.0000","0.6840","10.2230","45.50441763","-75.54460364","47.2687","20.0781","24.7156","40.5438","3.0000","-1.3174","-1.5596","0.5283","0.6217","46.9437","5901.0889","38.6600","32.9500","0.0000","418.8968","0.9522","0.7864","7411291.9922","35950000.0000","1.8505","9.5578","-10.2082","41.8392"
"36.000","39.6020","15","1.3827","-0.3961","-0.9436","76.6649","67.6289","10.4449","1330.0000","0.6840","9.3198","45.50441811","-75.54459687","48.2687","20.0969","23.9250","42.6375","3.0000","-1.3413","-1.4817","1.1256","0.7974","55.0625","5702.2002","37.7846","32.2282","0.0000","419.4543","0.9557","0.8151","7461291.9922","36000000.0000","7.6532","0.5654","24.5703","17.5821"
"36.050","38.5493","15","1.4352","-0.4130","-0.9866","79.9224","71.5089","10.4262","1330.0000","0.6840","8.5798","45.50441853","-75.54459013","49.1594","20.1656","26.9922","42.7313","3.0000","-0.8889","-1.1492","1.4877","1.2849","62.3250","5529.2891","37.3463","28.9146","1.4000","419.9953","0.9699","0.7752","7511291.9922","36050000.0000","6.0726","1.7000","50.2218","-26.2805"
"36.100","37.7367","15","1.4067","-0.4159","-1.0476","83.4207","71.6574","10.3913","1330.0000","0.6840","8.3815","45.50441846","-75.54458366","48.1250","20.5156","29.3281","40.2125","3.0000","-0.6233","-0.8890","0.8418","0.8244","67.2375","5423.1777","37.1750","27.7100","6.4000","420.5242","0.9864","0.7352","7561291.9922","36100000.0000","4.7486","3.8458","13.6417","-34.7093"
"36.150","36.9396","15","1.3771","-0.4194","-1.1104","86.9156","71.7439","10.3568","1330.0000","0.6822","8.1946","45.50441834","-75.54457721","48.6906","20.6469","27.3875","39.0062","3.0000","-0.5740","-0.8922","-0.4730","-0.8075","69.5625","5432.7998","37.0100","27.6675","11.9333","421.0424","1.0026","0.7581","7611291.9922","36150000.0000","8.2532","-0.8836","-37.2161","-11.2036"
"36.200","36.2832","15","1.3369","-0.4287","-1.1905","90.3814","71.2724","10.3264","1330.0000","0.6642","8.1022","45.50441772","-75.54457096","50.2188","20.6000","25.4594","39.9188","3.0000","-0.4479","-1.0480","-1.3539","-1.7082","70.9750","5567.7998","36.6026","28.3051","18.0444","421.5510","1.0099","0.7810","7661291.9922","36200000.0000","8.8177","-0.2171","-24.4660","6.1685"
"36.250","35.6136","15","1.2958","-0.4314","-1.2627","93.7983","70.7479","10.2982","1330.0000","0.6480","8.0117","45.50441707","-75.54456476","49.5687","20.6141","26.5953","39.8969","3.0000","-0.5653","-1.1887","-1.8399","-0.9708","72.3812","5729.6221","36.6122","32.3878","22.9089","422.0492","1.0295","0.8697","7711291.9922","36250000.0000","-0.2598","13.8728","33.1580","7.1216"
"36.300","34.8248","15","1.2465","-0.3749","-1.2641","96.7753","69.7465","10.2902","1330.0000","0.6480","7.9467","45.50441612","-75.54455897","48.9688","21.9375","28.4688","39.5312","3.0000","-0.2687","-0.9945","-2.0105","0.3751","73.2125","5904.0669","35.7175","33.3350","27.1867","422.5374","1.0270","0.9585","7761291.9922","36300000.0000","-12.2069","23.0621","46.3966","-0.3504"
"36.350","34.0463","15","1.2001","-0.3168","-1.2723","99.8686","68.8682","10.2804","1330.0000","0.6498","7.8681","45.50441510","-75.54455324","48.9406","22.8328","29.4266","39.6375","3.0000","-0.0359","-0.7629","-1.8874","1.2093","72.7250","6332.7334","35.9525","34.3100","43.9800","423.0153","1.0578","1.1166","7811291.9922","36350000.0000","-22.3483","12.3023","-2.4382","-18.0687"
"36.400","33.3595","15","1.1801","-0.2455","-1.3413","104.0088","69.0973","10.2549","1330.0000","0.6678","7.6838","45.50441354","-75.54454798","47.2438","22.8312","28.3156","38.3500","3.0000","0.0093","-0.9437","-1.6391","1.5578","71.3625","6760.2446","38.7769","42.4692","62.3022","423.4835","1.1638","1.2747","7861291.9922","36400000.0000","-31.6334","1.3470","-35.2468","-33.2020"
"36.450","32.7384","15","1.1639","-0.1727","-1.4065","108.0817","69.5036","10.2295","1330.0000","0.6840","7.4967","45.50441193","-75.54454273","45.7875","23.3641","27.2984","36.8688","3.0000","0.1621","-1.1118","-1.0694","2.0538","70.2875","6775.7998","41.8171","41.0073","78.5800","423.9416","1.2769","1.2630","7911291.9922","36450000.0000","-36.9906","14.8387","-2.0950","-21.5030"
"36.500","32.7088","15","1.1812","-0.0873","-1.4366","111.5478","71.5053","10.2053","1330.0000","0.6840","7.2802","45.50440990","-75.54453765","43.4000","24.2750","28.4750","35.7625","3.0000","0.2465","-1.0784","-0.3712","2.6531","69.0750","6795.0889","41.7325","40.9300","91.6067","424.3961","1.2760","1.2514","7961291.9922","36500000.0000","-27.5980","39.5051","47.8774","6.7264"
"36.550","32.7201","15","1.1913","-0.0029","-1.4616","115.0011","73.0006","10.1825","1330.0000","0.6822","7.1336","45.50440783","-75.54453259","43.4750","27.3094","30.8047","37.6219","3.0000","0.2777","-1.0095","0.1081","2.7668","66.6188","6823.9775","41.0125","41.9650","96.2733","424.8508","1.2526","1.2507","8011291.5039","36550000.0000","-2.0069","38.8102","39.7576","9.7672"
"36.600","33.0999","15","1.1365","0.0729","-1.4411","118.3388","69.9389","10.1719","1330.0000","0.6642","7.5323","45.50440536","-75.54452759","43.7250","27.6562","31.8906","36.8500","3.0000","0.2950","-0.8173","-0.0869","1.9281","62.7875","6815.5332","41.3974","41.4000","98.9667","425.3082","1.2498","1.2499","8061291.5039","36600000.0000","19.8908","6.5548","-20.8099","-12.2613"
"36.650","33.4789","15","1.0799","0.1492","-1.4220","121.6579","66.7091","10.1600","1330.0000","0.6480","7.9874","45.50440285","-75.54452264","43.9094","27.3094","29.2484","35.7313","3.0000","0.3817","-0.8926","-0.4591","0.6780","59.0719","6766.6445","41.2415","41.6341","99.5222","425.7711","1.2311","1.2502","8111291.5039","36650000.0000","15.9517","-28.9589","-56.4880","-14.1977"
"36.700","33.8501","15","1.0073","0.2304","-1.4147","124.8093","61.9675","10.1368","1330.0000","0.6480","8.6939","45.50439998","-75.54451805","45.6688","26.2844","27.3906","36.2375","3.0000","0.2819","-1.0181","0.0320","0.4010","56.1875","6798.9775","41.4675","42.3575","99.7378","426.2391","1.2242","1.2505","8161291.5039","36700000.0000","-12.6024","-38.6093","-21.4172","10.2304"
"36.750","34.2135","15","0.9352","0.3081","-1.3996","127.8763","57.2161","10.1167","1330.0000","0.6480","9.5170","45.50439709","-75.54451348","42.9156","23.8937","27.4391","36.5500","3.0000","0.3673","-1.0447","0.9551","1.4637","51.4656","6869.5332","41.4900","41.9575","99.7933","426.7119","1.2121","1.2243","8211291.9922","36750000.0000","-35.2125","-22.1586","33.8975","12.0944"
"36.800","34.5066","15","0.8671","0.3550","-1.3137","130.1842","52.3771","10.1241","1330.0000","0.6480","10.4853","45.50439394","-75.54450903","42.2313","23.2969","29.4500","36.5750","3.0000","0.6693","-1.0234","1.1453","2.8977","41.5563","6796.3555","40.8821","41.3615","99.8000","427.1891","1.1842","1.1980","8261291.9922","36800000.0000","-25.8830","-4.4051","32.5657","-19.3350"
"36.850","34.8612","15","0.8031","0.3961","-1.2354","132.3928","47.7769","10.1292","1330.0000","0.6498","11.6130","45.50439077","-75.54450457","41.0625","23.3531","30.6766","35.2906","3.0000","0.7115","-1.0159","0.1828","3.8441","28.7453","6706.6001","40.0829","40.0463","99.8000","427.6715","1.1476","1.1563","8311291.9922","36850000.0000","6.1596","4.8117","-7.3890","-31.8342"
"36.900","35.7704","15","0.7757","0.3863","-1.2251","133.7077","45.3269","10.1143","1330.0000","0.6678","12.5599","45.50438737","-75.54449994","42.2812","24.0844","29.3969","34.0938","3.0000","0.4973","-1.0601","-0.3962","3.9609","18.6313","6651.6001","40.0100","39.9275","99.8000","428.1631","1.1168","1.1145","8361291.9922","36900000.0000","18.9664","12.1911","3.8155","-1.8795"
"36.950","36.6440","16","0.7566","0.3760","-1.2105","135.2109","43.3553","10.1005","1330.0000","0.6840","13.4518","45.50438392","-75.54449538","42.5438","24.1344","31.2625","35.0375","3.0000","0.3299","-1.0823","0.0219","3.3020","14.1281","6639.2222","40.4325","40.1200","99.8000","428.6663","1.1027","1.1169","8411291.9922","36950000.0000","0.4141","12.3575","66.9117","21.2093"
"37.000","37.1983","16","0.8118","0.3605","-1.1578","138.4073","45.6903","10.0975","1330.0000","0.6840","12.9575","45.50437990","-75.54449146","42.7562","24.1938","35.1688","36.2250","3.0000","0.4202","-0.9545","0.5044","1.7012","14.9219","6736.4443","41.0154","41.6718","99.8000","429.1788","1.1016","1.1193","8461291.9922","37000000.0000","-6.9537","-11.2649","72.3520","4.4665"
"37.050","37.7697","16","0.8665","0.3444","-1.1093","141.5032","47.9990","10.0932","1330.0000","0.6822","12.5237","45.50437586","-75.54448757","42.8250","23.1063","36.8906","35.7500","3.0000","0.4001","-0.8717","-0.2684","-0.7279","19.1469","6846.4668","41.7463","40.9805","99.8000","429.7004","1.1039","1.1189","8511291.9922","37050000.0000","26.6415","-54.8739","-25.7993","-12.1100"
"37.100","38.4943","16","0.9179","0.3228","-1.0996","143.6952","50.0721","10.0773","1330.0000","0.6642","12.2355","45.50437157","-75.54448383","44.0438","19.3062","33.1813","34.6500","3.0000","0.1071","-0.9806","-2.5543","-2.7816","26.6688","6970.3555","42.4150","43.1075","99.8000","430.2309","1.1006","1.1186","8561291.9922","37100000.0000","59.5599","-70.5495","-111.5487","5.4365"
"37.150","39.1563","16","0.9680","0.3036","-1.0865","146.0021","52.0857","10.0629","1330.0000","0.6480","11.9647","45.50436726","-75.54448018","48.1344","17.3703","27.7953","36.5844","3.0000","-0.1149","-1.2725","-5.1367","-2.5459","37.0531","7217.0225","43.9400","43.8900","99.8378","430.7700","1.1222","1.1402","8611291.9922","37150000.0000","33.5044","-15.3028","-71.5353","17.1291"
"37.200","39.2542","16","1.0078","0.3072","-1.0420","149.3439","53.5648","10.0633","1330.0000","0.6480","11.6635","45.50436270","-75.54447734","47.6063","17.8125","27.1688","36.2750","3.0000","-0.0240","-1.4551","-6.7493","0.6079","48.6581","7521.4668","45.3256","45.6154","99.8933","431.3141","1.1545","1.1619","8661291.9922","37200000.0000","-26.7073","75.2739","33.6489","-12.0426"
"37.250","39.3751","16","1.0426","0.3111","-1.0017","152.6371","54.7773","10.0620","1330.0000","0.6480","11.4404","45.50435811","-75.54447457","45.5844","24.3516","30.5750","34.5312","3.0000","0.1213","-1.2708","-6.6021","3.8186","57.2141","7590.7554","46.3878","46.2000","99.9000","431.8604","1.1774","1.1697","8711291.9922","37250000.0000","-50.2096","115.2861","78.3632","-34.3732"
"37.300","39.7030","16","1.0320","0.3169","-0.9997","155.4920","53.5913","10.0465","1330.0000","0.6480","11.7909","45.50435325","-75.54447237","43.2875","27.6313","33.1813","33.8500","3.0000","0.3478","-0.9813","-4.7914","3.9316","59.6672","7630.1558","46.9150","46.7775","99.9000","432.4100","1.1811","1.1776","8761291.9922","37300000.0000","-19.7654","64.4021","34.9880","3.2716"
"37.350","40.0609","16","1.0147","0.3219","-0.9975","158.2480","52.0689","10.0305","1330.0000","0.6480","12.2451","45.50434836","-75.54447018","44.4250","28.7391","33.1844","36.2438","3.0000","0.3920","-0.8090","-2.0414","1.2981","56.9469","7694.6001","47.0450","46.1375","99.9000","432.9643","1.1733","1.1719","8811291.9922","37350000.0000","11.6923","-31.7159","-32.3521","58.8387"
"37.400","40.6898","16","0.9368","0.3201","-0.9940","160.1145","47.5184","10.0100","1330.0000","0.6480","13.6284","45.50434329","-75.54446809","43.8000","26.4125","30.7687","38.1688","3.0000","0.4841","-0.7560","0.4707","-1.7905","49.8875","7765.7334","47.6000","47.5000","99.8844","433.5253","1.1687","1.1663","8861291.9922","37400000.0000","0.3930","-85.8213","-59.7487","47.7910"
"37.450","41.3267","16","0.8556","0.3198","-0.9859","161.8717","42.8346","9.9913","1330.0000","0.6480","15.3552","45.50433819","-75.54446601","43.3594","21.5031","28.5781","39.0250","3.0000","0.2975","-0.8446","1.5077","-2.9538","39.5734","7854.0669","47.3951","47.7634","99.8289","434.0959","1.1456","1.1520","8911291.9922","37450000.0000","-32.5400","-59.9560","-30.1531","-29.3246"
"37.500","42.0365","16","0.7463","0.3339","-0.9358","162.6451","36.9519","9.9886","1330.0000","0.6480","18.1055","45.50433295","-75.54446393","41.5000","20.8219","28.1344","36.7250","3.0000","0.4818","-0.9897","0.8442","-1.3946","27.5594","7812.0000","47.0050","47.8750","99.8000","434.6756","1.1171","1.1377","8961291.9922","37500000.0000","-38.5628","0.8701","32.3016","-72.9417"
"37.550","42.7482","16","0.6450","0.3497","-0.8874","163.4998","31.4810","9.9865","1330.0000","0.6480","21.6117","45.50432768","-75.54446190","40.5656","21.2281","30.8609","33.5500","3.0000","0.6036","-1.0382","-0.1993","0.7100","17.0809","7628.6665","46.7125","46.7025","99.8000","435.2648","1.0919","1.0988","9011291.9922","37550000.0000","-5.3767","37.9331","74.8647","-24.7038"
"37.600","43.4773","16","0.6170","0.3810","-0.8539","165.0857","29.7172","9.9890","1330.0000","0.6480","23.2849","45.50432214","-75.54446025","40.7062","23.9562","34.6000","33.4813","3.0000","0.6135","-0.8324","-0.2473","1.0394","11.2565","7690.1333","47.1051","46.1282","99.8378","435.8636","1.0824","1.0599","9061291.9922","37600000.0000","28.0730","31.5992","50.5423","48.9071"
"37.650","44.2110","16","0.5867","0.4114","-0.8232","166.6941","27.8467","9.9900","1330.0000","0.6480","25.2683","45.50431657","-75.54445866","42.3906","24.2297","35.4688","37.7469","3.0000","0.5375","-0.7760","0.0884","-0.0126","10.2969","7866.7998","47.5049","47.6683","99.8933","436.4738","1.0734","1.0753","9111291.9922","37650000.0000","20.2207","-1.1894","-22.2774","56.2565"
"37.700","44.9868","16","0.5349","0.4346","-0.8173","168.5043","25.0167","9.9776","1330.0000","0.6480","28.6204","45.50431078","-75.54445757","42.5062","23.6500","32.4375","38.4562","3.0000","0.5739","-0.7900","-0.0002","-0.8220","13.6906","8082.0889","48.7350","49.1150","99.8511","437.0941","1.0822","1.0906","9161291.9922","37700000.0000","-19.5337","-27.2196","-61.2934","-3.2230"
"37.750","45.7399","16","0.4950","0.4564","-0.8104","170.2883","22.7277","9.9651","1330.0000","0.6480","32.0302","45.50430498","-75.54445651","41.1000","21.7406","29.9344","37.0312","3.0000","0.4769","-1.0045","-0.3333","-0.5763","18.1797","8292.4219","50.4075","49.8650","99.8045","437.7244","1.1011","1.0948","9211291.9922","37750000.0000","-43.2155","-26.2650","-24.9322","-52.0872"
"37.800","46.2891","16","0.5618","0.4656","-0.7950","171.8364","25.3085","9.9514","1330.0000","0.6480","29.1094","45.50429907","-75.54445578","39.0812","21.7875","31.0469","34.4188","3.0000","0.4249","-1.1560","-0.6505","-0.0920","20.2344","8385.2002","50.9051","50.9077","99.8600","438.3633","1.0989","1.0990","9261291.9922","37800000.0000","-18.9439","-5.3760","30.9054","-32.6637"
"37.850","46.8947","16","0.6277","0.4757","-0.7752","173.2952","27.8353","9.9392","1330.0000","0.6480","26.8132","45.50429312","-75.54445505","39.1656","21.8219","32.3312","34.2188","3.0000","0.4973","-1.1221","-0.8235","-0.2399","19.8453","8521.8447","51.3341","51.5219","99.9000","439.0116","1.0929","1.0907","9311291.9922","37850000.0000","26.9481","9.3531","42.4311","28.5849"
"37.900","48.0086","16","0.6863","0.4943","-0.7158","173.9498","29.8766","9.9402","1330.0000","0.6480","25.5745","45.50428682","-75.54445432","41.7750","21.8969","34.3812","37.2500","3.0000","0.4450","-1.0508","-1.1850","-0.7463","19.8719","8771.2891","52.6350","52.0375","99.9000","439.6719","1.0948","1.0824","9361291.9922","37900000.0000","38.5968","1.9208","12.2642","49.3511"
"37.950","49.1123","15","0.7407","0.5131","-0.6606","174.7151","31.7242","9.9404","1330.0000","0.6480","24.6388","45.50428050","-75.54445367","42.2062","21.9859","33.6344","37.4719","3.0000","0.1058","-1.0967","-1.9953","-0.8470","22.5219","9049.2666","54.7725","54.7450","99.9000","440.3469","1.1141","1.1029","9411291.9922","37950000.0000","7.4750","-6.9440","-19.5913","-1.8643"
"38.000","50.1233","15","0.7568","0.5330","-0.6436","176.4757","31.8273","9.9343","1330.0000","0.6480","25.0646","45.50427394","-75.54445372","42.1562","22.2156","32.8688","36.7500","3.0000","-0.0806","-1.0942","-3.1588","-0.3369","28.0910","9358.1553","57.8872","56.3769","99.9000","441.0360","1.1535","1.1234","9461291.9922","38000000.0000","-18.9802","9.3256","-24.7113","-54.0753"
"38.050","51.1112","15","0.7698","0.5537","-0.6272","160.2691","31.8053","9.9274","1330.0000","0.6462","25.5763","45.50426737","-75.54445384","40.9906","22.7703","31.6187","33.9188","3.0000","0.1675","-1.0065","-3.8610","0.1475","34.3500","9589.2227","57.8098","59.2415","99.9000","441.7406","1.1301","1.1357","9511291.9922","38050000.0000","-12.4023","32.2993","-7.6835","-31.9357"
"38.100","51.8900","15","0.7558","0.5802","-0.6147","-17.6424","30.6567","9.9145","1330.0000","0.6282","26.9388","45.50426069","-75.54445463","40.9188","24.5031","31.8563","33.9188","3.0000","0.6355","-0.9360","-3.1077","-0.2854","38.0687","9783.6670","59.0625","59.6250","99.9000","442.4567","1.1372","1.1480","9561291.9922","38100000.0000","5.3539","20.4124","3.9446","33.4832"
"38.150","52.7070","15","0.7426","0.6067","-0.6036","-177.6419","29.5464","9.9008","1330.0000","0.6120","28.3912","45.50425397","-75.54445546","41.4344","24.5891","31.6734","35.9156","3.0000","0.9054","-0.8163","-1.1935","-1.2167","37.4562","10048.0225","61.9350","60.4875","99.9000","443.1838","1.1723","1.1604","9611291.9922","38150000.0000","1.9582","-19.3657","-3.7269","45.3241"
"38.200","53.8681","15","0.7378","0.6318","-0.6051","-176.4329","28.7800","9.8800","1330.0000","0.6120","29.7893","45.50424697","-75.54445658","40.3750","23.1719","31.6281","37.7500","3.0000","0.9039","-0.8473","0.1994","-1.3443","32.5711","10298.7559","61.6513","63.2564","99.8067","443.9242","1.1430","1.1728","9661291.9922","38200000.0000","-18.5404","-27.8173","-9.3269","-14.2570"
"38.250","55.0048","15","0.7238","0.6482","-0.6016","-175.2606","27.6800","9.8618","1330.0000","0.6120","31.6267","45.50423996","-75.54445772","40.0031","22.5766","31.4234","35.0969","3.0000","0.5809","-1.0400","0.5280","-0.7384","25.5586","10283.2002","63.4537","62.1854","98.6400","444.6821","1.1526","1.1423","9711291.9922","38250000.0000","-26.5352","6.8746","10.4146","-52.1789"
"38.300","55.9220","15","0.6278","0.5865","-0.5535","-174.4192","23.5784","9.8675","1330.0000","0.6120","37.7475","45.50423278","-75.54445901","38.4750","22.9344","32.5812","33.6875","3.0000","0.5739","-1.1235","0.6329","-0.8813","17.1199","10090.3115","62.3650","62.2350","91.5622","445.4534","1.1141","1.1118","9761291.9922","38300000.0000","-6.6341","14.0212","27.6799","3.4970"
"38.350","56.8602","15","0.5209","0.5150","-0.5095","-173.6044","19.1250","9.8710","1330.0000","0.6120","47.3182","45.50422558","-75.54446033","39.1094","23.0953","32.7031","36.0375","3.0000","0.5618","-1.0374","1.7885","-2.6427","7.6740","9441.4219","61.4675","61.0000","69.2844","446.2373","1.0790","1.0698","9811291.9922","38350000.0000","27.8631","-51.6025","-0.4206","100.4261"
"38.400","57.9876","15","0.3155","0.3541","-0.5035","-173.0290","11.5048","9.8558","1330.0000","0.6120","80.2190","45.50421814","-75.54446184","40.5438","18.3188","32.6625","42.3688","3.0000","0.1990","-0.8624","3.5519","-5.3519","-1.6281","8922.6670","57.9154","59.6667","44.9267","447.0350","0.9976","1.0278","9861291.9922","38400000.0000","38.6614","-124.8762","-44.9314","130.2229"
"38.450","58.9130","15","0.1004","0.1928","-0.5014","-172.6115","3.5773","9.8398","1330.0000","0.6102","262.1044","45.50421075","-75.54446329","42.4625","11.3094","30.2188","47.6719","3.0000","-0.0975","-0.9374","4.7234","-7.0402","-11.1629","8544.8887","52.0951","58.1659","18.3156","447.8479","0.8856","1.0057","9911291.9922","38450000.0000","7.9682","-116.9681","-29.9561","73.2268"
"38.500","58.0213","15","-0.2035","0.0273","-0.5350","-173.6162","-7.1154","9.8164","1330.0000","0.5922","129.7805","45.50420371","-75.54446408","41.7188","8.4344","29.3469","48.9062","3.0000","-0.4615","-1.1958","5.1234","-5.9586","-22.2656","8335.5996","44.3825","57.0225","6.2111","448.6586","0.7656","0.9837","9961291.9922","38500000.0000","-31.5606","-37.5265","45.1067","12.0932"
"38.550","57.0938","15","-0.4993","-0.1353","-0.5636","-174.7261","-17.5339","9.7955","1330.0000","0.5778","51.8241","45.50419670","-75.54446477","39.8531","8.4547","33.9781","49.5719","3.0000","-0.4725","-1.2136","5.0387","-3.0129","-33.3281","8205.5996","41.0075","56.5000","0.9333","449.4573","0.7197","0.9991","10011291.9922","38550000.0000","-33.0463","38.4814","90.1805","-1.6644"
"38.600","55.8439","15","-0.7221","-0.2722","-0.5467","-176.7827","-25.4844","9.7969","1330.0000","0.5958","34.8756","45.50419001","-75.54446454","38.6937","10.7937","38.4062","49.6813","3.0000","-0.3243","-1.0500","4.1914","-0.5859","-41.9000","7871.2446","39.6333","56.5744","0.1533","450.2413","0.7107","1.0144","10061291.9922","38600000.0000","-2.5942","56.6846","56.9113","7.1258"
"38.650","54.6512","15","-0.9388","-0.4038","-0.5335","-160.8518","-33.2732","9.7968","1330.0000","0.6138","26.1412","45.50418333","-75.54446425","39.1250","12.5172","38.9375","49.8563","3.0000","-0.3304","-0.8519","2.9535","0.1223","-47.4094","7520.1777","37.2463","54.9854","0.0000","451.0068","0.6819","1.0056","10111291.9922","38650000.0000","15.7829","21.1801","-2.1143","4.9550"
"38.700","53.9733","15","-1.1008","-0.4885","-0.5543","16.9669","-39.6069","9.7821","1330.0000","0.6318","21.6885","45.50417673","-75.54446337","40.4188","12.9422","37.6813","49.9375","3.0000","-0.4241","-1.0066","2.1926","-0.4120","-51.1000","7297.3999","35.7100","53.7625","0.0000","451.7605","0.6621","0.9968","10161291.9922","38700000.0000","5.8428","-24.1689","-19.5922","-6.2301"
"38.750","53.2824","15","-1.2591","-0.5638","-0.5690","176.7258","-45.8730","9.7702","1330.0000","0.6480","18.4862","45.50417015","-75.54446237","39.6344","10.8797","38.0156","49.5312","3.0000","-0.4459","-1.1377","1.4324","-1.0787","-54.2250","7133.8887","34.7750","52.4500","0.0000","452.5048","0.6534","0.9778","10211291.9922","38750000.0000","-2.9224","-40.1986","-7.4893","-15.0352"
"38.800","52.4745","15","-1.3841","-0.5549","-0.5286","173.9461","-51.5309","9.7820","1330.0000","0.6480","16.2069","45.50416381","-75.54446035","39.6813","9.1203","38.2687","48.7250","3.0000","-0.4329","-1.0400","-0.2673","-1.5966","-56.2059","7122.7778","36.6128","50.2641","0.0000","453.2392","0.6984","0.9588","10261291.9922","38800000.0000","8.8822","-19.2666","-6.1766","-16.4135"
"38.850","51.6613","15","-1.4941","-0.5419","-0.4888","171.2312","-56.6497","9.7940","1330.0000","0.6462","14.5140","45.50415752","-75.54445830","40.8187","9.6539","36.1781","47.2875","3.0000","-0.3870","-1.0055","-1.3610","-1.7640","-56.9156","7112.7334","41.0171","44.9829","0.0000","453.9610","0.7948","0.9322","10311291.9922","38850000.0000","14.9802","7.6832","-2.6507","-5.7976"
"38.900","50.8018","15","-1.4702","-0.4910","-0.4543","169.1004","-56.9154","9.8069","1330.0000","0.6282","14.2059","45.50415156","-75.54445593","41.0438","9.7328","37.8812","48.8250","3.0000","-0.3626","-1.1558","-1.2323","-1.2802","-57.5641","7103.8442","40.3025","45.9600","0.0000","454.6716","0.7941","0.9056","10361291.9922","38900000.0000","-2.3887","10.0773","26.4906","13.0492"
"38.950","49.9193","15","-1.4296","-0.4388","-0.4211","166.9018","-56.4789","9.8198","1330.0000","0.6120","14.0671","45.50414565","-75.54445348","39.9406","9.8906","40.3563","48.9250","3.0000","-0.3351","-1.0801","-1.0184","-0.8015","-58.7141","7000.5112","37.5400","47.2550","0.0000","455.3704","0.7537","0.9233","10411291.9922","38950000.0000","-17.3895","-0.9976","46.1057","16.5414"
"39.000","48.8296","15","-1.2391","-0.3756","-0.3995","164.0921","-49.7216","9.8319","1330.0000","0.6120","15.6300","45.50414021","-75.54445037","39.8875","10.0500","40.7625","48.8563","3.0000","-0.3568","-0.9442","-1.5120","-0.9432","-59.8078","6852.7334","37.0846","45.8872","0.0000","456.0560","0.7605","0.9410","10461291.9922","39000000.0000","-0.4841","2.7417","5.8262","-7.9205"
"39.050","47.7781","15","-1.0473","-0.3212","-0.3760","161.3279","-42.8486","9.8436","1330.0000","0.6120","17.7465","45.50413480","-75.54444721","40.6000","10.0750","39.4531","48.8156","3.0000","-0.4153","-0.8933","-3.0968","-1.4811","-58.5187","6689.3110","36.7341","44.7268","0.0000","456.7252","0.7694","0.9103","10511291.9922","39050000.0000","25.8904","8.8185","-70.9102","-37.3610"
"39.100","47.0705","15","-0.8452","-0.3476","-0.3357","158.9714","-34.9329","9.8523","1330.0000","0.6120","21.4454","45.50412965","-75.54444355","41.6188","10.1875","35.2313","45.5250","3.0000","-0.5001","-0.8528","-4.6355","-2.4374","-50.2984","6533.7998","38.6125","41.3675","0.0000","457.3831","0.8211","0.8796","10561291.9922","39100000.0000","23.7854","-9.7994","-101.9178","-36.4919"
"39.150","46.3941","15","-0.6343","-0.3725","-0.2985","156.9491","-26.5994","9.8597","1330.0000","0.6138","27.7594","45.50412449","-75.54443999","41.9000","9.6898","31.4312","44.6719","3.0000","-0.6537","-0.9727","-5.2852","-3.3612","-32.3344","6493.7998","39.4900","39.1025","0.0000","458.0320","0.8517","0.8641","10611291.9922","39150000.0000","5.6403","-24.4885","-58.5130","-10.3682"
"39.200","45.9990","15","-0.3446","-0.3851","-0.2892","157.9336","-14.5058","9.8554","1330.0000","0.6318","50.4692","45.50411920","-75.54443727","43.4375","9.0469","28.5469","44.9813","3.0000","-0.7272","-1.0991","-5.5596","-3.2690","-4.9688","6495.3335","39.7000","39.0103","0.0000","458.6739","0.8635","0.8485","10661291.9922","39200000.0000","14.0845","13.0559","-7.5328","0.5932"
"39.250","45.5888","15","-0.0500","-0.3954","-0.2784","158.9733","-2.1164","9.8532","1330.0000","0.6498","342.8268","45.50411391","-75.54443461","43.9031","10.4195","29.3937","44.8969","3.0000","-0.6978","-1.0732","-6.6797","-2.5314","26.3453","6603.6665","41.2220","38.7268","0.0000","459.3091","0.9050","0.8142","10711291.9922","39250000.0000","51.3944","85.4129","-7.6453","-18.8483"
"39.300","45.0429","15","0.2897","-0.3844","-0.2553","160.5099","12.9352","9.8687","1330.0000","0.6678","55.4208","45.50410863","-75.54443252","47.6437","17.0672","28.2094","42.2375","3.0000","-0.7732","-0.9603","-8.0969","-2.1020","55.2625","6584.7998","45.3725","35.1050","0.0000","459.9379","1.0081","0.7799","10761291.9922","39300000.0000","66.5806","109.8105","-30.1350","-35.6196"
"39.350","44.4671","15","0.6186","-0.3739","-0.2327","162.1327","27.5899","9.8831","1330.0000","0.6840","25.6512","45.50410337","-75.54443052","50.2094","21.1281","27.1719","41.4781","3.0000","-0.7197","-0.9252","-8.1375","-1.9810","76.3438","6428.1333","45.6450","32.9900","0.0000","460.5590","1.0274","0.7644","10811291.9922","39350000.0000","32.8815","58.8793","-21.8741","-25.9491"
"39.400","43.6219","15","0.8509","-0.3679","-0.2160","164.5310","38.6722","9.8873","1330.0000","0.6840","17.9526","45.50409819","-75.54442924","49.9375","21.2156","26.3219","41.0938","3.0000","-0.7021","-0.9963","-6.9477","-1.6703","88.9875","6223.1113","43.8744","32.6256","0.0000","461.1705","1.0070","0.7488","10861291.9922","39400000.0000","-8.1726","4.2730","7.2676","-7.9810"
"39.450","42.7886","15","1.0725","-0.3635","-0.1924","166.9889","49.3313","9.8944","1330.0000","0.6858","13.8047","45.50409303","-75.54442805","50.2781","22.2281","26.6641","39.8719","3.0000","-0.7286","-1.1707","-5.1230","-1.1906","95.5563","5995.3335","42.7537","29.4488","0.0000","461.7692","1.0001","0.7210","10911291.9922","39450000.0000","-14.6664","1.0792","9.8481","-8.1406"
"39.500","42.0621","15","1.1991","-0.3728","-0.1066","169.9828","56.1821","9.9281","1330.0000","0.7038","11.9155","45.50408797","-75.54442774","49.5000","22.8344","27.6656","39.7938","3.0000","-0.7286","-1.2375","-3.9367","-1.0668","98.0750","5795.4224","41.0875","29.1250","0.0000","462.3577","0.9778","0.6931","10961291.9922","39500000.0000","-2.4749","17.4330","-13.8387","-18.4821"
"39.550","41.2812","15","1.3071","-0.3868","-0.0264","172.9703","62.1759","9.9589","1330.0000","0.7272","10.5670","45.50408296","-75.54442749","48.7188","22.8594","25.8750","38.8719","3.0000","-0.6774","-1.0679","-3.6494","-1.5359","98.8562","5596.6001","39.8225","27.9725","0.0000","462.9356","0.9665","0.6798","11011291.9922","39550000.0000","-5.6839","8.6051","-15.6964","-10.6215"
"39.600","40.0105","15","1.2478","-0.4430","0.0044","175.8995","60.4566","9.9639","1330.0000","0.7992","10.5330","45.50407836","-75.54442792","49.4938","22.9219","25.2250","39.0750","3.0000","-0.6871","-0.9745","-2.4058","-1.9201","98.7610","5366.6001","38.9538","26.6179","0.0000","463.4998","0.9754","0.6665","11061291.9922","39600000.0000","-19.8006","-10.1313","11.8899","12.2590"
"39.650","38.7566","15","1.1823","-0.4969","0.0382","160.7386","58.4280","9.9695","1330.0000","0.8640","10.5571","45.50407377","-75.54442837","47.0906","22.8906","27.4500","39.8500","3.0000","-0.7050","-1.0266","-0.6544","-2.0755","95.6875","5165.8442","36.4098","27.3878","0.0000","464.0447","0.9409","0.6990","11111291.9922","39650000.0000","-21.4224","-5.9246","24.3101","20.6846"
"39.700","37.6526","15","1.0612","-0.5314","0.0995","-17.2326","53.6165","9.9810","1330.0000","0.8640","11.1768","45.50406937","-75.54442908","46.2375","22.8875","27.8469","39.9938","3.0000","-0.3252","-0.9939","0.1697","-2.4938","87.8344","5040.2891","33.5550","27.4950","0.0000","464.5742","0.8927","0.7315","11161291.9922","39700000.0000","-11.2044","7.4918","-2.5213","6.0756"
"39.750","36.5714","15","0.9439","-0.5571","0.1556","-177.1730","48.9728","9.9911","1330.0000","0.8604","11.8852","45.50406499","-75.54442985","46.9375","22.8344","26.4016","41.0156","3.0000","0.0563","-0.9980","0.3344","-2.5934","76.5500","4906.2002","32.0800","27.5550","0.0000","465.0891","0.8783","0.7545","11211291.9922","39750000.0000","-7.4280","-0.8778","-30.8596","-5.3406"
"39.800","35.6954","15","0.8609","-0.5032","0.1662","-174.8355","45.8403","9.9884","1330.0000","0.8244","12.3932","45.50406091","-75.54443104","45.9125","22.1219","25.2563","40.3937","3.0000","0.0706","-1.0110","0.2212","-2.0820","62.4266","4762.8667","30.7615","27.6949","0.0000","465.5910","0.8636","0.7775","11261291.9922","39800000.0000","-7.3050","-18.0007","-22.1829","1.2654"
"39.850","34.8527","15","0.7689","-0.4521","0.1781","-172.6002","42.1335","9.9868","1330.5000","0.7884","13.1652","45.50405683","-75.54443224","45.4031","22.0938","25.3281","39.7844","3.0000","-0.0863","-0.9773","0.2345","-1.5706","45.4031","4669.0225","28.9781","27.7341","0.0000","466.0792","0.8327","0.7972","11311291.9922","39850000.0000","0.1706","-9.0449","7.8256","6.9164"
"39.900","34.3088","15","0.5961","-0.4260","0.2013","-171.2836","33.2573","9.9938","1335.5000","0.7524","16.4187","45.50405278","-75.54443351","45.9875","22.0844","25.7188","41.2250","3.0000","-0.2713","-0.9786","0.4965","-1.0611","25.8023","4598.4668","28.0425","27.9850","0.0000","466.5585","0.8187","0.8170","11361291.9922","39900000.0000","7.0915","14.8891","17.0386","-0.0911"
"39.950","33.7760","14","0.4220","-0.4011","0.2171","-170.0590","24.2083","9.9984","1340.0000","0.7164","22.2057","45.50404875","-75.54443477","46.3906","21.5625","25.8000","41.2281","3.0000","-0.1352","-0.9250","1.4164","-0.6515","4.5389","4620.7998","28.1325","27.7775","0.0000","467.0309","0.8337","0.8507","11411291.9922","39950000.0000","-4.3948","3.3755","3.2103","7.7386"
"40.000","33.3428","14","0.2356","-0.3873","0.1673","-169.6620","13.6032","9.9822","1340.0000","0.6804","39.0104","45.50404479","-75.54443590","44.8063","21.4125","26.8375","42.1437","3.0000","-0.4562","-0.8766","3.1804","-0.9184","-17.6155","4665.5332","27.7821","29.4487","0.0178","467.4968","0.8343","0.8844","11461291.9922","40000000.0000","-26.5402","-48.2954","2.8244","43.4393"
"40.050","32.8874","14","0.0474","-0.3730","0.1308","-169.4118","2.7907","9.9696","1340.0000","0.6480","187.5568","45.50404084","-75.54443698","43.7719","19.0719","26.7062","44.3937","3.0000","-0.7720","-0.9436","6.0625","-1.6574","-39.3203","4822.2002","26.8366","31.8268","0.2400","467.9557","0.8176","0.9600","11511291.9922","40050000.0000","-43.4079","-84.0318","40.0589","69.6909"
"40.100","32.2322","14","-0.1577","-0.3552","0.2148","-170.4843","-9.8890","9.9896","1340.0000","0.6480","51.8748","45.50403700","-75.54443757","40.9125","12.8000","31.0625","49.2500","3.0000","-0.8265","-1.0713","8.8219","-1.9350","-58.0000","4970.3110","25.2025","33.3100","2.3600","468.4068","0.7835","1.0355","11561291.9922","40100000.0000","-45.8446","-63.2365","87.6670","55.5473"
"40.150","31.5467","14","-0.3635","-0.3383","0.2996","-171.7263","-22.7222","10.0102","1340.0000","0.6462","22.0965","45.50403318","-75.54443809","39.5625","12.0422","35.0344","50.3750","3.0000","-0.7079","-1.0728","9.3875","-1.3327","-70.4750","5096.4224","24.9200","33.1125","9.3600","468.8487","0.7943","1.0410","11611291.9922","40150000.0000","-29.7835","-10.6266","93.3869","22.8436"
"40.200","30.5881","14","-0.5765","-0.3303","0.3922","-174.4954","-36.9363","10.0363","1340.0000","0.6282","13.1802","45.50402954","-75.54443797","38.5750","13.2109","38.5062","50.4313","3.0000","-0.3289","-1.0330","8.0141","-0.5663","-75.9625","5387.6001","30.6795","31.9103","16.5200","469.2795","1.0061","1.0465","11661291.9922","40200000.0000","-0.4071","18.6130","45.9574","5.1750"
"40.250","29.6790","14","-0.7879","-0.3164","0.4756","-159.3710","-51.1639","10.0592","1340.0000","0.6120","9.2322","45.50402591","-75.54443778","39.0375","13.4477","39.6562","50.5312","3.0000","-0.1329","-0.9996","5.8551","-0.1593","-76.8812","5857.6001","33.7878","32.1537","23.8533","469.6961","1.1402","1.0891","11711291.9922","40250000.0000","12.2227","14.3339","-5.1453","-9.7178"
"40.300","29.2149","14","-0.9841","-0.2500","0.4772","16.7949","-65.5141","10.0536","1340.0000","0.6120","7.0972","45.50402236","-75.54443684","39.0812","13.5188","38.9875","50.4062","3.0000","-0.1878","-1.1638","3.4383","0.3853","-76.7375","5947.9331","35.4700","33.0075","28.9578","470.1043","1.2160","1.1316","11761291.9922","40300000.0000","-13.7885","8.1289","-5.3803","-39.6387"
"40.350","28.8218","14","-1.1664","-0.1784","0.4799","174.8943","-78.9565","10.0490","1340.0000","0.6120","5.8097","45.50401882","-75.54443581","37.7500","14.4344","38.8719","47.0687","3.0000","0.0557","-1.0513","1.8066","1.3428","-77.6937","5859.6001","36.2575","35.9600","33.0133","470.5075","1.2568","1.1687","11811291.9922","40350000.0000","-43.4780","13.6400","33.4375","-49.1895"
"40.400","29.0686","14","-1.2229","-0.0599","0.4927","170.3954","-84.2281","10.0534","1340.0000","0.6120","5.4927","45.50401525","-75.54443392","36.3625","15.5875","41.6375","45.1000","3.0000","0.3594","-0.6781","1.7227","1.6286","-78.9007","5767.3555","34.9974","35.0821","34.6244","470.9100","1.2029","1.2058","11861291.9922","40400000.0000","-21.0631","16.4764","45.6879","-11.5933"
"40.450","29.3324","14","-1.2643","0.0606","0.5022","165.9696","-88.3284","10.0574","1340.0000","0.6138","5.2853","45.50401168","-75.54443196","35.4781","15.6047","44.3000","46.3406","3.0000","0.0975","-0.7057","1.4128","0.5566","-78.3375","5695.7778","35.3390","34.6634","36.1956","471.3162","1.2030","1.1989","11911291.9922","40450000.0000","37.4615","7.0175","8.7562","27.6398"
"40.500","29.7500","14","-1.1692","0.2003","0.4819","162.2017","-81.8872","10.0586","1340.0000","0.6318","5.7822","45.50400814","-75.54442952","39.3438","15.6109","41.2750","47.7438","3.0000","0.2289","-0.9043","0.0731","-0.4835","-75.8063","5868.0000","36.4000","35.5100","41.1400","471.7272","1.2218","1.1919","11961291.9922","40500000.0000","47.1838","-4.2690","-27.3048","5.3441"
"40.550","30.1420","14","-1.0582","0.3315","0.4554","158.5408","-74.2393","10.0575","1340.0000","0.6480","6.4619","45.50400462","-75.54442706","39.7469","15.6141","41.5187","45.3812","3.0000","0.1875","-1.2422","-1.4712","-0.4721","-70.7125","5973.4888","35.8575","36.0875","46.1000","472.1433","1.1896","1.1846","12011291.9922","40550000.0000","-11.8971","-7.3179","-24.6213","-57.0136"
"40.600","30.3048","14","-0.8039","0.3868","0.3737","155.8441","-55.7319","10.0367","1340.0000","0.6480","8.6542","45.50400128","-75.54442438","37.4375","15.6313","40.8688","42.4562","3.0000","0.5615","-1.3181","-3.0603","0.0770","-60.3219","5907.3779","36.4692","35.6949","51.1000","472.5630","1.2028","1.1772","12061291.9922","40600000.0000","-46.8458","-1.1875","-13.7966","-77.5327"
"40.650","30.5735","14","-0.5446","0.4348","0.3024","153.4701","-37.0135","10.0190","1340.0000","0.6462","13.1463","45.50399788","-75.54442171","37.3656","15.3352","38.8469","39.9188","3.0000","0.6241","-1.4153","-5.1881","0.2743","-43.2641","5804.2002","35.1537","35.1781","54.2600","472.9866","1.1453","1.1283","12111291.9922","40650000.0000","11.5447","12.2413","-37.4661","-36.4994"
"40.700","31.7954","14","-0.2404","0.4165","0.3245","154.0011","-16.3968","10.0297","1340.0000","0.6282","30.8620","45.50399400","-75.54441912","38.2875","15.5109","36.2687","38.6750","3.0000","0.1705","-1.3821","-8.3357","-0.1630","-20.9430","5660.8667","35.0100","34.4525","55.4267","473.4218","1.0969","1.0794","12161291.9922","40700000.0000","92.2295","26.7520","-74.9847","0.7492"
"40.750","32.9687","14","0.0615","0.3970","0.3432","154.7438","3.8986","10.0399","1340.0000","0.6120","134.5916","45.50399009","-75.54441660","45.1281","19.1344","32.5828","38.2094","3.0000","-0.0325","-1.1970","-10.7297","-0.7421","2.5017","6045.6665","36.2075","37.1350","56.0267","473.8724","1.0959","1.1225","12211291.9922","40750000.0000","91.3383","35.8584","-72.8496","-10.1233"
"40.800","33.7050","14","0.3432","0.3667","0.3322","157.3927","21.3021","10.0444","1340.0000","0.6120","25.1821","45.50398594","-75.54441472","47.2562","19.5938","30.5063","38.3563","3.0000","-0.3171","-1.2939","-11.0039","-0.4210","23.9539","6679.0000","38.1692","39.3718","56.3600","474.3356","1.1300","1.1656","12261291.9922","40800000.0000","20.4276","39.9585","-19.8086","-34.0390"
"40.850","34.3907","14","0.6180","0.3407","0.3275","160.1110","38.1868","10.0500","1340.0000","0.6120","14.3334","45.50398176","-75.54441293","45.9844","21.2797","30.4672","35.5375","3.0000","-0.0717","-1.2864","-9.7270","0.7452","41.7219","6739.3555","40.8878","41.7780","56.6933","474.8099","1.1881","1.1730","12311291.9922","40850000.0000","-28.5960","42.5048","35.4602","-27.7878"
"40.900","34.6200","14","0.8317","0.3540","0.3807","163.4541","50.4009","10.0649","1340.0000","0.6120","10.9322","45.50397739","-75.54441186","46.0000","24.8813","32.7125","34.9875","3.0000","0.1632","-1.0823","-7.7250","1.3418","54.0203","6732.0225","41.2050","40.8950","57.0222","475.2895","1.1894","1.1805","12361291.9922","40900000.0000","-15.7158","37.7509","36.9542","-0.4059"
"40.950","34.8969","14","1.0320","0.3689","0.4256","166.7407","61.7664","10.0773","1339.5000","0.6120","8.9920","45.50397300","-75.54441084","45.6375","25.4266","33.5469","35.7938","3.0000","0.2300","-0.8613","-5.7752","0.5237","61.0547","6844.7998","41.5325","41.6525","57.3000","475.7729","1.1877","1.1709","12411291.9922","40950000.0000","15.8195","19.1206","-17.3863","14.1386"
"41.000","35.6021","14","1.1126","0.3985","0.3957","169.5173","65.4938","10.0670","1334.5000","0.6120","8.6516","45.50396840","-75.54441030","46.2375","25.4969","31.2750","36.3750","3.0000","0.2182","-0.9222","-4.4170","-0.9727","64.5500","6957.5776","41.8179","41.4282","57.7644","476.2632","1.1723","1.1613","12461291.9922","41000000.0000","13.3754","-3.3645","-58.9666","7.7924"
"41.050","36.2814","14","1.1850","0.4225","0.3721","172.3437","68.7265","10.0597","1330.0000","0.6102","8.4019","45.50396380","-75.54440984","45.9344","25.3719","28.9344","36.3406","3.0000","0.1063","-1.0125","-3.5661","-1.6847","66.3906","7070.3555","42.7341","42.9683","58.7089","476.7639","1.1764","1.1775","12511291.9922","41050000.0000","-17.3731","-13.0259","-35.1437","-4.7897"
"41.100","36.7275","14","1.1846","0.3953","0.4057","175.6170","67.5062","10.0783","1330.0000","0.5922","8.6590","45.50395907","-75.54441006","46.1937","25.3094","27.3937","35.7062","3.0000","0.0751","-1.0537","-2.1229","-0.8990","66.2875","7175.6665","43.6150","43.8900","65.6533","477.2716","1.1861","1.1936","12561291.9922","41100000.0000","-31.8781","-7.7911","19.7366","-10.9753"
"41.150","37.1617","14","1.1799","0.3657","0.4407","160.8216","66.0774","10.0976","1330.0000","0.5760","8.9508","45.50395434","-75.54441034","42.7625","24.2281","30.7422","35.6156","3.0000","0.1197","-1.0284","-1.2679","0.5729","63.5703","7272.8887","44.2100","44.4750","79.0978","477.7851","1.1885","1.2014","12611291.9922","41150000.0000","-14.3732","2.4047","40.5738","-10.4202"
"41.200","37.4879","14","1.1369","0.3146","0.4889","-16.5931","62.7722","10.1221","1330.0000","0.5760","9.5048","45.50394963","-75.54441117","43.7875","24.9562","31.0812","34.8000","3.0000","0.1460","-0.8937","-1.1938","1.4957","58.7859","7351.9775","44.4282","45.3718","88.8022","478.3036","1.1841","1.2093","12661291.9922","41200000.0000","6.9211","10.8334","20.4870","-7.1841"
"41.250","37.8504","14","1.0882","0.2748","0.5360","-176.0096","59.2015","10.1458","1330.0000","0.5760","10.1756","45.50394489","-75.54441206","44.0906","25.8641","31.8750","34.6781","3.0000","0.2352","-0.8145","-1.0799","1.4311","53.6578","7422.5332","45.4122","44.7390","96.7467","478.8277","1.1976","1.1944","12711291.9922","41250000.0000","8.3654","14.5125","-0.1661","-1.1668"
"41.300","38.5396","14","0.9878","0.3353","0.5735","-173.4422","53.2417","10.1618","1330.0000","0.5760","11.5206","45.50393999","-75.54441351","44.3250","26.1437","32.0375","35.0062","3.0000","0.4105","-0.8832","-0.7593","0.7403","49.4594","7559.0889","45.9350","45.5375","98.6778","479.3593","1.1898","1.1795","12761291.9922","41300000.0000","-1.8983","8.7722","-8.3625","6.3869"
"41.350","39.2255","14","0.8831","0.3916","0.6084","-170.8644","47.0572","10.1775","1330.0000","0.5760","13.2667","45.50393509","-75.54441503","43.7062","26.1203","31.1594","35.2469","3.0000","0.4435","-0.8856","-0.1880","0.1887","46.1094","7697.5776","46.5225","46.1525","99.7089","479.9001","1.1842","1.1789","12811291.9922","41350000.0000","-14.2735","-5.6615","-20.2579","7.7183"
"41.400","39.8823","14","0.7391","0.4106","0.6192","-168.1941","38.8499","10.1905","1330.0000","0.5760","16.3384","45.50393016","-75.54441721","43.0625","26.1281","29.7313","35.3937","3.0000","0.4275","-0.9351","1.2811","0.0065","40.9500","7754.7998","47.0026","47.0692","99.8200","480.4498","1.1766","1.1783","12861291.9922","41400000.0000","-38.1705","-14.8655","-19.4533","3.2874"
"41.450","40.5636","14","0.5911","0.4265","0.6275","-165.7766","30.4894","10.2030","1330.0000","0.5778","21.1742","45.50392520","-75.54441937","39.6500","24.6109","30.3984","36.1031","3.0000","0.4872","-1.0737","3.6584","0.0122","30.0922","7748.3999","47.0415","46.1341","99.9156","481.0100","1.1572","1.1498","12911291.9922","41450000.0000","-69.6547","-15.1127","23.1443","14.8883"
"41.500","41.4646","14","0.4068","0.4132","0.6141","-165.6340","20.7501","10.2118","1330.0000","0.5958","31.8037","45.50391998","-75.54442135","36.9750","24.0938","32.1937","37.5812","3.0000","0.6155","-1.0159","6.6074","-0.2101","11.3773","7578.3999","46.2700","46.5950","99.9711","481.5811","1.1135","1.1213","12961291.9922","41500000.0000","-66.7125","-23.0500","63.9647","55.8377"
"41.550","42.3707","14","0.2193","0.4029","0.6009","-165.6568","10.9291","10.2197","1330.0000","0.6138","61.7023","45.50391473","-75.54442327","33.8094","22.8859","34.8531","40.7844","3.0000","0.5155","-0.9014","9.2578","-1.0814","-10.5852","7743.3335","45.8550","46.5775","100.0000","482.1644","1.0808","1.1164","13011291.9922","41550000.0000","-9.8426","-43.8229","35.6386","91.4191"
"41.600","43.3221","14","0.0040","0.4200","0.5898","-167.1685","0.3723","10.2191","1330.0000","0.6318","1851.7875","45.50390915","-75.54442466","35.8063","19.8687","35.8875","46.0125","3.0000","0.2546","-0.9172","9.9672","-1.7141","-29.2000","8271.1113","49.4692","48.2615","100.0000","482.7600","1.1394","1.1116","13061291.9922","41600000.0000","35.2984","-51.7925","-23.2085","62.4643"
"41.650","44.1866","14","-0.2024","0.4368","0.5771","-168.6195","-9.6978","10.2180","1330.0000","0.6480","72.5169","45.50390358","-75.54442603","36.3219","17.6187","34.1375","46.6219","3.0000","0.1711","-1.0593","8.8035","-0.8400","-40.3172","8557.1113","52.1878","51.6244","100.0000","483.3695","1.1809","1.1560","13111291.9922","41650000.0000","3.2285","-25.9612","-8.5995","-26.3886"
"41.700","44.2702","14","-0.3285","0.4508","0.5498","-169.5239","-15.3877","10.2125","1330.0000","0.6480","45.7886","45.50389811","-75.54442725","35.9938","17.9281","34.7188","42.6000","3.0000","0.1806","-1.1821","7.8336","0.8726","-42.4203","8729.3330","52.7150","53.1550","100.0000","483.9839","1.1905","1.2005","13161291.9922","41700000.0000","-49.8275","12.7928","68.1977","-76.9225"
"41.750","44.4815","14","-0.4477","0.4648","0.5247","-170.3999","-20.7328","10.2092","1330.0000","0.6462","34.1461","45.50389259","-75.54442847","32.4813","19.0359","40.3219","41.3031","3.0000","0.3720","-1.1658","6.8746","1.2425","-37.4562","8538.3115","53.8525","52.3000","100.0000","484.6016","1.2063","1.1594","13211291.9922","41750000.0000","-23.6467","26.7855","82.5679","-22.1190"
"41.800","45.8414","14","-0.5059","0.4789","0.5195","-171.0219","-22.9732","10.2257","1330.0000","0.6282","31.7582","45.50388653","-75.54442970","34.0750","19.5969","41.5625","41.2938","3.0000","0.6555","-1.0269","5.0420","-0.8566","-28.3531","8337.6670","52.7590","51.4179","100.0000","485.2303","1.1475","1.1183","13261291.9922","41800000.0000","58.2249","13.2362","-7.2872","58.5951"
"41.850","47.1639","14","-0.5561","0.4942","0.5123","-171.6871","-24.8487","10.2400","1330.0000","0.6120","30.2083","45.50388045","-75.54443088","38.4250","19.8594","38.8656","44.9250","3.0000","0.6729","-0.9226","3.0770","-3.5925","-19.2219","8596.0000","51.6976","52.0122","100.0000","485.8790","1.0938","1.1036","13311291.9922","41850000.0000","71.7416","-3.7517","-92.5542","45.3839"
"41.900","48.1502","14","-0.5339","0.5201","0.4870","-172.7405","-23.4394","10.2344","1330.0000","0.6120","32.6943","45.50387422","-75.54443164","39.0000","19.8500","34.7313","45.0625","3.0000","0.7845","-0.9340","1.8729","-4.2281","-12.4672","8801.1338","53.4775","52.5350","100.0000","486.5425","1.1084","1.0888","13361291.9922","41900000.0000","-10.4765","-8.3027","-74.4503","-44.1191"
"41.950","49.1183","13","-0.5075","0.5442","0.4650","-173.7606","-21.8651","10.2312","1330.0000","0.6120","35.7529","45.50386795","-75.54443238","36.9437","19.0812","32.8187","41.5469","3.0000","0.8687","-0.9009","1.6634","-2.5053","-8.1002","8869.4668","53.4575","53.8975","100.0000","487.2190","1.0873","1.0896","13411291.9922","41950000.0000","-76.5709","-4.3011","3.3551","-86.0859"
"42.000","49.9225","13","-0.4442","0.5530","0.4730","-174.4812","-18.8072","10.2494","1330.0000","0.6120","42.2467","45.50386150","-75.54443299","33.4125","19.0219","34.4562","38.2812","3.0000","0.7672","-0.7478","2.1367","-0.3781","-6.1604","8987.6670","55.2897","54.5179","100.0000","487.9071","1.1057","1.0903","13461291.9922","42000000.0000","-45.1648","-1.6484","39.2933","-31.5647"
"42.050","50.7651","13","-0.3885","0.5648","0.4805","-175.2284","-16.0784","10.2674","1330.0000","0.6138","50.2507","45.50385500","-75.54443357","33.3906","19.1453","35.8469","38.3094","3.0000","0.6689","-0.6827","2.6047","0.6378","-7.2191","9159.8887","55.2220","55.4341","100.0000","488.6082","1.0853","1.0940","13511291.9922","42050000.0000","23.0089","-1.2960","26.9536","36.5390"
"42.100","51.9527","13","-0.4021","0.6043","0.4827","-176.2148","-16.3126","10.2831","1330.0000","0.6318","50.6880","45.50384818","-75.54443387","34.0563","19.1562","37.1813","40.6688","3.0000","0.5089","-0.7390","2.4085","0.8452","-11.6684","9492.6670","57.5750","57.1550","100.0000","489.3235","1.1057","1.0976","13561291.9922","42100000.0000","32.1583","-1.2749","22.9723","33.9604"
"42.150","53.1251","13","-0.4187","0.6423","0.4882","-159.2551","-16.6534","10.3002","1330.0000","0.6462","50.7713","45.50384134","-75.54443409","35.9125","18.8594","37.8125","41.1906","3.0000","0.4906","-0.8615","1.5529","1.0673","-16.9156","9901.0000","59.1550","59.3625","100.0000","490.0544","1.1116","1.1160","13611291.9922","42150000.0000","-1.3603","-0.9283","25.9029","-10.6524"
"42.200","54.1611","13","-0.4619","0.6677","0.5221","19.2202","-17.9535","10.3304","1330.0000","0.6282","48.0130","45.50383426","-75.54443363","35.1250","18.9062","39.1750","39.7875","3.0000","0.6533","-0.8650","-0.0092","0.9881","-18.9484","9979.3330","60.5000","61.5513","100.0000","490.8000","1.1149","1.1343","13661291.9922","42200000.0000","-7.1927","-2.2480","1.7930","-24.2243"
"42.250","55.2283","13","-0.4997","0.6866","0.5576","179.8335","-19.0434","10.3615","1330.0000","0.6102","46.1570","45.50382714","-75.54443321","34.9625","18.9328","37.7594","38.7875","3.0000","0.8265","-0.7150","-1.4721","0.2341","-16.3352","10020.4004","60.2659","60.1976","100.0000","491.5620","1.0886","1.1080","13711291.9922","42250000.0000","11.3442","-5.0897","-32.6593","-5.9453"
"42.300","56.5775","13","-0.4892","0.6468","0.6067","179.6885","-18.2421","10.4019","1330.0000","0.5922","49.3615","45.50381971","-75.54443306","36.0812","18.3813","36.2750","39.3875","3.0000","0.9154","-0.7286","-2.2584","-0.6013","-10.9469","10150.4004","60.7500","61.3475","100.0000","492.3407","1.0712","1.0817","13761291.9922","42300000.0000","7.1180","-5.0713","-28.4004","-0.3624"
"42.350","57.9026","13","-0.4747","0.6141","0.6509","179.4806","-17.3125","10.4400","1330.0000","0.5760","53.2303","45.50381226","-75.54443287","36.1531","18.4219","36.1875","38.9875","3.0000","0.8585","-0.8804","-2.2902","-1.0330","-6.9684","10277.4443","62.7850","62.0750","100.0000","493.1370","1.0820","1.0787","13811291.9922","42350000.0000","-12.9541","-0.0208","11.6090","-5.0751"
"42.400","59.0115","13","-0.4246","0.6459","0.6509","178.7062","-15.2274","10.4581","1330.0000","0.5760","61.6781","45.50380458","-75.54443228","34.6625","18.6344","37.2750","38.5438","3.0000","0.7941","-1.0010","-1.7165","-1.4113","-6.7787","10396.8887","63.4154","63.6000","100.0000","493.9494","1.0726","1.0757","13861291.9922","42400000.0000","-5.9447","5.3534","28.2169","7.9022"
"42.450","60.1078","13","-0.3772","0.6718","0.6528","177.9135","-13.2425","10.4769","1330.0000","0.5760","72.2408","45.50379689","-75.54443164","35.5656","18.9844","37.5750","39.7250","3.0000","0.7411","-1.1829","-0.8785","-1.9611","-8.9187","10570.2002","64.9951","64.1561","100.0000","494.7790","1.0795","1.0752","13911291.9922","42450000.0000","17.5201","3.8993","-0.1750","25.0804"
"42.500","61.0918","13","-0.3529","0.6450","0.6705","176.9555","-12.1587","10.5017","1330.0000","0.5760","79.9681","45.50378902","-75.54443058","36.8812","18.9875","37.6437","41.3125","3.0000","0.5530","-1.0410","-0.3629","-2.5070","-11.0312","10801.8662","67.2950","65.7625","100.0000","495.6223","1.0998","1.0747","13961291.9922","42500000.0000","13.9181","-1.2219","-27.0464","13.8274"
"42.550","62.0639","13","-0.3309","0.6163","0.6853","176.0706","-11.1594","10.5249","1330.0000","0.5760","88.5153","45.50378114","-75.54442954","36.2438","18.9844","35.6188","40.4406","3.0000","0.4080","-0.9640","-0.2171","-2.8764","-11.0516","10945.1338","67.4325","66.9300","100.0000","496.4785","1.0848","1.0574","14011291.9922","42550000.0000","-6.1276","-0.5150","-19.7793","-9.7155"
"42.600","62.9285","13","-0.3296","0.5705","0.6734","175.8442","-10.9205","10.5335","1330.0000","0.5760","91.7119","45.50377310","-75.54442862","36.2250","19.0063","35.0500","40.2812","3.0000","0.4900","-0.8036","0.0060","-3.1137","-8.8500","11046.7998","66.9128","65.5462","100.0000","497.3470","1.0619","1.0402","14061291.9922","42600000.0000","-1.9148","2.6625","-6.1923","-8.6590"
"42.650","63.8139","13","-0.3346","0.5271","0.6633","175.5913","-10.8839","10.5436","1330.0000","0.5760","93.3152","45.50376504","-75.54442767","36.5219","19.0109","34.9938","40.5062","3.0000","0.5205","-0.7207","0.3822","-3.0166","-6.3316","11177.3115","67.7805","67.7683","100.0000","498.2291","1.0604","1.0509","14111291.9922","42650000.0000","12.8396","-2.9884","-11.7547","6.3429"
"42.700","64.8867","13","-0.3958","0.5054","0.6696","175.0992","-12.6679","10.5682","1330.0000","0.5760","81.5210","45.50375672","-75.54442640","37.4062","18.9719","34.2375","40.6000","3.0000","0.3176","-0.9568","0.7788","-2.2051","-5.9234","11311.9336","68.6475","69.0050","100.0000","499.1246","1.0562","1.0617","14161291.9922","42700000.0000","-6.8957","-14.1223","-7.5961","1.4996"
"42.750","65.9144","13","-0.4589","0.4838","0.6761","174.5493","-14.4998","10.5921","1330.0000","0.5778","72.3499","45.50374840","-75.54442507","35.2031","17.7609","35.1000","39.8750","3.0000","0.1511","-1.1855","1.1619","-1.2199","-8.4230","11448.5996","70.0725","69.7975","100.0000","500.0338","1.0617","1.0537","14211291.9922","42750000.0000","-37.9845","-12.8990","35.2608","-7.4620"
"42.800","66.5371","13","-0.5382","0.4623","0.6846","173.4795","-16.7618","10.6107","1330.0000","0.5958","63.1775","45.50374002","-75.54442321","33.8563","17.7812","37.3875","40.2875","3.0000","0.6368","-1.1597","1.5299","-1.0822","-13.1422","11619.9551","70.3154","69.6461","100.0000","500.9536","1.0558","1.0457","14261291.9922","42800000.0000","-13.5402","1.2629","73.6970","15.4464"
"42.850","67.1730","13","-0.6093","0.4429","0.6945","172.3695","-18.7664","10.6303","1330.0000","0.6102","56.9684","45.50373161","-75.54442127","35.1063","17.8656","41.2406","42.1375","3.0000","1.0535","-1.2776","1.0529","-1.9821","-18.4344","11880.5107","70.8122","71.6341","100.0000","501.8836","1.0530","1.0591","14311291.9922","42850000.0000","53.0518","5.6225","43.4586","46.0562"
"42.900","67.9274","13","-0.6060","0.4422","0.7170","170.8969","-18.4537","10.6600","1330.0000","0.5922","58.5845","45.50372306","-75.54441862","38.0687","17.8563","41.2500","43.3625","3.0000","1.2939","-1.6855","-0.9626","-3.1328","-22.3469","12069.0664","71.5975","72.9350","100.0000","502.8231","1.0529","1.0725","14361291.9922","42900000.0000","60.7258","-12.4355","-27.0071","27.5535"
"42.950","68.6759","13","-0.6089","0.4411","0.7343","169.4995","-18.3228","10.6870","1330.0000","0.5760","59.6531","45.50371450","-75.54441596","39.6719","16.9281","38.7500","43.7687","3.0000","1.0452","-1.4956","-3.1467","-3.4400","-23.0594","12179.6221","74.0500","73.8325","100.0000","503.7725","1.0764","1.0611","14411291.9922","42950000.0000","-17.4831","-30.0204","-49.3415","-28.6402"
"43.000","69.3700","13","-0.6668","0.4365","0.7058","168.7796","-19.8284","10.6895","1330.0000","0.5760","55.6807","45.50370588","-75.54441320","37.1000","15.1328","37.3750","42.0938","3.0000","0.8285","-1.1118","-3.9746","-2.8301","-20.0969","12148.8887","72.5000","72.8923","100.0000","504.7315","1.0441","1.0497","14461291.9922","43000000.0000","-69.3916","-18.1494","-6.4534","-44.3304"
"43.050","70.0638","13","-0.7245","0.4297","0.6806","168.0495","-21.3202","10.6938","1330.0000","0.5778","52.3024","45.50369724","-75.54441040","33.8500","15.2094","38.2656","40.6969","3.0000","0.9030","-0.8024","-3.8459","-2.4195","-15.8883","12051.6670","72.7341","73.0390","100.0000","505.7013","1.0371","1.0487","14511291.9922","43050000.0000","-14.1930","15.9372","25.6045","3.5420"
"43.100","70.7545","13","-0.7796","0.4021","0.6853","167.2271","-22.6885","10.7128","1330.0000","0.5958","49.6328","45.50368853","-75.54440724","35.2812","16.7781","38.4375","42.0438","3.0000","0.5296","-0.6825","-3.7797","-2.7773","-13.4937","12158.7998","72.8275","74.2050","100.0000","506.6804","1.0283","1.0477","14561291.9922","43100000.0000","59.6437","28.7199","0.1989","41.8600"
"43.150","71.4326","13","-0.8294","0.3694","0.6862","166.3546","-23.9017","10.7289","1330.0000","0.6120","47.5650","45.50367982","-75.54440400","39.4094","16.9641","37.7062","43.9062","3.0000","-0.1587","-0.7377","-3.6455","-3.1123","-14.2750","12274.1553","73.8725","74.4550","99.4800","507.6685","1.0333","1.0490","14611291.9922","43150000.0000","35.7810","-2.6350","-30.9529","19.2794"
"43.200","71.9956","13","-0.8305","0.2909","0.6537","165.0312","-23.7194","10.7187","1330.0000","0.6120","48.3083","45.50367112","-75.54440011","39.1625","16.4469","36.9813","44.0500","3.0000","-0.2626","-0.9803","-2.7738","-2.7887","-17.4906","12163.5996","75.9179","75.6692","92.9800","508.6647","1.0537","1.0502","14661291.9922","43200000.0000","-42.9317","-45.3648","-10.4752","-12.9682"
"43.250","72.5025","13","-0.8336","0.2108","0.6226","163.6991","-23.6037","10.7096","1330.0000","0.6102","48.8869","45.50366244","-75.54439616","34.9031","13.5312","37.2938","42.8281","3.0000","0.2380","-1.1438","-1.4193","-2.4803","-21.2703","11878.2002","72.2439","74.5293","79.5889","509.6692","0.9964","1.0392","14711291.9922","43250000.0000","-42.4300","-52.1573","23.2417","7.1540"
"43.300","72.5046","13","-0.8550","0.1166","0.6052","162.2894","-24.0876","10.7106","1330.0000","0.5922","47.9062","45.50365396","-75.54439171","35.3250","11.7188","38.4625","45.2000","3.0000","-0.0387","-1.1680","-1.1412","-2.9875","-24.9688","11143.2002","70.6900","74.5475","48.4778","510.6762","0.9750","1.0282","14761291.9922","43300000.0000","45.0986","-21.8524","3.6890","52.0478"
"43.350","72.4479","13","-0.8813","0.0197","0.5880","160.8438","-24.7184","10.7108","1330.0000","0.5760","46.6471","45.50364553","-75.54438718","39.8875","11.7078","36.7625","47.3500","3.0000","-0.4441","-1.0306","-2.4816","-3.8170","-28.8266","10688.7334","62.3625","67.2925","25.5000","511.6822","0.8636","0.9767","14811291.9922","43350000.0000","96.5022","7.9941","-51.8811","52.5761"
"43.400","71.8610","13","-0.9512","-0.1014","0.5735","159.0761","-26.6716","10.7038","1330.0000","0.5760","42.8809","45.50363750","-75.54438200","43.6688","11.7828","34.1562","49.3063","3.0000","-0.6174","-0.9486","-3.8664","-3.9477","-32.4688","10538.1777","62.0744","66.4359","11.3333","512.6837","0.8645","0.9253","14861291.9922","43400000.0000","41.2875","6.0221","-64.0650","10.1098"
"43.450","71.2366","13","-1.0212","-0.2189","0.5603","157.3745","-28.6479","10.6980","1330.0000","0.5760","39.5758","45.50362951","-75.54437680","42.7406","12.0117","32.1375","48.4188","3.0000","-0.7109","-1.1956","-3.5730","-3.2510","-34.7781","10434.4668","61.0122","66.6000","4.4200","513.6760","0.8576","0.9262","14911291.9922","43450000.0000","-43.4064","-17.8729","-14.3141","-17.2069"
"43.500","70.2755","13","-1.0923","-0.3026","0.5585","156.2691","-30.8321","10.7033","1330.0000","0.5760","36.2761","45.50362183","-75.54437149","40.6875","10.0969","31.4406","48.2062","3.0000","-0.7081","-1.4094","-1.5664","-1.9742","-35.3625","10352.7998","60.1700","65.0650","0.9200","514.6571","0.8574","0.9271","14961291.9922","43500000.0000","-56.7050","-26.9025","36.7043","-4.4089"
"43.550","69.3329","13","-1.1560","-0.3845","0.5541","155.1166","-32.8254","10.7067","1330.0000","0.5778","33.6162","45.50361418","-75.54436612","38.7156","9.7875","34.9781","48.6813","3.0000","-0.5950","-1.3606","0.3301","-0.7096","-35.0750","10214.9111","57.4300","66.6100","0.2556","515.6257","0.8297","0.9472","15011291.9922","43550000.0000","-10.2706","-4.1199","48.7864","15.3118"
"43.600","68.5571","13","-1.1538","-0.4499","0.5259","153.5408","-33.1007","10.6941","1330.0000","0.5958","32.9637","45.50360691","-75.54436026","38.4188","9.9500","37.0875","48.9313","3.0000","-0.3126","-1.1531","0.6593","0.0469","-35.0382","10061.5781","56.3462","66.2359","0.0000","516.5829","0.8228","0.9672","15061291.9922","43600000.0000","17.2775","24.1747","32.2877","9.9530"
"43.650","67.7706","13","-1.1526","-0.5096","0.5012","151.9146","-33.4213","10.6825","1330.0000","0.6120","32.2729","45.50359970","-75.54435433","39.9500","11.7414","37.2406","49.2219","3.0000","-0.2729","-0.9587","0.1930","0.3689","-35.9688","9818.7998","54.1829","63.8293","0.0000","517.5279","0.8005","0.9643","15111291.9922","43650000.0000","6.3823","22.0146","-2.7640","-6.2474"
"43.700","66.8878","13","-1.1613","-0.5176","0.5076","149.8352","-34.1507","10.6796","1330.0000","0.6120","31.1722","45.50359299","-75.54434775","39.4813","11.8844","36.3625","49.1937","3.0000","-0.1986","-0.9028","0.0060","0.5280","-37.5938","9615.5332","53.2700","64.2150","0.0000","518.4615","0.7975","0.9613","15161291.9922","43700000.0000","-6.8636","-9.1401","-41.9081","-8.7635"
"43.750","66.0086","13","-1.1723","-0.5220","0.5114","147.7782","-34.9552","10.6763","1330.0000","0.6120","30.0544","45.50358633","-75.54434115","39.0000","10.7484","34.6969","48.6344","3.0000","-0.2312","-0.9749","0.0570","0.7070","-38.5625","9513.8662","52.0800","63.0275","0.0000","519.3835","0.7906","0.9448","15211291.9922","43750000.0000","-12.2041","-33.1138","-41.7407","-2.5738"
"43.800","65.1617","13","-1.2035","-0.4944","0.4917","145.9242","-36.4357","10.6704","1330.0000","0.6120","28.4633","45.50358009","-75.54433424","37.8563","9.2172","33.1375","48.1312","3.0000","-0.3550","-1.0029","0.5695","0.9954","-37.8906","9410.3330","53.9385","60.4103","0.0000","520.2940","0.8288","0.9283","15261291.9922","43800000.0000","-16.8995","-18.7394","12.2675","-1.2299"
"43.850","64.3117","13","-1.2341","-0.4676","0.4735","144.0608","-37.9004","10.6647","1330.0000","0.6120","27.0064","45.50357391","-75.54432729","37.8438","9.3148","35.2812","48.9000","3.0000","-0.4805","-1.0532","1.1406","1.4355","-36.2812","9304.7773","50.9561","61.1220","0.0000","521.1912","0.7934","0.9527","15311291.9922","43850000.0000","-6.3546","19.4988","63.0711","1.6706"
"43.900","63.4333","13","-1.2591","-0.4476","0.4697","142.1127","-39.2225","10.6613","1330.0000","0.6120","25.7396","45.50356823","-75.54431991","38.0687","10.6656","38.9313","49.2188","3.0000","-0.5795","-0.9713","0.6548","1.5454","-34.7344","9083.2441","48.8750","61.9000","0.0000","522.0768","0.7716","0.9772","15361291.9922","43900000.0000","21.6336","36.0914","47.2372","8.5655"
"43.950","62.5601","13","-1.2838","-0.4280","0.4629","140.1493","-40.5344","10.6574","1330.0000","0.6120","24.5637","45.50356260","-75.54431250","39.0031","12.1914","39.5219","48.9813","3.0000","-0.5509","-0.7013","-0.4255","0.8081","-33.8750","8807.1338","49.0200","59.4975","0.0000","522.9509","0.7841","0.9592","15411291.9922","43950000.0000","28.2587","16.0207","-6.0893","4.8778"
"44.000","61.7344","13","-1.3047","-0.4116","0.4284","138.0479","-41.7557","10.6478","1330.0000","0.6120","23.5305","45.50355749","-75.54430476","39.9437","12.2156","38.3312","48.9938","3.0000","-0.4909","-0.8245","-1.0501","-0.5053","-34.6414","8672.7998","47.2641","58.0256","7.5778","523.8136","0.7666","0.9412","15461291.9922","44000000.0000","-1.9055","-4.9850","-22.8156","-8.2621"
"44.050","60.9041","13","-1.3192","-0.3954","0.3974","135.9435","-42.7656","10.6383","1330.0000","0.6138","22.6659","45.50355244","-75.54429699","39.9469","11.9578","37.8125","49.4906","3.0000","-0.5210","-0.9595","-0.9267","-1.6048","-36.6594","8617.1777","46.0171","59.0878","16.5044","524.6635","0.7567","0.9656","15511291.9922","44050000.0000","-20.1583","-1.6047","-5.3212","-2.7158"
"44.100","60.0327","13","-1.2757","-0.3808","0.3986","133.8111","-41.8734","10.6296","1330.0000","0.6318","22.8176","45.50354789","-75.54428891","38.5125","12.1734","37.4375","48.7812","3.0000","-0.4307","-0.7310","-0.2384","-2.5578","-37.6219","9244.4004","49.8175","59.3525","29.0600","525.5018","0.8310","0.9901","15561291.9922","44100000.0000","5.0456","7.2220","-10.1868","21.0697"
"44.150","59.2162","13","-1.2347","-0.3587","0.3920","131.6929","-41.0576","10.6184","1330.0000","0.6480","22.9544","45.50354339","-75.54428079","39.3812","12.2414","36.8969","50.1625","3.0000","-0.1891","-0.6631","0.4003","-2.7622","-36.4906","9851.7109","55.0150","58.8575","39.1578","526.3295","0.9303","0.9998","15611291.9922","44150000.0000","17.8115","0.6305","-21.1460","14.9018"
"44.200","58.8937","13","-1.2162","-0.2689","0.3156","129.7021","-40.9291","10.5855","1330.0000","0.6480","22.9011","45.50353920","-75.54427237","40.3187","12.2719","35.6750","50.1500","3.0000","-0.0466","-0.9351","0.9880","-0.8897","-34.2625","10407.8223","61.8359","59.4179","42.9356","527.1498","1.0505","1.0095","15661291.9922","44200000.0000","-30.3918","-6.5514","14.1166","-36.3119"
"44.250","58.5820","13","-1.1984","-0.1775","0.2466","127.7164","-40.8013","10.5547","1330.0000","0.6462","22.8513","45.50353505","-75.54426390","36.0656","12.3203","38.7500","47.0594","3.0000","0.2459","-1.1606","1.3363","2.1594","-31.3719","10511.6670","62.7610","63.5488","45.1933","527.9650","1.0717","1.0371","15711291.9922","44250000.0000","-76.3515","3.7921","60.8354","-71.1286"
"44.300","58.3677","13","-1.1867","-0.0730","0.2439","125.7777","-40.6808","10.5440","1330.0000","0.6282","22.8351","45.50353130","-75.54425515","33.5625","12.4031","40.8187","43.6125","3.0000","0.4838","-1.1733","1.1196","3.8259","-26.4562","10125.5557","61.4900","62.1225","45.8044","528.7767","1.0539","1.0647","15761291.9922","44300000.0000","-38.4096","14.9186","34.7731","-37.2775"
"44.350","58.2333","13","-1.1677","0.0269","0.2393","123.8581","-40.2822","10.5333","1330.0000","0.6120","23.0080","45.50352756","-75.54424634","33.5375","13.2508","40.8969","43.9719","3.0000","0.3582","-1.0258","-0.1474","2.9918","-19.4141","10024.2891","60.1375","60.2050","46.1133","529.5870","1.0322","1.0463","15811291.9922","44350000.0000","41.8156","10.8314","-46.3021","18.0365"
"44.400","58.8186","13","-1.0830","0.0848","0.2176","122.1112","-37.3801","10.5233","1330.0000","0.6120","25.0435","45.50352399","-75.54423701","36.3812","13.7172","37.7438","44.9688","3.0000","0.2814","-0.9580","-2.0809","1.0315","-12.6082","10057.0664","60.5846","60.5128","46.2800","530.4006","1.0290","1.0278","15861291.9922","44400000.0000","57.7205","9.1813","-74.0257","15.2634"
"44.450","59.3732","13","-0.9914","0.1352","0.1970","120.4042","-34.2268","10.5137","1330.0000","0.6120","27.6086","45.50352046","-75.54422765","38.6750","14.5781","34.4219","44.5469","3.0000","0.1988","-0.9829","-3.3702","-0.2633","-8.6156","9686.0225","59.8829","60.9415","42.1933","531.2226","1.0081","1.0184","15911291.9922","44450000.0000","10.1122","17.5527","-31.1571","-27.0290"
"44.500","59.6515","13","-0.8370","0.1178","0.1867","119.0564","-28.8137","10.5072","1330.0000","0.6120","32.9490","45.50351718","-75.54421805","38.2188","14.6297","33.9313","42.9188","3.0000","0.1224","-0.9766","-3.6088","-0.9962","-7.7758","9279.0225","59.7575","60.2225","36.9356","532.0496","1.0013","1.0091","15961291.9922","44500000.0000","-1.6183","5.0502","-17.1219","-24.3802"
"44.550","59.8756","13","-0.6758","0.0932","0.1730","117.7486","-23.1782","10.4998","1330.0000","0.6120","41.1141","45.50351392","-75.54420846","38.3406","14.4875","32.2719","42.7031","3.0000","-0.1091","-0.9448","-3.4267","-2.0380","-8.0676","9091.7998","57.5750","58.7700","24.8800","532.8795","0.9620","0.9223","16011291.9922","44550000.0000","44.5989","-35.8607","-64.7509","21.7535"
"44.600","59.6117","13","-0.4538","0.0029","0.1283","116.8018","-15.5407","10.4851","1330.0000","0.6120","61.0493","45.50351084","-75.54419892","42.8500","12.4859","28.2406","44.8187","3.0000","-0.4209","-0.8698","-3.7003","-2.6158","-6.1912","8973.6445","54.1026","49.7872","14.5511","533.7088","0.9080","0.8356","16061292.9688","44600000.0000","68.0639","-45.0705","-85.3578","23.1993"
"44.650","59.2748","13","-0.2303","-0.0904","0.0869","116.0428","-7.8527","10.4711","1330.0000","0.6120","120.1356","45.50350774","-75.54418947","45.0156","11.2258","24.6109","43.7844","3.0000","-0.5826","-0.8906","-4.5947","-1.4294","0.8662","9033.0889","54.3463","53.2171","8.6622","534.5335","0.9184","0.8730","16111291.9922","44650000.0000","35.8098","19.2946","-31.0119","-38.9078"
"44.700","58.2805","13","0.0079","-0.2101","0.0752","116.9747","0.2905","10.4630","1330.0000","0.6120","3193.4690","45.50350435","-75.54418076","44.8250","13.6094","25.6344","41.4188","3.0000","-0.5397","-1.0573","-5.7207","0.7580","13.0578","9044.7998","55.9600","52.9750","4.4533","535.3481","0.9618","0.9105","16161292.9688","44700000.0000","8.4455","91.0833","22.7393","-72.2468"
"44.750","57.3049","13","0.2440","-0.3251","0.0655","117.9801","8.3845","10.4559","1330.0000","0.6138","108.7766","45.50350091","-75.54417211","46.4688","19.4094","26.1063","38.2687","3.0000","-0.6820","-1.1270","-5.9361","1.9907","26.2328","9004.7998","57.3325","51.3375","2.0644","536.1499","1.0015","0.9108","16211292.9688","44750000.0000","19.3069","84.3794","16.7640","-24.4282"
"44.800","56.4982","13","0.4607","-0.3968","0.0747","119.6465","16.0363","10.4569","1330.0000","0.6318","56.0724","45.50349712","-75.54416406","47.2625","21.1969","26.7188","38.8563","3.0000","-0.5114","-0.9620","-4.5520","1.6492","36.4266","8778.9336","55.7872","51.4026","0.8089","536.9399","0.9888","0.9111","16261291.0156","44800000.0000","26.2413","23.2281","-4.6525","30.8670"
"44.850","55.7044","13","0.6716","-0.4638","0.0820","121.3046","23.5259","10.4570","1330.0000","0.6498","37.6845","45.50349330","-75.54415604","48.6906","21.4375","25.4703","40.5312","3.0000","-0.4182","-0.9056","-2.2131","0.6938","41.4500","8465.5996","54.8902","47.9927","0.0867","537.7173","0.9866","0.8981","16311291.9922","44850000.0000","2.2039","-10.7793","-2.5043","24.1960"
"44.900","55.0264","13","0.8295","-0.4876","0.0721","122.8876","29.5549","10.4487","1330.0000","0.6678","29.6321","45.50348933","-75.54414841","46.9750","21.0812","26.4656","40.8063","3.0000","-0.4672","-0.8066","-0.5503","-0.2911","40.0609","8360.0449","53.0075","48.6475","0.0000","538.4852","0.9645","0.8852","16361291.0156","44900000.0000","-19.2607","-3.9582","-5.1029","-6.7658"
"44.950","54.3556","13","0.9746","-0.5030","0.0655","124.4147","35.1555","10.4425","1330.5000","0.6840","24.6077","45.50348536","-75.54414080","47.6094","21.0063","25.7469","40.4406","3.0000","-0.4920","-0.6920","0.3923","-1.1020","34.0641","8288.2891","52.2775","47.8250","0.0000","539.2441","0.9625","0.9072","16411291.0156","44950000.0000","-13.6030","-2.2362","-23.4357","-3.6465"
"45.000","53.7493","13","1.0049","-0.4417","0.0897","125.4376","36.9015","10.4548","1335.5000","0.6840","23.1819","45.50348133","-75.54413349","46.4000","20.3750","23.0938","40.2875","3.0000","-0.4200","-0.7754","1.3594","-1.2802","26.2945","8279.4004","51.0692","49.8872","0.0000","539.9945","0.9512","0.9292","16461292.9688","45000000.0000","-3.3159","-13.6319","-15.2475","13.4987"
"45.050","53.1161","13","1.0172","-0.3840","0.1123","126.5419","37.9496","10.4661","1340.0000","0.6840","22.2761","45.50347728","-75.54412626","46.4656","20.1734","24.4766","41.8563","3.0000","-0.3043","-0.9158","2.2788","-0.7351","20.0664","8244.5332","50.1927","49.4585","0.0000","540.7352","0.9465","0.9356","16511291.0156","45050000.0000","-6.1130","-4.7001","27.5316","4.5631"
"45.100","52.2413","13","0.8666","-0.3580","0.1218","128.3785","32.7168","10.4679","1340.0000","0.6840","25.4135","45.50347303","-75.54411971","45.2250","20.2313","26.9125","40.7500","3.0000","-0.2727","-0.8665","3.0521","-0.2040","17.6477","8142.8667","50.8475","49.1275","0.0000","541.4654","0.9750","0.9420","16561292.9688","45100000.0000","-14.3630","14.1988","43.0527","-8.4497"
"45.150","51.3849","13","0.7043","-0.3366","0.1303","130.1817","26.9909","10.4695","1340.0000","0.6840","30.2996","45.50346876","-75.54411321","45.2625","20.4688","27.5688","40.8812","3.0000","-0.3369","-0.8541","4.2533","-0.3535","16.9797","8035.0669","49.7925","48.1575","0.0000","542.1842","0.9705","0.9462","16611292.9688","45150000.0000","-27.8903","-4.6092","10.6437","16.6122"
"45.200","50.6934","13","0.4367","-0.3565","0.1305","131.6840","16.8282","10.4691","1340.0000","0.6840","47.9440","45.50346440","-75.54410708","43.3500","20.2906","27.3375","43.5625","3.0000","-0.3254","-0.8701","6.4934","-1.0069","12.2605","7920.6221","48.8462","48.1154","0.0000","542.8928","0.9649","0.9504","16661291.0156","45200000.0000","-51.0610","-49.5906","0.8921","56.2514"
"45.250","50.0071","13","0.1717","-0.3780","0.1327","132.8894","6.7170","10.4696","1340.0000","0.6840","118.4894","45.50346011","-75.54410089","39.6625","15.8016","28.9094","45.7562","3.0000","-0.3500","-0.9827","9.0668","-1.5500","1.0286","7828.4668","46.2439","48.9927","0.0000","543.5906","0.9259","0.9776","16711292.9688","45250000.0000","-60.6100","-60.8049","52.0427","60.0509"
"45.300","49.3673","13","-0.0705","-0.4148","0.1531","131.4232","-2.9307","10.4774","1340.0000","0.6840","268.0912","45.50345644","-75.54409414","37.9250","14.2984","32.6000","47.9125","3.0000","-0.3240","-1.0603","10.8109","-1.8467","-14.9383","7746.7998","44.1125","49.5425","0.0000","544.2797","0.8947","1.0049","16761292.9688","45300000.0000","-30.9258","-25.8999","98.5625","34.6216"
"45.350","48.7154","13","-0.3129","-0.4482","0.1773","129.8632","-12.6467","10.4866","1340.0000","0.6840","61.3071","45.50345284","-75.54408736","38.0594","14.2023","37.1344","50.2188","3.0000","-0.3445","-1.0806","10.9855","-2.1187","-31.1445","7474.4668","41.3850","49.0900","0.0000","544.9600","0.8513","1.0200","16811292.9688","45350000.0000","16.8186","7.9506","78.2878","19.1052"
"45.400","47.9548","13","-0.5566","-0.4512","0.2362","127.4594","-22.9768","10.5085","1340.0000","0.6840","33.2172","45.50344982","-75.54408033","38.7062","14.2125","39.4313","50.4437","3.0000","-0.5751","-0.9760","9.2875","-2.5225","-43.9344","7174.3999","39.8925","49.5575","0.0311","545.6307","0.8332","1.0351","16861291.0156","45400000.0000","33.5818","8.5011","24.5131","17.4755"
"45.450","47.2063","13","-0.7951","-0.4494","0.2895","125.0793","-33.1561","10.5294","1340.0000","0.6876","22.6598","45.50344683","-75.54407330","39.9813","14.3031","40.7625","50.7250","3.0000","-0.6006","-0.8175","6.4742","-2.8517","-52.6906","6854.3999","35.3700","47.6250","0.4200","546.2900","0.7503","1.0190","16911292.9688","45450000.0000","11.7485","-8.1296","-7.7548","5.4440"
"45.500","46.5676","13","-0.9861","-0.4044","0.2922","122.9135","-41.9780","10.5419","1340.0000","0.7236","17.6556","45.50344422","-75.54406615","40.5000","14.3266","38.6312","50.8375","3.0000","-0.4503","-0.8423","3.8920","-2.6519","-58.1297","6672.2222","33.9750","46.6375","3.8578","546.9401","0.7306","1.0029","16961292.9688","45500000.0000","-10.5120","-21.7404","-17.1918","-13.1853"
"45.550","45.9058","13","-1.1670","-0.3540","0.3000","120.6738","-50.4044","10.5552","1340.0000","0.7614","14.4950","45.50344167","-75.54405899","39.5656","12.2125","38.3875","50.2687","3.0000","-0.3044","-0.9850","2.0354","-2.0599","-60.4859","6844.4443","32.2600","46.1675","15.1356","547.5814","0.7064","1.0087","17011291.0156","45550000.0000","-9.4977","-30.9642","-23.1032","-16.2503"
"45.600","45.0363","13","-1.2580","-0.2538","0.3547","117.7681","-55.2715","10.5759","1340.0000","0.8154","12.9683","45.50343982","-75.54405173","39.2375","11.1250","36.7500","49.2750","3.0000","-0.3163","-1.0696","0.6287","-1.4901","-58.0149","7419.3335","38.9154","45.6000","33.6667","548.2123","0.8658","1.0145","17061292.9688","45600000.0000","-1.8089","-21.5522","-13.9347","-13.9193"
"45.650","44.2326","13","-1.3316","-0.1545","0.4078","114.9724","-59.3288","10.5963","1340.0000","0.8640","11.8658","45.50343797","-75.54404446","39.2094","11.1734","37.8219","47.9969","3.0000","-0.1939","-1.0366","-0.4951","-0.8232","-51.3125","8430.4443","47.2512","46.3610","60.0556","548.8305","1.0688","1.0800","17111291.0156","45650000.0000","-5.9326","25.6525","26.4343","-31.2673"
"45.700","44.0215","13","-1.2484","-0.0643","0.4465","113.1661","-56.0981","10.6147","1340.0000","0.8640","12.4893","45.50343619","-75.54403710","38.8250","13.4469","39.5438","47.2188","3.0000","0.0316","-1.1023","-1.8862","0.5785","-43.5625","8602.5107","54.6475","50.4050","77.0756","549.4431","1.2420","1.1456","17161292.9688","45700000.0000","-15.4597","78.0124","63.5098","-51.7167"
"45.750","43.8976","13","-1.1593","0.0275","0.4824","111.3061","-52.5477","10.6328","1340.5000","0.8676","13.2956","45.50343447","-75.54402968","37.8563","18.0641","42.6813","43.4469","3.0000","0.2682","-1.0859","-2.7520","2.0469","-37.1562","8379.7334","50.5300","51.1600","89.6867","550.0542","1.1502","1.1333","17211292.9688","45750000.0000","-16.6498","73.3201","47.1684","-36.6110"
"45.800","44.5582","13","-1.0164","0.1321","0.4933","108.9628","-46.1191","10.6492","1345.5000","0.9036","15.3768","45.50343316","-75.54402167","37.1937","19.8625","44.3937","43.0312","3.0000","0.6155","-0.8225","-2.4922","2.1992","-31.9531","8366.2002","49.7205","50.0282","93.6444","550.6694","1.1142","1.1211","17261291.0156","45800000.0000","-11.8709","11.4295","-10.7440","-0.8217"
"45.850","45.2696","13","-0.8747","0.2395","0.4980","106.6631","-39.7158","10.6623","1350.0000","0.9378","18.1411","45.50343188","-75.54401360","36.1375","18.2516","42.2219","43.2875","3.0000","0.7535","-0.8434","-2.3926","1.2607","-27.0156","8387.0664","50.6756","51.4220","96.2756","551.2948","1.1166","1.1150","17311292.9688","45850000.0000","-10.0271","-41.3393","-52.7789","-0.1992"
"45.900","46.4374","13","-0.7436","0.3715","0.4464","104.7553","-33.5397","10.6464","1350.0000","0.9558","22.0358","45.50343081","-75.54400506","36.8250","17.3344","38.9062","42.3375","3.0000","0.7092","-0.9832","-3.2021","0.4634","-21.1875","8475.4004","51.1000","51.6225","97.2200","551.9336","1.0976","1.1089","17361292.9688","45900000.0000","-10.7081","-35.5467","-47.3143","-38.2218"
"45.950","47.5906","13","-0.6053","0.4962","0.3998","102.9690","-27.0498","10.6328","1350.0000","0.9720","28.0012","45.50342973","-75.54399649","35.3031","16.1922","38.1406","39.7781","3.0000","0.5811","-0.9363","-4.9531","0.2067","-13.8359","8562.4893","52.0300","51.6425","98.1489","552.5878","1.0906","1.0825","17411291.0156","45950000.0000","7.5922","7.5271","-24.4631","-55.6645"
"46.000","48.6128","13","-0.4009","0.5555","0.3973","102.2761","-17.7367","10.6395","1350.0000","0.9720","43.6213","45.50342857","-75.54398762","36.9437","16.8687","36.6688","37.7750","3.0000","0.3663","-0.9342","-7.2832","0.0328","-4.5547","8646.3779","52.3077","51.4487","99.0378","553.2563","1.0737","1.0561","17461292.9688","46000000.0000","45.6888","38.9217","-27.5507","-26.1220"
"46.050","49.6103","13","-0.1947","0.6092","0.3955","101.7390","-8.4156","10.6466","1350.0000","0.9720","93.8229","45.50342737","-75.54397875","40.7313","19.7359","34.1562","37.2781","3.0000","0.1716","-0.8787","-8.8594","-0.2113","6.5703","8899.8662","53.1854","54.1488","99.5800","553.9406","1.0704","1.0937","17511291.0156","46050000.0000","67.4937","48.0939","-49.1303","1.1552"
"46.100","50.3866","13","0.0282","0.6126","0.4003","102.6028","0.9769","10.6581","1350.0000","0.9720","820.8790","45.50342573","-75.54396982","42.4562","22.1437","31.8813","37.1437","3.0000","0.1416","-0.7695","-8.7812","-0.0486","19.3828","9337.0889","56.0175","57.0925","99.7467","554.6364","1.1100","1.1313","17561292.9688","46100000.0000","40.9830","49.5846","-42.5043","-13.0340"
"46.150","51.1694","13","0.2454","0.6124","0.4033","103.5834","10.0671","10.6686","1350.0000","0.9666","80.8956","45.50342402","-75.54396089","43.5750","23.6547","31.6203","36.1156","3.0000","0.2861","-0.8140","-7.4219","0.7432","32.1875","9727.8447","59.0050","59.9925","99.8378","555.3425","1.1510","1.1556","17611292.9688","46150000.0000","-12.8385","39.4439","-0.7682","-34.0704"
"46.200","52.0106","13","0.4117","0.5801","0.3910","105.6147","16.4369","10.6707","1350.0000","0.9126","50.3608","45.50342175","-75.54395191","42.7750","25.5781","31.4094","34.3937","3.0000","0.4094","-0.8458","-4.9199","1.5054","41.7656","10096.7334","60.9231","61.4641","99.8933","556.0595","1.1695","1.1799","17661291.0156","46200000.0000","-36.3106","15.3416","26.1891","-18.8917"
"46.250","52.8700","13","0.5794","0.5495","0.3784","107.5327","22.8136","10.6728","1350.0000","0.8586","36.8838","45.50341947","-75.54394290","40.7250","25.6406","32.3719","34.2656","3.0000","0.6813","-0.7148","-2.4219","1.2930","45.4688","10296.4668","62.3268","61.0073","99.9000","556.7898","1.1766","1.1766","17711292.9688","46250000.0000","-13.3157","-3.4999","7.7781","10.8388"
"46.300","53.8932","13","0.7588","0.5347","0.3635","108.4310","29.2531","10.6754","1350.0000","0.8046","29.3213","45.50341707","-75.54393362","40.8125","25.6031","33.5250","34.7875","3.0000","0.7017","-0.5388","-1.5464","0.0690","43.1562","10474.8662","63.6000","63.3575","99.9000","557.5330","1.1779","1.1734","17761292.9688","46300000.0000","13.7522","-2.0943","-19.8152","11.5174"
"46.350","54.9241","13","0.9248","0.5230","0.3496","109.3884","35.1622","10.6777","1350.0000","0.7560","24.8603","45.50341462","-75.54392432","41.8063","25.5891","31.1000","35.0125","3.0000","0.4933","-0.4244","-2.1016","-0.8936","39.4375","10673.2002","65.5375","65.1275","99.9000","558.2898","1.1900","1.1831","17811292.9688","46350000.0000","16.4851","5.0752","-18.2590","-7.9822"
"46.400","56.0246","13","0.9707","0.5396","0.3445","110.8772","36.2983","10.6762","1350.0000","0.7560","24.5648","45.50341161","-75.54391487","42.8812","25.5594","30.4656","34.7562","3.0000","0.4004","-0.6738","-2.5371","-0.7754","38.2344","10854.4219","64.9538","66.9564","99.9000","559.0610","1.1571","1.1928","17861291.0156","46400000.0000","13.3975","4.3991","-0.8700","-12.5584"
"46.450","57.0943","13","1.0118","0.5541","0.3427","112.4369","37.2542","10.6773","1350.0000","0.7560","24.3914","45.50340855","-75.54390543","42.7656","26.4719","31.8094","33.6906","3.0000","0.4065","-1.0664","-2.3672","-0.2473","39.4688","10991.6445","66.7366","66.3537","99.9000","559.8488","1.1673","1.1880","17911292.9688","46450000.0000","12.5712","11.2497","11.3231","-1.6743"
"46.500","57.8864","13","1.0101","0.5511","0.3710","114.6348","36.5889","10.7019","1350.0000","0.7560","25.1795","45.50340492","-75.54389619","43.7188","26.9594","31.6219","33.9000","3.0000","0.5189","-1.0720","-1.3975","-0.2331","41.7812","11168.8662","67.3075","68.5850","99.1800","560.6486","1.1612","1.1832","17961292.9688","46500000.0000","1.2041","29.2744","15.8577","8.0627"
"46.550","58.6586","13","1.0101","0.5437","0.3976","116.8212","35.9850","10.7258","1350.0000","0.7578","25.9436","45.50340123","-75.54388699","43.4250","28.7219","33.1031","35.3312","3.0000","0.5490","-0.7571","0.0728","-1.0098","43.5000","11389.4219","69.4075","69.7725","97.6800","561.4586","1.1819","1.1823","18011291.0156","46550000.0000","-15.2097","21.8521","5.0860","19.6448"
"46.600","59.2515","13","1.0248","0.4971","0.4073","118.9044","35.9333","10.7436","1350.0000","0.7758","26.2435","45.50339703","-75.54387802","42.0563","28.7844","31.6625","35.6813","3.0000","0.4730","-0.8181","1.3950","-2.2607","42.7344","11517.0449","70.4100","70.0750","91.4200","562.2776","1.1871","1.1815","18061292.9688","46600000.0000","-9.0312","-21.0455","-31.3462","24.1016"
"46.650","59.8504","13","1.0436","0.4474","0.4159","120.9249","36.0300","10.7602","1350.0000","0.7902","26.4377","45.50339279","-75.54386906","42.4906","26.4719","29.4641","36.7156","3.0000","0.7441","-1.1216","1.2510","-2.9238","39.7812","11600.9336","70.3600","69.6775","82.9200","563.1061","1.1743","1.1620","18111291.0156","46650000.0000","15.3551","-41.1784","-63.6328","-7.6928"
"46.700","60.5039","13","1.0992","0.3699","0.4143","122.3802","37.4608","10.7667","1350.0000","0.7722","25.7055","45.50338830","-75.54386014","43.7250","25.8594","27.6250","35.3000","3.0000","0.6143","-1.2390","-0.4722","-2.4209","36.2656","10904.0664","68.0450","69.2050","62.3933","563.9430","1.1234","1.1426","18161292.9688","46700000.0000","29.3881","-2.5631","-43.5995","-44.0971"
"46.750","61.1117","13","1.1553","0.2910","0.4134","123.9300","38.9181","10.7731","1350.0000","0.7560","24.9915","45.50338375","-75.54385129","45.1312","26.2188","25.3687","33.7281","3.0000","0.2890","-1.0555","-1.1777","-2.0410","32.9375","10119.5781","64.9850","64.6875","40.4178","564.7878","1.0630","1.0627","18211292.9688","46750000.0000","33.1455","33.6382","12.9049","-3.6850"
"46.800","61.3093","13","1.2151","0.1998","0.4179","126.3291","40.6132","10.7775","1350.0000","0.7560","24.0258","45.50337857","-75.54384307","46.6875","27.1469","27.2125","36.1063","3.0000","0.0987","-0.8291","1.1113","-3.6637","28.6690","9551.7998","61.6641","60.2795","20.6400","565.6378","1.0055","0.9829","18261291.0156","46800000.0000","43.9852","-4.7121","27.4915","94.1145"
"46.850","61.4468","13","1.2661","0.1045","0.4145","128.6645","42.0387","10.7774","1350.0000","0.7542","23.2632","45.50337339","-75.54383492","48.7750","26.3047","29.4844","41.2219","3.0000","-0.0866","-0.6942","3.5993","-5.9412","25.7258","9111.3740","59.3927","57.3049","5.7554","566.4905","0.9672","0.9060","18311292.9688","46850000.0000","39.7615","-69.7662","-18.2055","113.9331"
"46.900","61.0440","13","1.2385","-0.0278","0.3388","130.4268","41.0375","10.7369","1350.0000","0.7362","23.6746","45.50336811","-75.54382735","49.8063","21.3125","26.1156","45.3187","3.0000","-0.5005","-0.9168","4.1297","-6.2721","26.1047","8998.4248","57.5150","50.5825","3.4532","567.3405","0.9428","0.8292","18361292.9688","46900000.0000","-2.5445","-60.7275","-50.7891","5.6492"
"46.950","60.5885","12","1.2158","-0.1571","0.2703","132.2506","40.2307","10.7008","1350.0000","0.7200","23.9692","45.50336280","-75.54381988","50.0219","20.1516","22.9984","43.1625","3.0000","-0.6610","-1.1930","2.9686","-4.0548","29.9930","8885.4746","57.3350","48.7962","1.1511","568.1841","0.9478","0.8176","18411291.0156","46950000.0000","-38.4065","16.1133","-28.8870","-96.5585"
"47.000","59.6586","12","1.2373","-0.2597","0.2667","134.6287","41.1739","10.7044","1350.0000","0.7200","23.0607","45.50335725","-75.54381328","46.5563","22.9750","24.4719","37.6125","3.0000","-0.6860","-1.1899","1.8427","-2.4069","34.3266","8805.7969","56.6025","48.0150","0.0000","569.0184","0.9503","0.8061","18461292.9688","47000000.0000","-16.8533","54.1552","7.8439","-61.5689"
"47.050","58.7398","12","1.2629","-0.3591","0.2616","137.0026","42.2854","10.7053","1350.0000","0.7200","22.1086","45.50335168","-75.54380677","48.0250","24.6422","24.3188","37.1781","3.0000","-0.4936","-0.7812","2.3418","-2.9767","37.3844","8759.3896","56.4892","48.3250","0.0000","569.8386","0.9630","0.8100","18511291.0156","47050000.0000","29.1723","16.0718","25.5499","47.2152"
"47.100","57.9197","12","1.3249","-0.4294","0.2435","139.3379","44.9117","10.6819","1350.0000","0.7200","20.5252","45.50334592","-75.54380109","49.5812","24.0063","25.1375","41.4375","3.0000","-0.2124","-0.7050","3.8858","-4.0527","40.2812","8712.9824","55.5308","47.0750","0.0000","570.6473","0.9601","0.8139","18561292.9688","47100000.0000","29.4459","-20.3218","33.2393","72.9551"
"47.150","57.0626","12","1.3826","-0.4953","0.2218","141.6666","47.4230","10.6576","1350.0000","0.7218","19.1506","45.50334017","-75.54379549","49.7125","23.2125","27.9047","43.7719","3.0000","-0.1908","-0.8254","4.2531","-4.2941","44.1203","8605.4043","54.5725","45.8250","0.0000","571.4446","0.9583","0.7957","18611292.9688","47150000.0000","-2.9948","-9.8991","22.0135","2.8847"
"47.200","55.8729","12","1.4015","-0.5212","0.1681","143.9353","48.8999","10.6261","1350.0000","0.7398","18.1850","45.50333442","-75.54379064","49.4250","23.4500","27.5000","40.9625","3.0000","-0.3682","-0.8861","3.3976","-4.2346","47.6800","8176.6807","53.2400","43.3450","0.0000","572.2280","0.9549","0.7774","18661291.0156","47200000.0000","-5.7442","3.1284","-19.0013","-45.3558"
"47.250","54.7152","12","1.4155","-0.5436","0.1137","146.2423","50.2118","10.5942","1350.0000","0.7560","17.3429","45.50332866","-75.54378590","49.8594","23.4031","25.6812","39.9562","3.0000","-0.5426","-0.8999","2.3203","-4.0898","51.0625","7798.1558","54.6721","40.9314","0.0000","572.9934","1.0008","0.7581","18711292.9688","47250000.0000","11.1110","-10.1188","-46.8360","-26.0264"
"47.300","53.8453","12","1.3842","-0.5345","0.0528","148.8941","50.0397","10.5591","1350.0000","0.7560","17.1259","45.50332276","-75.54378208","49.6688","22.2594","24.4250","39.8812","3.0000","-0.6689","-1.0159","1.7134","-3.2539","54.4844","7548.7109","54.0907","39.7105","0.0000","573.7459","1.0062","0.7387","18761292.9688","47300000.0000","-6.1094","-15.7176","-15.4924","-0.1361"
"47.350","52.9689","12","1.3585","-0.5237","-0.0026","151.5619","50.0729","10.5267","1350.5000","0.7560","16.8360","45.50331685","-75.54377835","49.3781","22.1031","24.5094","39.0531","3.0000","-0.4857","-1.0163","2.0527","-1.9189","57.5000","7351.2061","52.6372","37.3558","0.0000","574.4866","0.9955","0.7400","18811292.9688","47350000.0000","-38.3758","4.3990","31.3953","2.6422"
"47.400","52.0339","12","1.3821","-0.4982","-0.0085","154.3737","51.9537","10.5182","1355.5000","0.7560","15.9401","45.50331089","-75.54377546","45.4437","23.2375","25.9375","39.3125","3.0000","-0.3513","-0.8962","2.9756","-1.1514","58.6719","7209.9692","48.5333","38.5000","0.0000","575.2153","0.9344","0.7412","18861291.0156","47400000.0000","-29.9042","17.1106","16.1483","2.8433"
"47.450","51.1035","12","1.4016","-0.4776","-0.0188","157.1318","53.6770","10.5088","1360.0000","0.7560","15.1524","45.50330494","-75.54377263","46.8969","23.2781","25.5703","40.0344","3.0000","-0.2768","-0.8672","3.5078","-1.1328","57.9375","7125.7998","46.6507","39.7453","0.0800","575.9294","0.9145","0.7677","18911292.9688","47450000.0000","4.0556","2.9468","-38.5174","2.7921"
"47.500","50.2142","12","1.3840","-0.5018","-0.0690","159.4065","53.9821","10.4915","1360.0000","0.7560","14.8046","45.50329907","-75.54377036","46.2438","23.2719","23.8344","39.6750","3.0000","-0.2694","-0.9403","2.8379","-0.9006","56.7656","7090.2446","46.2840","39.8120","0.2281","576.6316","0.9234","0.7942","18961292.9688","47500000.0000","7.9840","-9.7911","-41.5458","-10.3873"
"47.550","49.3033","12","1.3682","-0.5206","-0.1156","161.7781","54.3747","10.4734","1360.0000","0.7560","14.4311","45.50329320","-75.54376822","46.9062","22.9469","20.7875","38.1188","3.0000","-0.3843","-1.0723","1.9922","0.2834","56.4062","7054.6890","45.9173","39.8787","0.3763","577.3214","0.9334","0.7929","19011291.0156","47550000.0000","-3.0815","-1.2173","11.1610","-19.8085"
"47.600","48.1967","12","1.3688","-0.4912","-0.1308","165.0212","55.5544","10.4490","1360.0000","0.7560","13.8076","45.50328746","-75.54376722","47.2625","23.3219","24.7656","38.0000","3.0000","-0.3118","-1.0750","1.4315","1.6987","56.5000","7228.4946","46.1400","38.0640","11.3642","577.9978","0.9595","0.7916","19061292.9688","47600000.0000","14.0795","8.5453","41.1343","-5.8338"
"47.650","47.0960","12","1.3653","-0.4572","-0.1429","168.2412","56.5522","10.4282","1360.0000","0.7578","13.2542","45.50328174","-75.54376630","47.4062","23.6625","25.9578","37.9406","3.0000","-0.1727","-0.9807","0.4379","2.4262","56.2578","7442.1787","45.9505","38.3439","24.4168","578.6571","0.9779","0.8314","19111291.0156","47650000.0000","26.2281","3.9859","30.7970","6.6577"
"47.700","46.0474","12","1.3242","-0.3825","-0.1276","171.2529","55.9129","10.4398","1360.0000","0.7758","13.1073","45.50327624","-75.54376604","49.1562","23.6531","26.2313","38.1750","3.0000","-0.1356","-0.9233","-0.4088","2.6386","55.3438","8058.2529","45.4364","40.0262","36.7692","579.3022","0.9890","0.8712","19161292.9688","47700000.0000","-13.8346","-1.0069","32.3421","-6.7068"
"47.750","45.0795","12","1.2848","-0.3064","-0.1160","174.2130","55.3110","10.4494","1360.0000","0.7884","12.9714","45.50327073","-75.54376585","46.8187","23.5469","28.0109","37.1344","3.0000","-0.0261","-0.9691","-0.4323","2.7883","52.2438","8644.3936","48.7151","46.8113","49.0061","579.9346","1.0813","1.0305","19211292.9688","47750000.0000","-65.9871","2.3493","46.8419","-20.4230"
"47.800","44.8383","12","1.2606","-0.2180","-0.1383","176.7077","55.0447","10.4414","1360.0000","0.7524","12.9644","45.50326516","-75.54376624","43.2375","23.9969","32.4813","36.5125","3.0000","0.3464","-0.9979","-0.7024","2.7013","44.7188","8822.6768","53.0600","53.3200","60.7232","580.5594","1.1840","1.1898","19261291.0156","47800000.0000","-56.0295","-0.3768","28.0476","-10.0723"
"47.850","44.6836","12","1.2382","-0.1251","-0.1592","161.1260","54.8204","10.4336","1360.0000","0.7164","12.9726","45.50325956","-75.54376665","41.3469","23.9969","31.3469","35.9281","3.0000","0.5756","-1.0290","-1.9234","2.6731","35.0969","8991.4775","54.5500","53.3750","71.2278","581.1809","1.2198","1.2105","19311292.9688","47850000.0000","-1.1638","-14.2006","-14.2048","-7.5219"
"47.900","45.3073","12","1.2322","0.0087","-0.1686","-17.1431","54.9748","10.4284","1360.0000","0.6804","13.1167","45.50325377","-75.54376736","43.6875","22.0656","28.8969","35.5062","3.0000","0.3134","-1.0784","-3.7094","3.9998","28.1602","9102.0332","56.2100","55.8600","74.2833","581.8069","1.2389","1.2312","19361292.9688","47900000.0000","18.3694","-20.6505","-17.2021","-39.7965"
"47.950","45.9194","13","1.2232","0.1414","-0.1704","-177.2503","54.9371","10.4259","1360.0000","0.6498","13.3030","45.50324798","-75.54376820","43.3031","22.0078","31.1688","32.7719","3.0000","0.1804","-0.8771","-5.2518","6.1387","25.9656","9155.5449","55.7150","55.9450","76.5078","582.4409","1.2120","1.2077","19411291.0156","47950000.0000","-4.4048","-3.3613","23.2009","-62.7849"
"48.000","46.4278","13","1.1871","0.2642","-0.1049","-173.9000","53.1700","10.4489","1360.0000","0.6678","13.8973","45.50324218","-75.54377023","41.4813","22.9438","32.1063","28.9375","3.0000","0.5579","-0.9472","-5.7065","6.9654","27.4866","9098.3223","55.7600","55.0400","77.1189","583.0825","1.1997","1.1842","19461292.9688","48000000.0000","-12.3320","22.4707","41.7364","-22.5673"
"48.050","46.9548","13","1.1434","0.3839","-0.0475","-170.6248","51.0269","10.4679","1360.0000","0.6840","14.6454","45.50323638","-75.54377234","42.5250","23.5312","32.7250","30.9937","3.0000","0.8156","-1.0277","-5.0086","5.8234","30.5953","9206.7002","56.0800","55.4250","77.5200","583.7322","1.1927","1.1997","19511291.0156","48050000.0000","6.1129","21.7621","8.0291","51.9709"
"48.100","47.6502","13","1.0314","0.4760","-0.0641","-168.0255","45.4999","10.4522","1360.0000","0.6840","16.6677","45.50323056","-75.54377508","43.7938","23.6281","31.9937","34.7812","3.0000","0.7983","-0.9545","-3.3523","3.6391","33.6250","9456.1445","57.2100","57.9900","77.7422","584.3903","1.1989","1.2152","19561292.9688","48100000.0000","7.1640","-12.3935","-30.0853","72.8395"
"48.150","48.3653","13","0.9168","0.5622","-0.0829","-165.5151","39.8745","10.4355","1360.0000","0.6804","19.3045","45.50322472","-75.54377786","41.9719","23.5234","31.5625","35.5969","3.0000","0.9039","-1.0085","-1.4003","1.7325","32.9938","9535.7998","57.7100","56.6250","77.8822","585.0580","1.1911","1.1912","19611292.9688","48150000.0000","-24.8815","-46.5260","-21.1105","13.9247"
"48.200","49.2577","13","0.7801","0.5957","-0.1218","-163.8046","33.3638","10.4104","1360.0000","0.6444","23.4974","45.50321872","-75.54378102","40.5500","19.9750","30.9406","35.4375","3.0000","1.0357","-1.1453","-0.0750","1.0412","23.5688","9555.7998","57.7000","57.6000","77.9933","585.7366","1.1693","1.1672","19661291.0156","48200000.0000","-54.3571","-40.5544","41.1069","-39.6420"
"48.250","50.1695","13","0.6361","0.6186","-0.1519","-162.3160","26.6081","10.3898","1360.0000","0.6120","30.0086","45.50321268","-75.54378413","38.1969","19.0766","35.3500","35.2219","3.0000","1.0540","-1.1178","0.3192","1.3006","5.5195","9423.8330","56.5150","57.6000","76.9033","586.4291","1.1271","1.1404","19711292.9688","48250000.0000","-47.2307","-3.7636","122.8436","-3.2032"
"48.300","51.2561","13","0.4272","0.5461","-0.1031","-162.8243","17.6478","10.4091","1360.0000","0.6120","46.2249","45.50320628","-75.54378671","37.1688","19.1906","41.8438","35.7000","3.0000","0.9516","-0.8156","0.4962","0.7644","-15.9516","9236.8223","57.2700","57.2000","72.8044","587.1353","1.1150","1.1136","19761292.9688","48300000.0000","-3.1768","8.1481","154.8661","90.9885"
"48.350","52.3239","13","0.2137","0.4693","-0.0649","-163.3439","8.5776","10.4235","1360.0000","0.6120","97.0855","45.50319985","-75.54378928","37.6844","20.0906","48.3719","41.8875","3.0000","0.6429","-0.5120","0.7503","-2.0029","-33.6094","8771.2666","57.2600","56.9550","50.6933","587.8556","1.0925","1.0788","19811292.9688","48350000.0000","49.5723","-25.5383","75.5813","134.7248"
"48.400","53.2229","13","-0.0418","0.3531","-0.1214","-163.9658","-1.4810","10.3935","1360.0000","0.6120","571.9767","45.50319319","-75.54379181","39.9938","16.6094","49.3688","48.4062","3.0000","0.1774","-0.6101","-1.0091","-6.1398","-44.0016","8322.9004","53.7400","55.6600","30.2444","588.5890","1.0080","1.0440","19861291.0156","48400000.0000","67.3590","-60.2814","-75.2793","79.6415"
"48.450","53.9726","13","-0.2948","0.2364","-0.1778","-164.6797","-11.4042","10.3640","1360.0000","0.6120","75.3231","45.50318656","-75.54379425","45.0219","13.2875","40.8906","50.1344","3.0000","-0.1586","-0.8991","-4.6117","-8.9305","-48.5391","7907.8999","47.3500","48.8950","13.0222","589.3348","0.8854","0.9781","19911292.9688","48450000.0000","26.4530","-59.4572","-174.5209","-11.0539"
"48.500","53.3793","13","-0.5252","0.1152","-0.2330","-166.2212","-20.1099","10.3392","1360.0000","0.6120","42.2457","45.50318011","-75.54379588","43.4062","12.6734","33.3438","46.2875","3.0000","-0.3282","-1.0894","-6.4998","-9.1387","-47.6000","7712.2002","46.8000","48.6400","3.5700","590.0793","0.8777","0.9122","19961292.9688","48500000.0000","-30.2059","-42.5170","-142.6484","-42.0742"
"48.550","52.7925","13","-0.7384","-0.0077","-0.2846","-167.6859","-28.1670","10.3156","1360.0000","0.6120","29.8299","45.50317367","-75.54379749","40.7969","9.1750","30.1313","46.6188","3.0000","-0.4018","-1.1283","-5.5094","-7.4104","-42.6188","7703.3110","45.0000","48.3100","0.7367","590.8160","0.8533","0.9311","20011291.0156","48550000.0000","-49.2299","-32.4889","-15.5535","-2.4540"
"48.600","52.2649","13","-0.7962","-0.1452","-0.3041","-168.4577","-30.3858","10.3035","1360.0000","0.6120","27.3753","45.50316737","-75.54379898","39.3063","8.7125","31.5219","47.6813","3.0000","-0.6080","-1.2953","-3.0308","-3.8233","-36.7594","7635.6333","43.7400","49.6000","0.0000","591.5453","0.8377","0.9500","20061292.9688","48600000.0000","-26.2759","-13.8233","84.2913","32.4010"
"48.650","51.6803","13","-0.8530","-0.2810","-0.3171","-169.3894","-32.6037","10.2946","1360.0000","0.6120","25.2277","45.50316108","-75.54380036","39.3125","8.6727","35.8406","48.3750","3.0000","-0.6183","-1.3665","-1.1119","0.5104","-32.6594","7547.2998","41.8800","49.0100","0.0000","592.2657","0.8124","0.9613","20111291.0156","48650000.0000","1.9919","26.0929","88.2080","18.4925"
"48.700","50.5831","13","-0.9014","-0.4009","-0.2711","-171.7591","-34.8133","10.3157","1360.0000","0.6120","23.1250","45.50315498","-75.54380075","39.2375","10.6938","39.3125","48.6063","3.0000","-0.5007","-1.1067","-1.0509","3.2626","-30.6078","7415.6221","40.7900","49.0900","0.9400","592.9741","0.8081","0.9726","20161292.9688","48700000.0000","13.2745","49.8498","33.2899","-9.9189"
"48.750","49.5250","13","-0.9503","-0.5115","-0.2262","-174.0879","-37.0890","10.3360","1360.0000","0.6156","21.2520","45.50314890","-75.54380109","39.3531","13.1086","40.9313","48.5500","3.0000","-0.3253","-0.8074","-2.0354","3.0146","-29.4555","7318.5112","41.6800","48.2650","2.7489","593.6684","0.8428","0.9624","20211292.9688","48750000.0000","9.5822","22.2157","-15.1241","-10.9826"
"48.800","48.8183","13","-1.0040","-0.5387","-0.1910","-176.0477","-39.9607","10.3498","1360.0000","0.6516","19.4432","45.50314293","-75.54380096","39.9688","12.7266","38.5312","47.7500","3.0000","-0.3469","-0.7235","-2.2497","0.4538","-29.7828","7450.7334","42.9600","46.4200","9.5267","594.3512","0.8813","0.9523","20261291.0156","48800000.0000","0.7284","-22.3616","-30.8584","11.7197"
"48.850","48.0943","13","-1.0625","-0.5517","-0.1612","-160.0527","-43.0760","10.3614","1360.0000","0.6858","17.7696","45.50313699","-75.54380076","41.0687","10.7961","36.2500","49.9156","3.0000","-0.3275","-0.8664","-1.6565","-1.9089","-32.3109","7715.9331","41.6650","47.7150","18.2689","595.0225","0.8736","0.9823","20311292.9688","48850000.0000","-4.7892","-25.3515","-30.7080","26.1106"
"48.900","47.2157","13","-1.1655","-0.4369","-0.1793","17.5360","-48.3831","10.3536","1360.0000","0.7038","15.5315","45.50313128","-75.54379985","38.9000","11.3719","36.1375","49.4750","3.0000","-0.4301","-0.9940","-0.8325","-2.5009","-36.4266","8239.2666","46.0300","47.7100","30.8244","595.6830","0.9767","1.0124","20361292.9688","48900000.0000","-4.4777","15.1771","-24.1943","12.3045"
"48.950","46.3931","13","-1.2581","-0.3185","-0.1936","177.0494","-53.2314","10.3469","1360.0000","0.7218","13.8709","45.50312559","-75.54379884","38.7000","12.6289","35.1625","49.6063","3.0000","-0.3526","-1.0984","-0.1443","-1.2407","-40.9391","8608.7002","50.0000","48.5000","39.4800","596.3326","1.0785","1.0724","20411291.0156","48950000.0000","-16.0269","53.3602","9.6702","-26.9782"
"49.000","46.0751","13","-1.2564","-0.1673","-0.1731","173.8849","-53.9513","10.3502","1360.0000","0.7398","13.5921","45.50311997","-75.54379688","38.7500","15.1438","36.0750","48.7812","3.0000","-0.1847","-1.1864","0.6322","1.4892","-45.6109","8847.0332","53.8800","52.1400","44.8133","596.9749","1.1702","1.1324","20461292.9688","49000000.0000","-42.0458","54.3259","57.9179","-59.5954"
"49.050","45.8601","13","-1.2523","-0.0201","-0.1507","170.7716","-54.5028","10.3556","1360.0000","0.7524","13.3917","45.50311434","-75.54379485","35.3625","17.7375","39.3625","43.9031","3.0000","0.0576","-1.0841","2.0637","3.7865","-49.5578","8765.1113","52.4900","53.7850","47.2689","597.6130","1.1427","1.1278","20511291.0156","49050000.0000","-48.8208","21.1791","58.3063","-47.7479"
"49.100","46.5710","13","-1.2260","0.0911","-0.1112","168.1187","-53.5399","10.3805","1360.0000","0.7164","13.8439","45.50310853","-75.54379213","33.6312","17.9875","42.0187","43.3563","3.0000","0.1675","-0.8665","3.1017","3.5160","-51.0172","8570.6670","51.7200","52.3900","48.7133","598.2561","1.1089","1.1232","20561292.9688","49100000.0000","-8.0606","-17.0975","-10.9061","-0.9086"
"49.150","47.2558","13","-1.1902","0.1992","-0.0822","165.5231","-52.1142","10.3990","1360.0000","0.6822","14.4318","45.50310273","-75.54378938","34.4344","15.8695","38.5375","44.8656","3.0000","0.2018","-0.9838","2.6177","1.4700","-49.3391","8718.7998","52.3200","52.9300","49.2700","598.9082","1.1061","1.1300","20611292.9688","49150000.0000","36.6202","-31.5205","-76.1718","27.3176"
"49.200","47.7052","13","-1.0677","0.2803","-0.1471","163.4432","-46.5225","10.3608","1360.0000","0.6642","16.3201","45.50309704","-75.54378628","37.9500","14.8156","34.2438","45.5312","3.0000","0.2911","-1.0904","2.1018","0.0789","-43.8839","8859.4775","53.3400","54.2800","49.7233","599.5677","1.1171","1.1368","20661291.0156","49200000.0000","25.2174","-12.2860","-60.9828","6.8995"
"49.250","48.1592","13","-0.9502","0.3583","-0.2075","161.4801","-41.1322","10.3252","1360.0000","0.6462","18.6345","45.50309135","-75.54378318","36.1813","15.7227","34.2750","44.4375","3.0000","0.5221","-1.0579","2.6373","0.0181","-35.4062","8820.0332","54.1800","53.7200","49.8900","600.2345","1.1226","1.1170","20711292.9688","49250000.0000","-20.0169","24.2012","10.7572","-23.8927"
"49.300","48.6551","13","-0.8772","0.4079","-0.2278","160.5683","-37.5538","10.3137","1360.0000","0.6282","20.6203","45.50308555","-75.54377997","34.6688","16.7000","36.1250","43.9250","3.0000","0.7098","-0.9047","3.2945","0.2843","-25.5719","8768.5000","53.8400","53.4400","50.0378","600.9077","1.1054","1.0972","20761292.9688","49300000.0000","-27.0221","40.0078","43.0148","-15.4610"
"49.350","49.1817","13","-0.7942","0.4509","-0.2496","159.5866","-33.5680","10.3007","1360.0000","0.6120","23.3184","45.50307975","-75.54377670","35.4437","18.5063","36.0844","43.9906","3.0000","0.4854","-0.8823","3.6686","0.2264","-16.8344","8693.5000","52.8800","53.0050","50.1489","601.5879","1.0735","1.0793","20811292.9688","49350000.0000","9.5714","17.9118","4.6946","12.7868"
"49.400","49.9842","13","-0.6205","0.4352","-0.2847","157.9749","-25.9153","10.2739","1360.0000","0.6120","30.6971","45.50307396","-75.54377280","35.6188","18.4750","36.4437","44.1375","3.0000","0.3092","-0.9304","3.3363","0.0830","-10.4328","8698.2998","53.3000","53.1400","50.2300","602.2772","1.0646","1.0614","20861291.0156","49400000.0000","25.1277","-14.6732","-45.6671","2.7360"
"49.450","50.7669","13","-0.4479","0.4146","-0.3191","156.4437","-18.3503","10.2472","1360.0000","0.6120","44.0309","45.50306817","-75.54376889","36.5281","17.3531","33.0062","43.0125","3.0000","0.2789","-0.9935","2.1125","0.1844","-5.3457","8771.0781","53.0800","53.1850","50.2856","602.9785","1.0467","1.0494","20911292.9688","49450000.0000","7.8037","-20.8096","-63.8478","-45.2674"
"49.500","51.3702","13","-0.2846","0.3505","-0.3480","155.6366","-11.5750","10.2219","1360.0000","0.6120","70.6332","45.50306230","-75.54376489","36.2625","17.2750","30.7281","40.4625","3.0000","0.2450","-1.0691","0.5152","0.5077","0.5092","8804.3887","54.1500","53.3500","50.3411","603.6888","1.0529","1.0373","20961292.9688","49500000.0000","9.4640","5.7118","-55.3046","-65.9770"
"49.550","51.9473","13","-0.1207","0.2865","-0.3745","155.0038","-4.8130","10.1974","1360.0000","0.6138","171.7793","45.50305641","-75.54376093","38.3875","17.6359","27.4016","37.8187","3.0000","0.0149","-1.1931","-0.6973","0.8079","7.7996","8823.8330","54.4600","53.8700","50.3967","604.4067","1.0477","1.0381","21011291.0156","49550000.0000","41.1436","41.9726","-26.0565","-27.2530"
"49.600","52.2883","13","0.0482","0.2234","-0.3793","155.9416","1.8306","10.1800","1360.0000","0.6318","454.6030","45.50305028","-75.54375740","40.6000","21.2844","27.4781","37.8625","3.0000","0.0744","-1.3329","-0.6341","0.7847","15.9281","9024.4893","54.6800","54.3600","47.8933","605.1306","1.0451","1.0389","21061292.9688","49600000.0000","53.7123","59.2565","14.6883","20.3189"
"49.650","52.5897","13","0.2207","0.1596","-0.3883","156.9315","8.5971","10.1616","1360.0000","0.6480","97.3576","45.50304413","-75.54375394","42.0625","23.4969","29.3391","38.9344","3.0000","0.0842","-1.3223","0.3932","0.3517","23.4234","9124.7891","55.4250","55.1950","43.6400","605.8596","1.0524","1.0300","21111291.0156","49650000.0000","33.9126","43.2175","25.2419","25.8403"
"49.700","52.5348","13","0.4258","0.0895","-0.4349","158.3916","16.4699","10.1348","1360.0000","0.6480","50.7663","45.50303790","-75.54375109","44.2062","24.4688","29.5969","39.6500","3.0000","0.0244","-1.0644","1.4852","-0.4097","29.1875","8537.5664","54.2600","53.6400","29.6400","606.5895","1.0329","1.0211","21161292.9688","49700000.0000","22.6946","6.0156","-20.1010","6.7527"
"49.750","52.4657","13","0.6296","0.0159","-0.4819","159.8782","24.2981","10.1074","1360.0000","0.6480","34.3656","45.50303165","-75.54374828","45.1750","24.0516","26.6203","40.5000","3.0000","-0.1574","-1.0930","2.0216","-1.0916","33.6437","8095.2222","53.8300","51.3350","17.0567","607.3185","1.0264","0.9565","21211292.9688","49750000.0000","30.6541","-28.0021","-74.6525","-0.8625"
"49.800","52.2691","13","0.8223","-0.0897","-0.5321","161.6043","31.7239","10.0733","1360.0000","0.6480","26.2228","45.50302535","-75.54374595","46.6562","22.2094","23.5000","40.0312","3.0000","-0.4313","-1.2399","2.0129","-1.3369","38.0187","7934.1113","51.7200","46.6000","7.2233","608.0456","0.9899","0.8919","21261291.0156","49800000.0000","24.4776","-34.6717","-63.4514","-1.0828"
"49.850","51.9944","13","1.0118","-0.1912","-0.5805","163.4161","39.0702","10.0398","1360.0000","0.6498","21.1803","45.50301907","-75.54374374","46.3531","21.2031","22.7188","39.2969","3.0000","-0.6993","-1.2168","1.8764","-0.9469","43.0062","7839.4712","50.7400","44.3350","2.0975","608.7689","0.9772","0.8792","21311292.9688","49850000.0000","2.9532","-11.5809","11.3152","-8.7908"
"49.900","51.0167","13","1.1735","-0.2551","-0.6142","165.9993","45.7010","10.0110","1360.0000","0.6678","17.7667","45.50301298","-75.54374256","47.7313","21.0250","22.8781","40.0812","3.0000","-0.7025","-1.1846","1.9330","0.1587","48.5500","7801.4546","50.6235","44.1235","0.9818","609.4826","0.9942","0.8665","21361292.9688","49900000.0000","1.3181","16.3486","64.5671","-7.3985"
"49.950","50.0529","13","1.3213","-0.3171","-0.6487","168.5958","51.8286","9.9820","1360.0000","0.6840","15.3702","45.50300691","-75.54374146","47.1406","22.4453","28.2453","40.0219","3.0000","-0.4906","-1.0365","2.1445","1.0386","53.4781","7756.8569","50.8130","44.3130","0.0000","610.1835","1.0144","0.8695","21411291.0156","49950000.0000","16.0116","21.4842","40.9358","13.8909"
"50.000","49.2145","13","1.3442","-0.3620","-0.6916","171.3119","53.4272","9.9515","1360.0000","0.6840","14.6606","45.50300096","-75.54374116","48.6500","22.9344","27.4156","39.8000","3.0000","-0.4163","-0.9858","2.7248","1.0850","57.2642","7664.0000","49.3626","42.8626","0.0000","610.8725","1.0047","0.8724","21461292.9688","50000000.0000","9.5727","5.6553","-17.9479","20.2551"
"50.050","48.4005","13","1.3653","-0.4041","-0.7358","174.0446","54.9791","9.9213","1360.0000","0.6822","14.0111","45.50299502","-75.54374095","47.4688","22.7031","25.7328","41.7250","3.0000","-0.3406","-1.1307","2.3510","1.6671","59.7750","7571.1431","47.9122","41.4122","0.0000","611.5486","0.9911","0.8511","21511291.0156","50050000.0000","-18.9279","-7.0433","-47.4854","-19.0714"
"50.100","47.8070","13","1.3700","-0.4216","-0.7930","176.9276","56.1102","9.8934","1360.0000","0.6642","13.5603","45.50298918","-75.54374149","47.4500","22.1781","23.0625","39.0187","3.0000","-0.3943","-1.3591","1.4576","3.1314","61.5453","7438.1235","47.1000","39.6158","3.7732","612.2158","0.9864","0.8297","21561292.9688","50100000.0000","-25.9446","-1.7700","-31.9207","-58.3426"
"50.150","47.1789","13","1.3759","-0.4324","-0.8411","161.8153","57.3062","9.8693","1360.0000","0.6462","13.1029","45.50298337","-75.54374210","45.6125","22.8531","23.3844","35.6250","3.0000","-0.4520","-1.2114","0.8501","4.1762","61.8391","7278.3301","47.1073","38.9220","10.0619","612.8744","1.0005","0.8369","21611292.9688","50150000.0000","-3.9451","11.6955","6.6914","-36.8077"
"50.200","46.2406","13","1.3918","-0.3831","-0.8070","-15.2545","59.0862","9.8803","1360.0000","0.6282","12.4554","45.50297788","-75.54374343","46.0000","23.1437","24.0375","35.9875","3.0000","-0.4302","-1.2463","1.0970","4.1912","60.4297","7232.5327","47.1181","38.9544","12.4373","613.5224","1.0211","0.8441","21661291.0156","50200000.0000","7.1242","14.2325","39.0029","16.8459"
"50.250","45.3254","13","1.4049","-0.3324","-0.7808","-174.2922","60.7310","9.8871","1360.0000","0.6138","11.8782","45.50297242","-75.54374485","46.6469","23.7844","26.5422","37.1781","3.0000","-0.3276","-1.1851","1.8879","3.6079","57.8984","7245.4604","47.1289","38.9868","12.7969","614.1562","1.0414","0.8600","21711292.9688","50250000.0000","-8.3141","6.4747","51.5609","26.2967"
"50.300","44.6194","13","1.3926","-0.2691","-0.8251","-171.0408","61.1588","9.8568","1360.0000","0.6318","11.6114","45.50296724","-75.54374706","45.8000","24.0344","28.9062","38.2687","3.0000","-0.1581","-1.1106","1.9720","3.1069","55.2438","7258.3887","47.1397","39.0192","13.1565","614.7797","1.0582","0.8759","21761292.9688","50300000.0000","-17.7725","2.4457","38.3379","-10.8277"
"50.350","43.9882","13","1.3793","-0.2052","-0.8693","-167.8605","61.5128","9.8260","1360.0000","0.6480","11.3813","45.50296206","-75.54374933","44.4125","24.1219","29.9141","35.9406","3.0000","0.0999","-1.2549","1.0767","2.7261","53.1453","7271.3169","47.1505","39.0516","13.5161","615.3950","1.0718","0.8817","21811292.9688","50350000.0000","-5.9284","4.1986","0.5341","-29.1611"
"50.400","44.0311","13","1.3572","-0.1360","-0.9124","-165.3190","61.2028","9.7910","1360.0000","0.6480","11.4501","45.50295686","-75.54375212","45.4250","24.3156","28.2531","35.6375","3.0000","0.4211","-1.1831","-0.1028","2.4198","52.0263","7284.2446","47.1613","39.0840","13.8757","616.0067","1.0710","0.8876","21861291.0156","50400000.0000","4.0820","3.3187","-37.1861","-7.2928"
"50.450","44.0688","13","1.3386","-0.0679","-0.9463","-162.6852","61.0197","9.7599","1360.0000","0.6498","11.4942","45.50295169","-75.54375502","45.1406","24.2859","26.7734","35.9469","3.0000","0.4084","-1.2000","-1.0146","2.4551","52.2812","7297.1729","47.1721","39.1164","14.2353","616.6185","1.0704","0.8881","21911292.9688","50450000.0000","0.4408","-0.4304","-43.4246","8.4743"
"50.500","44.0596","13","1.3516","-0.0091","-0.8977","-159.2197","61.9785","9.7644","1360.0000","0.6678","11.3141","45.50294677","-75.54375883","45.5062","24.4281","25.1156","35.9313","3.0000","0.2648","-1.2898","-1.3656","2.9076","53.1844","7310.1011","47.1829","39.1488","14.5949","617.2306","1.0709","0.8886","21961292.9688","50500000.0000","1.1646","-1.5706","-10.8128","-1.0813"
"50.550","44.0649","13","1.3626","0.0474","-0.8519","-155.7585","62.8143","9.7686","1360.0000","0.6858","11.1649","45.50294189","-75.54376271","44.2719","24.4281","25.6875","35.3438","3.0000","0.1981","-1.2881","-1.1797","3.3441","53.7000","7323.0293","47.1937","39.1812","14.9545","617.8427","1.0707","0.8877","22011291.0156","50550000.0000","11.1869","0.6029","32.1827","-6.0689"
"50.600","44.1994","13","1.3550","0.0840","-0.8319","-152.3372","62.5434","9.7693","1360.0000","0.7038","11.2475","45.50293732","-75.54376728","46.9875","24.4500","27.6000","35.6500","3.0000","0.1257","-1.0334","-0.1035","3.2734","53.2812","7335.9570","47.2045","39.2136","15.3140","618.4557","1.0677","0.8869","22061292.9688","50600000.0000","11.8783","2.0972","43.9467","6.6628"
"50.650","44.3157","13","1.3484","0.1185","-0.8146","-148.9774","62.2962","9.7686","1360.0000","0.7200","11.3218","45.50293279","-75.54377190","45.8312","24.5734","30.0750","36.3875","3.0000","0.1725","-0.8264","0.3614","2.5555","51.8125","7348.8853","47.2153","39.2460","15.6736","619.0707","1.0655","0.8872","22111291.0156","50650000.0000","2.5360","2.7629","11.5198","12.9111"
"50.700","44.2674","13","1.3501","0.1334","-0.8217","-146.1719","62.2627","9.7544","1360.0000","0.7200","11.3156","45.50292856","-75.54377700","45.9000","24.6187","28.3906","36.2250","3.0000","0.1170","-0.9010","-0.1190","1.3156","49.7687","7361.8135","47.2261","39.2784","16.0332","619.6857","1.0670","0.8874","22161292.9688","50700000.0000","2.6577","2.1472","-27.9943","5.2235"
"50.750","44.2368","13","1.3545","0.1448","-0.8200","-143.3412","62.3495","9.7435","1360.0000","0.7182","11.2920","45.50292436","-75.54378217","47.4750","25.0969","27.2062","36.6156","3.0000","-0.0046","-0.9229","-0.3796","0.3467","48.6000","7374.7412","47.2369","39.3108","16.3928","620.3005","1.0675","0.8870","22211292.9688","50750000.0000","12.5349","-3.4493","-29.7625","1.5957"
"50.800","44.3655","13","1.3839","0.1250","-0.7389","-140.2840","63.5199","9.7630","1360.0000","0.7002","11.1162","45.50292045","-75.54378793","46.8563","23.9969","26.9781","37.4000","3.0000","-0.0330","-0.9764","-0.9954","0.5942","49.2906","7387.6694","47.2477","39.3432","16.7524","620.9160","1.0647","0.8865","22261291.0156","50800000.0000","4.8191","-9.5316","6.5587","0.5645"
"50.850","44.4568","13","1.4124","0.1073","-0.6661","-137.1530","64.6557","9.7798","1360.0000","0.6840","10.9434","45.50291663","-75.54379374","47.1594","24.0953","27.1453","36.0156","3.0000","-0.0548","-1.0134","-1.3637","1.6945","51.1875","7400.5977","47.2585","39.3756","17.1120","621.5329","1.0636","0.8892","22311292.9688","50850000.0000","-21.3273","-4.0808","39.9137","-12.5249"
"50.900","44.2120","13","1.4319","0.1089","-0.6684","-133.3572","65.4805","9.7723","1360.0000","0.6840","10.7460","45.50291349","-75.54380010","45.2375","24.3406","30.3531","35.5625","3.0000","0.0334","-0.8563","-1.2780","2.3107","52.6469","7413.5259","47.2693","39.4080","17.4716","622.1483","1.0697","0.8918","22361292.9688","50900000.0000","-27.5715","8.1639","29.5882","-17.7145"
"50.950","44.0449","13","1.4463","0.1123","-0.6690","-129.6658","66.0690","9.7649","1360.0000","0.6822","10.6101","45.50291037","-75.54380652","44.5750","24.4375","30.1875","35.5187","3.0000","0.0540","-0.7583","-1.1402","1.8773","52.9375","7426.4536","47.2801","39.4404","17.8312","622.7617","1.0722","0.8881","22411291.0156","50950000.0000","-1.7170","6.9297","-15.5849","7.0778"
"51.000","44.5785","13","1.4142","0.1321","-0.6544","-126.9125","64.5308","9.7585","1360.0000","0.6642","10.9946","45.50290741","-75.54381356","45.3937","24.5656","28.1938","35.8438","3.0000","0.0013","-0.9493","-0.8070","1.3432","53.2562","7439.3818","47.2909","39.4728","18.1908","623.3778","1.0596","0.8844","22461292.9688","51000000.0000","13.1608","-6.7377","-42.3858","20.8590"
"51.050","45.0760","13","1.3852","0.1557","-0.6407","-124.0878","63.1205","9.7515","1360.0000","0.6516","11.3657","45.50290452","-75.54382063","45.5031","24.5266","26.9828","36.4094","3.0000","-0.0887","-1.0698","-0.5141","2.0111","54.6937","7452.3101","47.4987","39.9280","18.5503","624.0015","1.0539","0.9128","22511291.0156","51050000.0000","-12.3796","-3.8582","-13.4727","-16.2395"
"51.100","45.2482","13","1.3835","0.2133","-0.6358","-120.6189","62.8604","9.7390","1360.0000","0.6876","11.4563","45.50290226","-75.54382806","43.5563","24.5312","27.2062","34.3563","3.0000","-0.0757","-0.9447","-0.6124","3.5760","56.1750","7465.2378","48.7408","42.6032","18.9099","624.6290","1.0768","0.9412","22561292.9688","51100000.0000","-37.3879","21.2444","31.5716","-51.5781"
"51.150","45.4457","13","1.3784","0.2704","-0.6287","-117.2305","62.4161","9.7279","1360.0000","0.7182","11.5882","45.50290004","-75.54383554","43.1750","26.0562","29.2922","32.6844","3.0000","0.3781","-1.0070","-0.4785","4.4688","55.9313","7478.1660","49.9828","45.2783","19.2695","625.2592","1.0988","0.9928","22611292.9688","51150000.0000","-17.2846","34.4302","32.2531","-11.9263"
"51.200","45.8693","13","1.3418","0.3238","-0.6025","-114.5662","60.3135","9.7301","1360.0000","0.7002","12.1040","45.50289816","-75.54384344","42.6125","27.7563","29.5250","33.4437","3.0000","0.6233","-1.0165","0.3111","4.0986","54.1606","7491.0942","51.2248","47.9535","19.6291","625.8937","1.1157","1.0445","22661291.0156","51200000.0000","14.6202","12.7036","-6.9918","52.2323"
"51.250","46.3221","13","1.3041","0.3732","-0.5774","-111.8989","58.1455","9.7312","1360.0000","0.6840","12.6792","45.50289632","-75.54385139","43.0219","27.2812","29.0375","36.5094","3.0000","0.3668","-0.8253","1.3060","3.3271","51.8906","7504.0225","52.4669","50.6287","19.9887","626.5350","1.1309","1.0880","22711292.9688","51250000.0000","3.1704","-13.8191","-25.8560","34.5477"
"51.300","47.0368","13","1.2566","0.3873","-0.5623","-109.2041","55.3882","9.7223","1360.0000","0.6840","13.5158","45.50289493","-75.54385979","43.1125","26.7188","28.1250","36.1063","3.0000","0.3888","-0.9938","1.8823","3.2346","49.8250","7516.9502","53.7089","53.3038","20.3483","627.1845","1.1401","1.1315","22761292.9688","51300000.0000","-33.0769","-8.3661","4.2583","-40.4838"
"51.350","47.7524","13","1.2118","0.4027","-0.5456","-106.5456","52.7512","9.7146","1360.0000","0.6840","14.4073","45.50289357","-75.54386823","40.5594","26.6031","28.4359","33.5219","3.0000","0.7061","-1.1714","1.6577","3.3800","46.8234","7779.6226","54.9510","55.9790","27.7939","627.8436","1.1496","1.1535","22811292.9688","51350000.0000","-26.3278","11.2269","35.9824","-48.7679"
"51.400","48.4760","13","1.1911","0.4298","-0.5149","-104.2137","51.1976","9.7179","1360.0000","0.6840","15.0694","45.50289258","-75.54387702","41.1813","27.4469","31.1719","32.6875","3.0000","0.7259","-0.9258","1.3327","2.4765","41.8422","8625.0303","56.6600","57.0700","51.7735","628.5123","1.1671","1.1755","22861291.0156","51400000.0000","24.0504","2.5060","18.8801","26.7930"
"51.450","49.2100","13","1.1751","0.4556","-0.4877","-101.8470","49.8300","9.7195","1360.0000","0.6840","15.7175","45.50289165","-75.54388585","42.0687","26.6938","30.2500","35.1656","3.0000","0.6842","-0.9788","1.1156","1.1782","37.2031","9259.4062","56.8026","56.8359","67.0022","629.1923","1.1523","1.1612","22911292.9688","51450000.0000","45.8104","-27.7237","-25.1815","61.6409"
"51.500","50.0372","13","1.2000","0.4699","-0.4919","-99.1673","50.1359","9.7060","1360.0000","0.6840","15.8842","45.50289126","-75.54389504","44.5375","24.8219","29.1469","37.4750","3.0000","0.5515","-1.1050","0.4671","1.3351","35.7750","9484.1318","57.6038","57.4769","65.2440","629.8829","1.1493","1.1468","22961292.9688","51500000.0000","4.4113","-32.2241","-32.9784","-6.5921"
"51.550","50.8364","13","1.2200","0.4818","-0.4910","-96.5109","50.2410","9.6947","1360.0000","0.6840","16.1041","45.50289092","-75.54390425","43.4406","24.2531","27.4312","34.8406","3.0000","0.3281","-1.2275","-0.7150","3.1239","36.9984","9584.9092","57.8286","57.8653","63.0343","630.5840","1.1363","1.1327","23011291.0156","51550000.0000","-41.5408","-3.2110","3.0808","-77.6577"
"51.600","51.3828","13","1.1964","0.4717","-0.4436","-94.0639","48.5396","9.7035","1360.0000","0.6840","16.8478","45.50289110","-75.54391360","40.7000","24.4438","28.8188","30.7938","3.0000","0.3327","-1.2640","-1.5021","4.7018","38.1861","9571.2725","58.5000","57.5400","60.4081","631.2940","1.1373","1.1186","23061292.9688","51600000.0000","-28.8254","14.2436","28.5095","-47.7959"
"51.650","51.9571","13","1.1785","0.4578","-0.3981","-91.6355","47.0702","9.7115","1360.0000","0.6858","17.5679","45.50289133","-75.54392299","40.9375","24.8234","30.5172","31.0969","3.0000","0.6067","-1.1170","-1.7555","4.8000","37.9313","9543.4004","58.0200","56.9050","56.2900","632.0130","1.1167","1.1278","23111291.0156","51650000.0000","24.3000","-2.1332","5.7167","35.1098"
"51.700","52.7821","13","1.2114","0.4090","-0.3699","-89.3742","47.6904","9.7120","1360.0000","0.7038","17.6147","45.50289203","-75.54393265","43.4625","24.8156","28.5375","33.5687","3.0000","0.5005","-1.0713","-1.5660","3.8939","37.3469","9503.4004","58.8333","60.1000","50.9011","632.7417","1.1129","1.1369","23161292.9688","51700000.0000","48.5652","-19.5250","-31.5859","60.1505"
"51.750","53.5423","13","1.2399","0.3558","-0.3401","-87.0892","48.1562","9.7142","1360.0000","0.7200","17.6956","45.50289280","-75.54394229","44.2031","23.1406","28.3891","35.5281","3.0000","0.1443","-1.1587","-1.5551","3.0449","37.4125","9194.1221","58.1667","58.1000","43.0044","633.4804","1.0860","1.0773","23211292.9688","51750000.0000","27.1958","-15.2442","-40.1469","17.9540"
"51.800","53.7196","13","1.2289","0.2628","-0.2957","-84.5911","47.2329","9.7314","1360.0000","0.7200","18.1012","45.50289418","-75.54395175","46.0062","23.1437","25.1406","35.5563","3.0000","-0.0572","-1.2209","-1.7338","2.5426","37.4656","8790.2334","56.4652","54.6913","34.2267","634.2250","1.0507","1.0177","23261291.0156","51800000.0000","3.6955","-9.9918","-17.5381","-9.1864"
"51.850","53.8595","13","1.2198","0.1707","-0.2523","-82.1174","46.4129","9.7479","1360.0000","0.7200","18.4690","45.50289561","-75.54396118","45.7313","22.1688","25.4578","35.8375","3.0000","-0.1015","-1.2024","-1.5277","2.0566","36.1813","8552.4111","55.1900","53.1300","31.2456","634.9723","1.0251","0.9982","23311292.9688","51850000.0000","7.1702","-21.9957","6.6369","11.1080"
"51.900","53.6636","13","1.2279","0.0857","-0.2178","-79.8629","46.5222","9.7577","1360.0000","0.7200","18.3586","45.50289745","-75.54397037","46.0250","20.3906","27.4594","36.4500","3.0000","0.0048","-1.1101","-1.5312","1.2662","33.8719","8369.7949","54.4800","52.5000","28.9707","635.7186","1.0157","0.9787","23361292.9688","51900000.0000","20.8753","-29.1035","11.4369","33.1018"
"51.950","53.4486","13","1.2365","0.0034","-0.1839","-77.6145","46.6740","9.7684","1360.0000","0.7200","18.2256","45.50289933","-75.54397951","47.9156","20.0000","25.5984","37.8688","3.0000","-0.1208","-1.1431","-1.6625","0.6493","32.7313","8461.1904","54.2300","48.7500","28.7614","636.4620","1.0156","0.9481","23411291.0156","51950000.0000","21.3854","-9.7879","1.7156","23.9585"
"52.000","53.0616","13","1.2489","-0.0544","-0.1553","-75.4216","47.2081","9.7874","1360.0000","0.7200","17.8889","45.50290159","-75.54398828","47.6188","19.8500","27.2000","39.4250","3.0000","-0.3061","-1.1721","-2.1045","1.0078","34.8646","8552.5859","54.0608","48.6342","28.5521","637.2012","1.0197","0.9174","23461292.9688","52000000.0000","5.1225","14.4515","1.3008","0.3568"
"52.050","52.6739","13","1.2634","-0.1056","-0.1276","-73.1697","47.8431","9.8049","1360.0000","0.7236","17.5225","45.50290392","-75.54399699","47.5750","20.7812","27.0078","37.7000","3.0000","-0.3305","-1.0830","-2.1986","1.8891","39.1875","8643.9814","53.9025","49.0139","28.3428","637.9344","1.0242","0.9315","23511291.0156","52050000.0000","-18.1922","17.6655","24.8507","-15.7705"
"52.100","52.2795","13","1.2971","-0.0968","-0.1067","-70.3879","49.3868","9.8092","1360.0000","0.7596","16.8477","45.50290683","-75.54400523","46.7188","21.5594","28.8656","37.6500","3.0000","-0.0473","-0.9829","-1.1997","2.7081","44.0484","8735.3770","53.7443","49.3937","28.1335","638.6626","1.0289","0.9457","23561292.9688","52100000.0000","-34.7530","12.5255","52.4710","-20.5255"
"52.150","51.9400","13","1.3285","-0.0853","-0.0848","-67.6312","50.8448","9.8143","1360.0000","0.7920","16.2583","45.50290980","-75.54401344","45.1750","22.1156","31.7578","36.5594","3.0000","0.2082","-0.8844","-0.1115","3.1688","48.4938","9093.4854","55.8830","53.2532","36.2921","639.3864","1.0755","1.0338","23611292.9688","52150000.0000","-28.4439","19.2067","46.5497","-16.6908"
"52.200","52.0946","13","1.3397","-0.0485","-0.0541","-65.1000","51.5315","9.8253","1360.0000","0.7920","16.0894","45.50291323","-75.54402142","43.6625","23.0656","33.0875","35.7875","3.0000","0.2438","-0.9928","-0.0631","2.5561","51.5687","9502.3965","58.9149","58.4660","46.0446","640.1093","1.1305","1.1219","23661291.0156","52200000.0000","-2.4456","22.9460","0.0650","-8.9691"
"52.250","52.2702","13","1.3472","-0.0069","-0.0253","-62.5756","52.0659","9.8363","1360.0000","0.7902","15.9780","45.50291671","-75.54402938","44.6937","23.9484","31.4922","35.1312","3.0000","0.2231","-1.0571","-0.9702","1.2540","53.7656","9586.6113","59.1988","59.0988","49.0541","640.8345","1.1316","1.1196","23711292.9688","52250000.0000","23.0095","0.3053","-50.9566","-5.7388"
"52.300","52.6351","13","1.3223","0.0775","-0.0125","-60.1119","51.2297","9.8462","1360.0000","0.7722","16.3521","45.50292066","-75.54403716","46.1312","23.1250","28.6313","36.0563","3.0000","0.1884","-1.1841","-2.7277","0.7218","56.4156","9599.5527","58.9593","58.8593","50.5835","641.5637","1.1192","1.1173","23761292.9688","52300000.0000","21.1196","-27.3562","-57.4688","-12.1563"
"52.350","52.9689","13","1.2993","0.1581","0.0077","-57.6357","50.4422","9.8595","1360.0000","0.7578","16.7127","45.50292466","-75.54404487","45.5938","22.0312","27.4516","34.0281","3.0000","0.2270","-1.2400","-4.5295","1.5175","59.3922","9612.4941","58.7198","58.6198","52.1129","642.2972","1.1084","1.1241","23811292.9688","52350000.0000","-9.5830","-15.9741","-5.4990","-22.9805"
"52.400","53.0218","13","1.2945","0.2050","0.0939","-55.0467","50.0926","9.9031","1360.0000","0.7758","16.8462","45.50292908","-75.54405201","45.3625","22.0344","28.1656","32.8000","3.0000","0.2477","-1.1714","-5.5061","2.7755","60.9583","9777.1680","60.5512","59.9634","55.6747","643.0332","1.1419","1.1308","23861291.0156","52400000.0000","-31.0769","26.6810","60.0148","-18.7011"
"52.450","53.1099","13","1.2875","0.2484","0.1766","-52.4954","49.6455","9.9452","1360.0000","0.7920","17.0261","45.50293353","-75.54405913","43.7938","24.2125","32.6969","34.0938","3.0000","0.1748","-0.8864","-6.0781","2.9602","59.2469","10151.3789","62.1400","60.8150","62.0432","643.7706","1.1692","1.1650","23911292.9688","52450000.0000","-8.1044","44.0243","75.9587","14.3586"
"52.500","53.5151","13","1.2612","0.2600","0.2280","-50.2834","48.3214","9.9734","1360.0000","0.7920","17.6261","45.50293834","-75.54406606","44.3937","25.7500","33.8750","34.1250","3.0000","0.2610","-0.7664","-5.8055","1.2395","54.8063","10392.2256","62.8600","64.2300","65.9667","644.5118","1.1736","1.1991","23961292.9688","52500000.0000","37.3878","11.1128","24.4849","50.1935"
"52.550","53.9321","13","1.2348","0.2702","0.2732","-48.0664","46.9990","9.9984","1360.0000","0.7902","18.2633","45.50294321","-75.54407294","46.6469","25.2891","35.0344","37.2719","3.0000","0.4128","-0.7742","-5.8555","-1.0017","50.2844","10509.9678","62.9048","62.1711","67.6333","645.2587","1.1650","1.1819","24011291.0156","52550000.0000","40.9289","-29.8699","-43.6220","38.7614"
"52.600","54.4554","13","1.2091","0.2677","0.2622","-45.8041","45.6913","9.9934","1360.0000","0.7722","18.9683","45.50294858","-75.54407939","47.4938","23.0125","30.9062","37.5187","3.0000","0.3544","-0.8994","-6.8562","-1.5672","48.1000","10679.7998","64.3506","63.4964","74.8000","646.0118","1.1804","1.1647","24061292.9688","52600000.0000","-13.6737","-28.7076","-58.2205","-17.6340"
"52.650","54.9445","13","1.1854","0.2674","0.2538","-43.5206","44.4654","9.9902","1359.5001","0.7542","19.6663","45.50295399","-75.54408576","46.3812","22.8594","29.1609","36.3000","3.0000","0.2072","-1.1428","-7.3066","-0.4145","47.0750","10876.4668","66.8929","65.9190","84.8000","646.7726","1.2170","1.1933","24111291.0156","52650000.0000","-61.4946","4.2917","-13.8760","-50.4570"
"52.700","55.1254","13","1.1807","0.2859","0.2687","-41.0469","43.9748","10.0022","1354.5001","0.7362","19.9512","45.50295972","-75.54409149","41.6000","23.6781","30.8563","33.6125","3.0000","0.2850","-1.3472","-6.7547","0.8440","44.2438","10959.0938","66.9500","67.3900","91.7094","647.5374","1.2140","1.2220","24161292.9688","52700000.0000","-42.9566","18.8720","19.9897","-17.4749"
"52.750","55.3711","13","1.1731","0.3061","0.2828","-38.6563","43.3756","10.0140","1350.0000","0.7146","20.3169","45.50296549","-75.54409721","42.0563","23.9312","29.9922","33.9375","3.0000","0.4777","-1.1417","-5.4000","1.5445","39.2031","11023.1562","67.2250","67.9200","98.1156","648.3057","1.2119","1.2123","24211292.9688","52750000.0000","6.3640","5.7434","6.3474","24.1681"
"52.800","56.1994","13","1.1397","0.3404","0.2906","-37.0138","41.7992","10.0235","1350.0000","0.6606","21.3985","45.50297156","-75.54410285","43.0500","24.1437","30.7344","36.0187","3.0000","0.6356","-0.9453","-4.5487","2.1072","33.8396","11068.2559","67.4400","67.7000","99.2311","649.0815","1.1979","1.2025","24261291.0156","52800000.0000","13.6748","-4.4383","-14.4688","5.5031"
"52.850","57.0038","13","1.1071","0.3752","0.2989","-35.3401","40.2487","10.0335","1350.0000","0.6120","22.5410","45.50297768","-75.54410842","42.2188","24.1141","29.6922","34.1562","3.0000","0.5063","-1.0466","-4.1102","2.7367","28.2188","11092.7002","67.5450","69.2600","99.9078","649.8696","1.1828","1.1794","24311292.9688","52850000.0000","-15.9360","2.7696","0.5906","-38.3323"
"52.900","57.5928","13","1.0818","0.4139","0.3120","-33.3857","38.9305","10.0478","1350.0000","0.6120","23.5450","45.50298416","-75.54411343","41.0938","24.0969","30.8438","32.5563","3.0000","0.2077","-1.1826","-3.5664","2.9182","21.8453","10997.7002","66.3900","66.6700","99.9633","650.6665","1.1513","1.1562","24361292.9688","52900000.0000","-13.5663","6.0119","26.7002","-23.2698"
"52.950","58.2143","13","1.0582","0.4502","0.3300","-31.4441","37.6660","10.0647","1350.0000","0.6102","24.5980","45.50299069","-75.54411841","41.9406","24.2500","32.2656","32.7469","3.0000","0.0552","-1.1806","-3.0375","2.3500","15.7937","10928.2314","66.1950","66.0850","100.0000","651.4719","1.1350","1.1291","24411291.0156","52950000.0000","20.3710","-3.4006","21.5507","29.2436"
"53.000","59.1281","13","1.0494","0.4655","0.3915","-29.6181","36.8850","10.1057","1350.0000","0.5922","25.5132","45.50299763","-75.54412303","43.2062","24.2250","32.0187","34.7375","3.0000","0.6474","-1.1553","-2.6715","1.6363","11.2891","10908.3242","66.3750","65.2750","100.0000","652.2877","1.1205","1.1019","24461292.9688","53000000.0000","16.9874","-4.6935","2.8123","27.3370"
"53.050","60.0299","13","1.0377","0.4808","0.4474","-27.7947","36.0083","10.1454","1350.0000","0.5760","26.5329","45.50300461","-75.54412760","42.7531","24.2172","32.6688","34.9688","3.0000","0.8256","-1.0725","-2.1742","1.1021","8.6719","10880.7500","66.8056","65.2611","100.0000","653.1174","1.1111","1.0889","24511291.0156","53050000.0000","-25.8792","10.6811","10.6082","-16.2697"
"53.100","60.8240","13","1.0005","0.4960","0.4538","-25.9956","34.2706","10.1744","1350.0000","0.5760","28.2471","45.50301192","-75.54413177","40.5250","24.6156","34.4688","34.1937","3.0000","0.4583","-0.6104","-1.5464","0.0870","7.0879","10818.2500","65.8200","65.5400","100.0000","653.9582","1.0804","1.0759","24561292.9688","53100000.0000","-30.2778","16.5436","23.3516","-2.0720"
"53.150","61.6378","13","0.9646","0.5096","0.4607","-24.2405","32.5818","10.2021","1349.4999","0.5760","30.1087","45.50301926","-75.54413591","40.8438","25.1672","33.2750","34.7875","3.0000","0.4357","-0.7714","-0.6280","-1.6314","6.4125","10846.7002","66.2650","65.1850","100.0000","654.8099","1.0724","1.0689","24611292.9688","53150000.0000","17.9904","-7.0018","-3.4196","61.1420"
"53.200","62.6302","13","0.9404","0.5092","0.4735","-22.8816","31.3337","10.2173","1344.4999","0.5760","31.8121","45.50302688","-75.54413976","42.4562","24.9906","34.0062","39.1250","3.0000","0.5240","-0.8824","0.2323","-2.8480","7.8577","11051.7002","66.6900","66.6400","100.0000","655.6738","1.0628","1.0620","24661291.0156","53200000.0000","31.3334","-34.3190","-46.3863","51.0209"
"53.250","63.5743","13","0.9166","0.5062","0.4866","-21.5087","30.1048","10.2333","1340.0000","0.5760","33.6098","45.50303454","-75.54414356","42.3969","22.0859","30.4000","38.7188","3.0000","0.3421","-0.9664","0.2344","-2.4284","11.3551","11185.2998","67.6400","68.3550","100.0000","656.5525","1.0629","1.0625","24711292.9688","53250000.0000","-23.5565","-30.3677","-39.7794","-45.9411"
"53.300","64.0833","13","0.8964","0.4791","0.5034","-20.0088","29.0492","10.2564","1340.0000","0.5760","35.1100","45.50304241","-75.54414684","40.0687","21.6406","30.0562","35.2938","3.0000","0.5342","-1.2318","-0.4480","-1.1096","14.7617","11258.0781","68.9200","68.1800","100.0000","657.4399","1.0745","1.0629","24761292.9688","53300000.0000","-54.2496","-4.2822","12.5584","-79.9278"
"53.350","64.6294","13","0.8711","0.4535","0.5190","-18.5563","27.8415","10.2793","1340.0000","0.5760","36.9452","45.50305032","-75.54415010","38.9094","21.9609","31.1422","32.7781","3.0000","0.7336","-1.1279","-0.8858","-0.6355","16.4414","11304.9551","69.0900","68.8600","100.0000","658.3349","1.0677","1.0557","24811292.9688","53350000.0000","1.1726","8.6099","35.5698","12.1565"
"53.400","65.5091","13","0.7993","0.4416","0.5244","-17.5314","25.2647","10.3005","1340.0000","0.5760","41.2675","45.50305847","-75.54415324","40.4500","22.0031","32.7375","35.8563","3.0000","0.6338","-0.8437","-0.4221","-1.3747","16.8406","11342.7334","68.9700","68.8000","100.0000","659.2396","1.0511","1.0485","24861291.0156","53400000.0000","55.0614","-2.9701","7.4914","83.2519"
"53.450","66.3617","13","0.7319","0.4298","0.5295","-16.5036","22.8364","10.3213","1340.0000","0.5760","46.2498","45.50306663","-75.54415633","42.6750","21.4562","32.1625","39.4188","3.0000","0.6205","-0.9154","0.1466","-1.8907","17.3508","11571.1221","70.1600","69.3350","100.0000","660.1573","1.0561","1.0536","24911292.9688","53450000.0000","19.6752","-14.4149","-12.2678","19.5553"
"53.500","66.9701","13","0.7045","0.4176","0.5319","-15.4501","21.7455","10.3380","1340.0000","0.5760","49.0154","45.50307495","-75.54415902","41.9313","20.8312","32.1312","38.0625","3.0000","0.3361","-0.9104","0.0254","-1.6821","17.7859","11779.5557","71.2600","70.9800","100.0000","661.0845","1.0629","1.0587","24961292.9688","53500000.0000","-40.1947","-6.3510","10.0006","-66.5817"
"53.550","67.5967","13","0.6735","0.4079","0.5342","-14.4220","20.5507","10.3541","1340.0000","0.5760","52.3504","45.50308330","-75.54416169","40.0094","21.2188","33.9125","33.2313","3.0000","0.4186","-0.6208","-0.8313","-1.6961","17.2148","11790.6670","71.8100","71.7450","100.0000","662.0200","1.0608","1.0736","25011291.0156","53550000.0000","-24.7448","7.3618","26.7747","-37.0566"
"53.600","68.3863","13","0.6094","0.4213","0.5355","-13.6229","18.4210","10.3656","1340.0000","0.5760","59.0849","45.50309193","-75.54416422","40.8438","21.4406","33.2125","34.8187","3.0000","0.8676","-1.1002","-1.9956","-2.0030","15.8530","11847.4893","72.4300","74.5400","100.0000","662.9651","1.0577","1.0885","25061292.9688","53600000.0000","30.6122","2.9062","-3.4730","44.7286"
"53.650","69.1771","13","0.5416","0.4332","0.5356","-12.8275","16.1869","10.3762","1339.5000","0.5760","68.0174","45.50310057","-75.54416673","41.9031","20.6000","32.6594","37.9969","3.0000","1.1410","-1.3543","-2.6377","-2.0034","14.0273","11993.0449","73.0150","72.5500","100.0000","663.9224","1.0540","1.0639","25111291.0156","53650000.0000","19.1459","-18.8341","-34.9144","44.2293"
"53.700","69.9798","13","0.4393","0.4318","0.5263","-12.0666","13.0133","10.3796","1334.5000","0.5760","85.5864","45.50310940","-75.54416905","40.0500","19.7781","31.3844","37.5875","3.0000","0.7938","-1.2298","-2.1348","-1.4307","10.5781","12104.0996","72.9231","72.8308","100.0000","664.8903","1.0406","1.0393","25161292.9688","53700000.0000","-50.9469","-33.2955","-15.5587","-17.2149"
"53.750","70.7820","13","0.3315","0.4297","0.5175","-11.3769","9.6969","10.3842","1330.0000","0.5760","116.1743","45.50311824","-75.54417139","38.4813","18.8547","31.5016","36.5125","3.0000","0.2081","-0.7909","-0.4311","-0.5481","4.7754","12185.7666","73.9512","73.8805","100.0000","665.8689","1.0425","1.0436","25211292.9688","53750000.0000","-76.3711","-27.6905","26.1164","-21.1100"
"53.800","71.5787","13","0.1745","0.4223","0.5141","-11.3276","5.0945","10.4001","1330.0000","0.5760","223.6142","45.50312721","-75.54417383","35.7562","16.6688","32.8250","38.1437","3.0000","0.1443","-0.9119","1.1270","0.0404","-2.2520","12280.5889","74.6400","75.1000","100.0000","666.8582","1.0414","1.0478","25261291.0156","53800000.0000","-29.3071","-15.0932","38.9806","36.6469"
"53.850","72.3509","13","0.0188","0.4121","0.5111","-11.3449","0.5448","10.4160","1330.0000","0.5760","2113.6716","45.50313619","-75.54417633","34.7156","16.6250","35.1469","38.9719","3.0000","0.5092","-0.9742","1.9185","-0.0253","-8.7656","12380.0332","75.2800","75.4150","100.0000","667.8596","1.0395","1.0472","25311292.9688","53850000.0000","16.2190","-9.8584","34.2485","58.6317"
"53.900","72.9018","13","-0.1262","0.3772","0.5132","-11.9609","-3.5314","10.4318","1330.0000","0.5760","328.5545","45.50314522","-75.54417929","35.1875","16.2031","37.2812","41.2438","3.0000","0.5032","-0.9613","1.6621","-0.3809","-13.8047","12537.4443","76.6615","76.3692","100.0000","668.8693","1.0506","1.0466","25361292.9688","53900000.0000","13.2447","-11.3880","37.7739","22.3745"
"53.950","73.4437","13","-0.2711","0.3459","0.5160","-12.6022","-7.5905","10.4476","1330.0000","0.5778","153.9948","45.50315426","-75.54418231","36.5344","15.7852","37.5000","42.6219","3.0000","0.2521","-0.9625","0.6550","-0.2390","-16.9688","12681.5225","75.9195","77.3683","100.0000","669.8863","1.0348","1.0483","25411291.0156","53950000.0000","-5.1466","-15.3311","21.2467","-4.0377"
"54.000","73.9036","13","-0.4147","0.3464","0.5260","-13.4706","-11.4948","10.4633","1330.0000","0.5958","102.3252","45.50316329","-75.54418579","35.4250","14.2016","37.5125","42.4250","3.0000","0.0755","-1.0420","-0.1775","0.4211","-18.3281","12720.9668","77.0300","77.6600","100.0000","670.9099","1.0415","1.0500","25461292.9688","54000000.0000","-12.2474","-19.5854","-26.0131","0.4351"
"54.050","74.3773","13","-0.5524","0.3449","0.5362","-14.3376","-15.2237","10.4794","1330.0000","0.6120","77.7570","45.50317234","-75.54418932","33.9000","13.8992","37.7062","40.4344","3.0000","0.5658","-1.1407","-0.8323","0.8537","-18.2344","12763.6221","77.1950","78.0950","100.0000","671.9409","1.0369","1.0420","19127980.4688","54050000.0000","-21.3249","-16.6687","-39.1667","-7.8869"
"54.100","74.9748","13","-0.6360","0.3258","0.5489","-15.1920","-17.3731","10.5003","1330.0000","0.6120","68.6845","45.50318145","-75.54419319","34.2313","13.8016","35.4625","40.6688","3.0000","0.7018","-0.9762","-2.2225","1.1326","-17.1219","12812.5107","77.6000","77.6000","100.0000","672.9791","1.0340","1.0340","28046.0014","54100000.0000","-19.8460","3.2177","17.7296","-24.9275"
"54.150","75.5671","13","-0.7161","0.3079","0.5598","-16.0560","-19.4237","10.5211","1330.0000","0.6102","61.9184","45.50319057","-75.54419713","34.7969","13.8297","36.5094","41.1312","3.0000","0.7149","-0.9759","-3.7545","0.9659","-15.5539","12894.7002","78.0850","79.2700","100.0000","674.0253","1.0322","1.0304","78045.9976","54150000.0000","25.8567","29.5769","60.6014","1.3490"
"54.200","76.1122","13","-0.7645","0.3006","0.5556","-17.0066","-20.5862","10.5410","1330.0000","0.5922","58.8435","45.50319969","-75.54420159","35.1625","14.8281","37.9688","41.4188","3.0000","0.4725","-0.8947","-4.7766","-0.0977","-14.3531","13005.2559","78.0800","78.2100","100.0000","675.0791","1.0250","1.0267","128046.0052","54200000.0000","69.6107","30.1376","8.8982","52.7063"
"54.250","76.6610","13","-0.8077","0.2923","0.5514","-17.9483","-21.6088","10.5606","1329.5000","0.5742","56.4631","45.50320882","-75.54420610","37.7562","19.0328","40.6469","43.5344","3.0000","0.0835","-0.9058","-4.5500","-1.3068","-14.5086","13107.1777","79.7350","80.0300","100.0000","676.1414","1.0392","1.0339","178045.9900","54250000.0000","19.7342","-9.5930","-69.7047","44.8616"
"54.300","77.2438","13","-0.8040","0.2761","0.5478","-18.8104","-21.3726","10.5786","1324.5000","0.5562","57.5211","45.50321796","-75.54421095","40.0812","14.7359","33.9938","47.9813","3.0000","0.0924","-1.0378","-2.2930","-0.8852","-17.3969","13206.0664","78.6000","80.5000","100.0000","677.2113","1.0166","1.0412","228045.9900","54300000.0000","-85.2946","-49.4961","-54.2516","-21.2157"
"54.350","77.7708","13","-0.8017","0.2580","0.5473","-19.7359","-21.1723","10.5987","1320.0001","0.5400","58.4614","45.50322708","-75.54421588","30.5766","12.0789","33.8531","41.9813","3.0000","0.1412","-1.1841","0.7746","0.7312","-21.6187","13243.3330","79.7550","82.3450","100.0000","678.2881","1.0247","1.0381","278045.9900","54350000.0000","-95.7697","-41.7390","32.4373","-45.3475"
"54.400","77.7958","13","-0.8109","0.2231","0.5758","-21.2313","-21.2952","10.6383","1320.0001","0.5400","58.1427","45.50323596","-75.54422151","29.2531","11.7000","38.7750","40.2062","3.0000","0.1880","-1.3188","2.1371","1.1436","-23.9281","13199.6670","81.0900","80.5200","100.0000","679.3681","1.0423","1.0350","328045.9900","54400000.0000","23.1698","4.9607","56.0346","11.9365"
"54.450","77.8566","13","-0.8221","0.1869","0.6026","-22.6830","-21.4704","10.6772","1320.0001","0.5400","57.7133","45.50324484","-75.54422719","34.5906","12.5680","37.1781","44.8063","3.1200","0.0562","-0.9962","1.4192","-0.2137","-23.3547","12683.0000","78.6650","78.8200","100.0000","680.4493","1.0098","1.0277","378045.9900","54450000.0000","122.5955","38.3273","-9.5253","68.8416"
"54.500","78.2410","13","-0.8503","0.1390","0.6152","-23.7411","-22.1171","10.7105","1320.0001","0.5400","56.3023","45.50325371","-75.54423327","40.2313","13.9734","34.3625","47.1500","4.0000","-0.0084","-0.9492","0.5133","-1.5961","-21.1500","12104.7559","82.5231","79.8923","100.0000","681.5341","1.0541","1.0205","428046.0205","54500000.0000","77.6694","24.8018","-57.3009","47.0377"
"54.550","78.5840","13","-0.8771","0.0938","0.6255","-24.7905","-22.7328","10.7422","1320.0001","0.5400","55.0175","45.50326257","-75.54423939","39.6844","14.5289","34.7531","47.1562","4.0000","0.1887","-1.1375","0.7400","-1.7722","-18.9984","11406.9775","79.6854","79.3951","100.0000","682.6232","1.0178","1.0213","478045.9900","54550000.0000","-39.9108","-19.0631","-31.7578","-19.0526"
"54.600","78.5551","13","-0.8917","0.0734","0.6153","-25.7604","-23.0695","10.7590","1320.0001","0.5400","54.1946","45.50327121","-75.54424589","36.8625","13.7312","33.4125","45.9375","4.0000","0.3017","-1.2337","1.5254","-1.0916","-17.7406","11341.2998","76.5300","80.2800","100.0000","683.7142","0.9743","1.0220","528046.0205","54600000.0000","-79.3764","-38.7677","9.5146","-47.4053"
"54.650","78.5067","13","-0.9035","0.0571","0.6080","-26.7472","-23.3352","10.7770","1320.0001","0.5418","53.5444","45.50327982","-75.54425244","34.4656","11.6508","34.4562","44.7125","4.0000","0.0540","-1.1685","1.8329","-0.2847","-17.3766","11814.0781","79.0300","79.1400","100.0000","684.8047","1.0070","1.0343","578045.9595","54650000.0000","-21.3452","-11.1817","19.5470","-24.4457"
"54.700","78.2817","13","-0.8898","0.0787","0.6277","-27.8852","-22.9618","10.8051","1320.0001","0.5598","54.2593","45.50328823","-75.54425942","34.1813","11.6594","35.4562","43.7812","4.0000","-0.0085","-0.9836","1.6256","0.6892","-18.1344","11928.7773","82.8800","81.9000","100.0000","685.8931","1.0591","1.0466","628046.0205","54700000.0000","22.9131","29.7244","22.5641","-1.8178"
"54.750","78.1469","13","-0.8749","0.1029","0.6463","-29.0305","-22.5583","10.8330","1320.0001","0.5760","55.1346","45.50329663","-75.54426649","35.3000","14.0813","36.3719","43.0969","4.0000","0.0899","-0.8048","1.7539","1.7960","-19.5688","11917.6670","81.8450","83.6350","100.0000","686.9800","1.0493","1.0510","678045.9595","54750000.0000","3.4238","40.8617","31.7899","-2.5361"
"54.800","78.8228","13","-0.8503","0.1513","0.6546","-30.2412","-21.8842","10.8573","1320.0001","0.5760","57.3246","45.50330501","-75.54427426","34.5812","15.4797","37.5625","42.9813","4.0000","0.0829","-0.5709","2.3383","2.3187","-20.0938","11979.1445","83.7700","83.2800","100.0000","688.0712","1.0617","1.0555","728046.0205","54800000.0000","-22.4262","19.3032","20.2823","-10.4262"
"54.850","79.4958","13","-0.8229","0.2009","0.6615","-31.4180","-21.1368","10.8797","1319.5000","0.5742","59.8584","45.50331340","-75.54428207","34.3125","15.5797","37.1125","42.6625","4.0000","0.0160","-0.7090","2.5398","2.0290","-19.2094","12037.2441","82.4250","83.5200","100.0000","689.1722","1.0358","1.0509","778046.0205","54850000.0000","-7.5822","-4.5776","-13.3056","-8.8568"
"54.900","80.1423","13","-0.7711","0.2610","0.6560","-32.2901","-19.7299","10.8848","1314.5000","0.5562","64.6482","45.50332182","-75.54429019","34.3937","15.3016","36.6500","42.2938","4.0000","0.2116","-0.6555","1.9815","1.0425","-16.5484","12046.1338","83.3000","83.9400","100.0000","690.2821","1.0384","1.0464","828046.0205","54900000.0000","20.3307","-9.4470","-31.1151","-2.9008"
"54.950","80.7840","13","-0.7216","0.3187","0.6535","-33.1624","-18.3795","10.8936","1309.9999","0.5400","69.9541","45.50333024","-75.54429835","35.1719","15.4398","36.6031","41.9906","4.0000","0.2689","-0.6141","0.9252","-0.0170","-12.8273","12065.5996","83.8450","83.7850","100.0000","691.4005","1.0374","1.0452","878046.0205","54950000.0000","20.3397","0.8561","-19.2766","-4.4955"
"55.000","81.3831","13","-0.6930","0.3538","0.6777","-34.0365","-17.5365","10.9349","1309.9999","0.5400","73.8604","45.50333859","-75.54430697","37.1312","15.2719","34.9188","42.5438","4.0000","0.0227","-0.9407","0.0205","-0.5532","-9.0578","12105.5996","84.1800","85.0400","100.0000","692.5272","1.0335","1.0440","928045.9595","55000000.0000","1.5194","12.6026","-9.2190","-11.4449"
"55.050","81.9906","13","-0.6574","0.3873","0.6997","-34.8820","-16.5214","10.9739","1309.9999","0.5400","78.9838","45.50334695","-75.54431561","35.4219","16.2516","34.6188","41.3281","4.0000","0.2126","-1.0492","-0.1467","-0.8825","-5.9225","12157.2998","84.2800","84.0900","100.0000","693.6632","1.0269","1.0359","978046.0205","55050000.0000","-3.4146","17.7272","-17.7941","-10.0172"
"55.100","82.6737","13","-0.5592","0.4065","0.7019","-35.4702","-13.9569","10.9927","1309.9999","0.5400","94.2757","45.50335538","-75.54432455","35.9125","16.9688","32.9062","40.9750","4.0000","0.1708","-0.8330","0.3138","-1.3316","-3.7475","12218.9668","85.4600","85.0600","100.0000","694.8081","1.0327","1.0278","1028046.0205","55100000.0000","7.5637","11.3904","-24.1226","0.8562"
"55.150","83.3441","13","-0.4624","0.4197","0.7018","-36.0189","-11.4319","11.0099","1309.9999","0.5400","116.0318","45.50336382","-75.54433350","36.5375","17.0000","31.7313","41.4250","4.0000","0.1292","-0.9195","1.0570","-1.5861","-2.5403","12315.1670","85.4750","85.5250","100.0000","695.9618","1.0251","1.0176","1078045.8984","55150000.0000","9.1773","-4.0850","-10.7311","3.3179"
"55.200","83.9001","13","-0.3774","0.3792","0.6806","-36.2125","-9.2626","11.0131","1309.9999","0.5400","144.1614","45.50337232","-75.54434251","36.0062","16.4531","32.0125","41.1312","4.0000","0.3048","-0.9671","1.4086","-1.4399","-2.1015","12423.5000","85.4200","84.5800","100.0000","697.1236","1.0173","1.0073","1128046.0205","55200000.0000","-4.3645","-13.6387","10.0911","-8.9839"
"55.250","84.4460","13","-0.2946","0.3380","0.6610","-36.4191","-7.1558","11.0164","1309.9999","0.5400","187.8191","45.50338083","-75.54435155","36.0719","16.2203","32.3187","40.5250","4.0000","0.4499","-0.8627","1.1021","-1.0811","-2.2969","12500.5000","85.7050","86.3750","100.0000","698.2940","1.0143","1.0150","1178046.0205","55250000.0000","-6.2986","-4.9717","20.8059","-13.8669"
"55.300","84.9002","13","-0.2323","0.2910","0.6564","-36.7416","-5.6113","11.0195","1309.9999","0.5400","240.8069","45.50338934","-75.54436083","36.2875","16.1250","33.2687","40.5625","4.0000","0.5108","-0.8643","0.4375","-0.9727","-2.6992","12567.0996","86.6800","86.8800","100.0000","699.4709","1.0203","1.0227","1228045.8984","55300000.0000","14.2499","7.4802","14.7431","4.1571"
"55.350","85.3517","13","-0.1692","0.2487","0.6508","-37.0420","-4.0525","11.0226","1309.9999","0.5400","335.2076","45.50339786","-75.54437011","37.0000","16.4422","34.6937","40.3688","4.0000","0.4040","-0.7476","-0.1974","-1.4854","-2.6436","12582.0996","88.9000","86.5750","100.0000","700.6538","1.0390","1.0204","1278046.0205","55350000.0000","25.2612","7.6303","-12.5830","19.0137"
"55.400","85.7787","13","-0.0990","0.2493","0.6356","-37.1430","-2.3656","11.0250","1309.9999","0.5400","577.1040","45.50340643","-75.54437944","38.0312","16.9250","32.5938","41.3375","4.0000","0.3599","-0.7955","-0.1930","-1.9395","-1.6406","12624.2998","87.7900","87.3800","100.0000","701.8425","1.0228","1.0181","1328046.0205","55400000.0000","2.3641","0.4574","-51.2195","-0.8388"
"55.450","86.2082","13","-0.0266","0.2486","0.6185","-37.2202","-0.6321","11.0265","1309.5000","0.5400","2170.4485","45.50341503","-75.54438876","38.0094","16.8047","29.4719","40.8500","4.0000","0.2333","-0.8266","0.4572","-1.2354","0.2659","12719.2998","88.1200","89.3850","100.0000","703.0380","1.0215","1.0185","1378046.0205","55450000.0000","-28.7033","-4.9639","-73.4486","-40.5270"
"55.500","86.6594","13","0.0650","0.2359","0.5833","-37.0824","1.5211","11.0189","1304.5000","0.5400","906.7265","45.50342376","-75.54439802","35.5250","16.2938","27.2969","37.4688","4.0000","-0.0043","-1.0834","1.0537","0.3394","2.5586","12808.2998","89.1400","88.3600","100.0000","704.2393","1.0280","1.0190","1428046.0205","55500000.0000","-28.6413","-8.8277","-52.2543","-56.6848"
"55.550","87.1003","13","0.1532","0.2244","0.5529","-36.9237","3.5910","11.0140","1300.0000","0.5400","386.0327","45.50343252","-75.54440727","34.9281","15.8430","25.9188","35.6594","4.0000","-0.0697","-1.2153","1.3066","1.8755","4.9141","12892.1885","89.0450","87.7950","100.0000","705.4465","1.0222","1.0180","1478046.0205","55550000.0000","-1.8654","-8.3109","5.0955","-33.3026"
"55.600","87.4483","13","0.2106","0.2246","0.5649","-36.5772","4.9107","11.0332","1300.0000","0.5400","283.4196","45.50344146","-75.54441640","35.6500","16.1688","27.4406","35.1375","4.0000","0.2473","-1.0994","1.5742","2.5605","6.8594","12930.4443","89.3700","88.9800","100.0000","706.6589","1.0215","1.0170","1528046.0205","55600000.0000","20.0455","8.4721","52.0993","5.3886"
"55.650","87.7969","13","0.2671","0.2250","0.5770","-36.2059","6.2055","11.0529","1300.0000","0.5400","225.1770","45.50345042","-75.54442552","37.3375","17.1250","30.0719","35.8937","4.0000","0.0019","-1.2344","1.9593","2.2498","7.8300","12952.6670","90.0000","89.7000","100.0000","707.8768","1.0246","1.0181","1578046.0205","55650000.0000","31.1336","36.5866","56.7320","36.8952"
"55.700","88.1515","13","0.3147","0.2269","0.5913","-35.6108","7.2764","11.0781","1300.0000","0.5400","192.8121","45.50345963","-75.54443447","39.1750","19.0938","32.1250","37.8875","4.0000","-0.1375","-1.2170","2.6162","0.9433","8.3242","12999.4336","89.2800","89.8800","100.0000","709.0992","1.0123","1.0191","1628046.0205","55700000.0000","36.7904","44.8973","41.1477","49.5115"
"55.750","88.5279","13","0.3604","0.2280","0.6012","-35.0310","8.2986","11.1002","1300.0000","0.5418","169.7834","45.50346885","-75.54444341","39.7875","20.2641","34.4375","39.9375","4.0000","0.0135","-0.9806","3.1437","-1.1796","7.7484","13047.8447","89.9050","90.7650","100.0000","710.3270","1.0147","1.0220","1678046.0205","55750000.0000","24.3003","15.9933","26.4248","34.6393"
"55.800","89.1012","13","0.3876","0.2223","0.5713","-34.5879","8.8827","11.0945","1300.0000","0.5598","159.6458","45.50347821","-75.54445224","41.1375","21.1344","34.8563","41.1750","4.0000","0.1676","-0.8793","2.9658","-2.9428","6.1832","13096.7334","91.3100","91.3800","100.0000","711.5611","1.0240","1.0248","1728045.8984","55800000.0000","-5.1927","-24.2918","-7.6277","4.6697"
"55.850","89.6426","13","0.4084","0.2168","0.5421","-34.1744","9.3222","11.0897","1300.0000","0.5760","153.0437","45.50348757","-75.54446109","40.6688","17.8406","30.9906","41.6500","4.0000","0.0923","-0.9855","1.8488","-2.8812","4.5312","13139.5781","91.7150","91.5750","100.0000","712.8036","1.0228","1.0198","1778046.0205","55850000.0000","-32.6498","-53.9622","-77.3550","-24.3860"
"55.900","89.8969","13","0.3721","0.2119","0.5200","-34.0263","8.4600","11.0936","1300.0000","0.5760","169.1208","45.50349697","-75.54447000","37.4562","14.8625","27.7563","37.8563","4.0000","0.0657","-1.1168","0.7512","-0.7179","3.9561","13170.6885","91.6400","91.2600","100.0000","714.0509","1.0190","1.0148","1828045.8984","55900000.0000","-53.3618","-65.8719","-115.3327","-59.3578"
"55.950","90.1355","13","0.3367","0.2059","0.5044","-33.8479","7.6191","11.1012","1300.0000","0.5760","188.2833","45.50350639","-75.54447889","34.1875","13.1641","24.3031","35.1781","4.0000","0.1352","-1.2070","0.0827","2.5791","4.9867","13238.4004","92.3900","91.5300","100.0000","715.3013","1.0241","1.0165","1878046.0205","55950000.0000","-66.4462","-41.1540","-30.7308","-91.6867"
"56.000","90.2318","13","0.3092","0.1909","0.5466","-33.3974","6.9710","11.1414","1300.0000","0.5760","206.0092","45.50351597","-75.54448751","32.8500","13.1141","25.3312","32.2812","4.0000","0.4341","-1.5930","-0.9441","4.9250","6.6332","13337.2891","92.6400","91.8800","100.0000","716.5539","1.0266","1.0181","1928046.0205","56000000.0000","-33.5971","30.8038","125.0626","-60.5026"
"56.050","90.3747","13","0.2850","0.1758","0.5863","-32.9641","6.3978","11.1805","1300.0000","0.5760","224.8215","45.50352557","-75.54449614","34.3063","13.2312","33.1797","30.8719","4.0000","0.6309","-1.3679","-2.4820","3.6680","7.1154","13354.7773","92.8600","93.1250","100.0000","717.8086","1.0267","1.0165","1978045.8984","56050000.0000","87.1524","99.2312","184.9904","82.4417"
"56.100","90.9361","13","0.2905","0.1597","0.6034","-32.6852","6.4991","11.2089","1300.0000","0.5760","222.6920","45.50353532","-75.54450482","37.9750","21.6781","41.7812","37.4500","4.0000","0.3748","-0.6321","-4.2730","-1.0908","6.7031","13343.6670","93.3800","92.3600","100.0000","719.0688","1.0261","1.0149","2028046.0205","56100000.0000","198.5198","81.3762","78.3872","217.6407"
"56.150","91.4605","13","0.2989","0.1439","0.6139","-32.3987","6.6644","11.2327","1300.0000","0.5760","218.4196","45.50354507","-75.54451347","51.0563","22.1609","38.2656","49.8875","4.0000","0.0872","-0.6635","-6.1586","-6.5527","6.9492","13719.0000","94.7500","96.4700","99.6867","720.3358","1.0346","1.0119","2078046.1426","56150000.0000","131.9395","-14.4589","-81.3599","146.6585"
"56.200","91.6523","13","0.3332","0.1318","0.5640","-32.0440","7.4061","11.2142","1300.0000","0.5760","196.9579","45.50355481","-75.54452192","50.6375","18.1781","33.9750","50.1875","4.0000","-0.1390","-0.9536","-7.7219","-7.9484","8.8875","14016.6445","93.8800","92.4900","99.1122","721.6074","1.0240","1.0089","2128046.1426","56200000.0000","-76.7250","-70.6804","-142.4777","-96.4571"
"56.250","91.8150","13","0.3690","0.1220","0.5158","-31.6549","8.1828","11.1970","1300.0000","0.5760","178.5785","45.50356456","-75.54453032","42.5969","17.1797","28.4406","41.4625","4.0000","-0.1458","-0.9608","-8.3539","-4.8756","11.4594","13685.5332","93.8400","92.5850","97.0567","722.8818","1.0222","1.0166","2178045.8984","56250000.0000","-192.4447","-31.6675","-92.2308","-242.8534"
"56.300","91.7154","13","0.4193","0.1337","0.4820","-30.9549","9.2750","11.1914","1300.0000","0.5760","157.3794","45.50357450","-75.54453835","34.6562","16.9969","25.6719","29.9062","4.0000","0.2216","-0.8922","-7.5453","-1.0227","12.6453","13470.7773","94.1000","93.9400","95.3978","724.1561","1.0261","1.0244","2228045.8984","56300000.0000","-96.1406","14.4753","-22.6586","-131.7483"
"56.350","91.6766","13","0.4684","0.1449","0.4511","-30.2640","10.3391","11.1868","1300.0000","0.5760","141.1220","45.50358446","-75.54454636","35.2969","17.0328","25.3172","29.8953","4.0000","0.2848","-1.0754","-5.4617","0.5579","11.8648","13481.8887","92.8250","93.9250","94.5089","725.4302","1.0134","1.0209","2278045.8984","56350000.0000","59.6449","-2.0228","33.1482","82.4883"
"56.400","92.1854","13","0.5066","0.1517","0.4469","-29.6547","11.1508","11.1908","1300.0000","0.5760","131.5753","45.50359470","-75.54455419","38.8438","15.8031","28.1688","36.9000","4.0000","-0.0904","-1.0740","-3.0719","0.3923","9.8484","13515.5000","93.9600","93.8600","93.9200","726.7077","1.0186","1.0175","2328046.1426","56400000.0000","81.4923","-22.6101","80.1715","142.0950"
"56.450","92.6589","13","0.5445","0.1525","0.4407","-29.0632","11.9536","11.1935","1300.0000","0.5760","123.3697","45.50360494","-75.54456202","40.1250","16.2391","32.8641","39.6125","4.0000","-0.0264","-0.7012","-1.6997","-0.2366","7.4660","13568.2773","94.9550","94.0600","93.5867","727.9924","1.0246","1.0174","2378046.1426","56450000.0000","6.2711","13.0806","78.7992","35.5019"
"56.500","92.8149","13","0.5791","0.0985","0.4178","-28.6306","12.6757","11.1846","1300.0000","0.5760","116.5376","45.50361522","-75.54456975","40.3250","18.0938","35.3812","40.1625","4.0000","0.1546","-0.8077","-2.0316","-1.0812","6.3430","13350.1338","94.7200","94.4400","81.7422","729.2808","1.0203","1.0173","2428045.8984","56500000.0000","-7.8181","42.4978","-5.0938","-42.0035"
"56.550","92.9650","13","0.6175","0.0423","0.3941","-28.1604","13.4801","11.1758","1299.5000","0.5760","109.7608","45.50362553","-75.54457742","42.2656","18.2094","31.2547","39.5344","4.0000","0.0043","-0.8517","-3.8566","-1.9858","8.5375","13036.7998","94.0000","92.3850","65.8533","730.5710","1.0113","0.9960","2478045.8984","56550000.0000","42.1631","-5.6986","-116.4571","-19.8656"
"56.600","93.0627","13","0.6888","-0.0338","0.3631","-27.3510","15.0250","11.1676","1294.5000","0.5760","98.5782","45.50363600","-75.54458457","42.6688","16.0781","25.1688","37.5250","4.0000","-0.0429","-0.9185","-5.7242","-2.5617","14.3281","12773.0781","94.0900","90.7100","43.6978","731.8630","1.0109","0.9746","2528045.8984","56600000.0000","43.5497","-62.9451","-140.8305","-2.4342"
"56.650","93.0552","13","0.7580","-0.1099","0.3363","-26.5030","16.5289","11.1622","1290.0000","0.5760","89.6017","45.50364647","-75.54459163","43.9125","15.0508","21.1719","36.4031","4.0000","-0.1624","-1.0979","-6.1359","-2.4084","20.5734","12560.1221","90.8550","84.9650","23.6078","733.1551","0.9776","0.9590","2578046.1426","56650000.0000","-5.3025","-28.5436","-45.8889","-26.1217"
"56.700","92.1001","13","0.8082","-0.1859","0.3464","-25.3071","17.6632","11.1812","1290.0000","0.5760","82.9872","45.50365689","-75.54459787","44.7000","14.5156","20.6500","38.5438","4.0000","-0.4272","-1.4727","-5.2367","-1.3543","23.9531","12639.5664","90.6200","86.7800","18.6633","734.4390","0.9852","0.9434","2628045.8984","56700000.0000","-7.8120","51.0863","62.1895","-9.3060"
"56.750","91.1596","13","0.8609","-0.2629","0.3537","-24.1310","18.8593","11.1974","1290.0000","0.5760","76.9302","45.50366730","-75.54460406","45.0812","18.3391","25.6078","37.6969","4.0000","-0.4849","-1.2815","-3.6506","-0.5557","23.3375","12625.1338","89.3050","86.8950","16.1933","735.7104","0.9800","0.9417","2678045.8984","56750000.0000","39.1113","58.8102","72.4001","57.3263"
"56.800","90.3497","13","0.9357","-0.3496","0.3370","-23.1323","20.6119","11.1878","1290.0000","0.5760","69.7635","45.50367766","-75.54460979","46.9000","19.2750","27.3219","40.2313","4.0000","-0.4814","-1.0100","-1.7035","-0.6343","20.7875","12428.4668","87.2400","84.8300","18.5267","736.9703","0.9666","0.9399","2728045.8984","56800000.0000","41.1876","-1.0851","-0.4919","59.7462"
"56.850","89.5449","13","1.0089","-0.4285","0.3196","-22.1081","22.3421","11.1783","1290.0000","0.5760","63.7878","45.50368801","-75.54461543","47.7594","18.9562","24.3547","42.0750","4.0000","-0.5575","-1.0229","-0.4572","-0.2887","19.2455","12380.9004","86.4550","83.9900","22.9300","738.2177","0.9665","0.9453","2778045.8984","56850000.0000","-20.3316","-27.0648","-52.0316","-36.1872"
"56.900","88.7869","13","1.0681","-0.4375","0.2967","-20.8542","23.8702","11.1698","1290.0000","0.5760","59.1988","45.50369836","-75.54462030","46.2875","17.5438","23.6219","38.7188","4.0000","-0.4252","-1.1169","-0.3190","0.6276","19.4727","12460.3447","86.4200","84.3200","29.0967","739.4546","0.9743","0.9507","2828046.1426","56900000.0000","-52.5435","7.5909","-14.3490","-88.3197"
"56.950","88.0293","13","1.1204","-0.4359","0.2758","-19.5912","25.2457","11.1629","1290.0000","0.5760","55.4959","45.50370871","-75.54462509","43.6344","18.2125","23.6234","34.8563","4.0000","-0.2045","-0.8823","0.0294","0.7635","19.8164","12891.2891","87.2950","84.2050","44.3900","740.6814","0.9926","0.9694","2878046.1426","56950000.0000","-14.6159","37.9273","69.6209","-2.1336"
"57.000","87.2764","13","1.1101","-0.3384","0.2722","-18.2465","25.2475","11.1698","1290.0000","0.5760","55.0172","45.50371911","-75.54462913","43.5812","21.8031","28.5938","36.8250","4.0000","0.0347","-0.7007","1.7124","-0.2034","19.4648","13445.7334","88.1600","86.1600","62.8900","741.8982","1.0112","0.9882","2928045.8984","57000000.0000","16.2772","37.5435","100.1815","96.7729"
"57.050","86.6263","13","1.0977","-0.2408","0.2656","-16.9204","25.1900","11.1737","1290.0000","0.5760","54.7320","45.50372953","-75.54463312","44.4656","22.8844","32.3078","43.5219","4.0000","0.3481","-0.7905","3.8853","-1.0167","18.3789","13217.3662","90.0800","90.9800","71.6767","743.1046","1.0395","1.0089","2978045.8984","57050000.0000","-12.6458","44.8936","44.6125","60.6492"
"57.100","86.9022","13","1.0661","-0.1424","0.2305","-15.7611","24.5984","11.1508","1290.0000","0.5760","56.2269","45.50374014","-75.54463670","42.8000","23.5469","32.4250","43.3563","4.0000","0.4496","-0.8441","5.1191","-1.2305","16.3672","12955.7559","89.0600","89.5000","78.9411","744.3102","1.0244","1.0295","3028045.8984","57100000.0000","-43.4622","54.6170","-30.3446","-47.6394"
"57.150","87.1883","13","1.0383","-0.0447","0.1940","-14.6359","24.0828","11.1269","1290.0000","0.5760","57.6198","45.50375077","-75.54464025","40.5281","27.3453","29.6094","38.1406","4.0000","0.2594","-0.9793","6.5957","-1.7280","14.4492","12796.8662","89.2317","89.3195","80.6633","745.5197","1.0230","1.0149","3078046.1426","57150000.0000","-15.8394","11.3486","-60.7920","-79.2759"
"57.200","87.5665","13","1.0440","0.0468","0.1441","-13.8183","24.2511","11.0932","1290.0000","0.5760","57.4681","45.50376154","-75.54464357","40.7812","27.1375","27.8563","37.2812","4.0000","0.1391","-1.0895","8.2432","-2.8535","14.7773","12713.4229","89.9404","87.6447","81.8829","746.7336","1.0266","1.0004","3128046.1426","57200000.0000","31.8539","-63.8256","-47.0127","-28.5046"
"57.250","87.9185","13","1.0536","0.1296","0.0953","-12.9045","24.5031","11.0614","1290.0000","0.5760","57.1057","45.50377232","-75.54464675","43.2125","20.9578","26.7094","36.6969","4.0000","-0.0710","-1.1234","8.1408","-3.7440","18.9732","12776.4307","89.6933","90.1286","82.1268","747.9530","1.0200","1.0282","3178045.8984","57250000.0000","36.9223","-76.5838","-9.9448","5.8047"
"57.300","88.0349","13","1.0993","0.1350","0.0573","-11.1247","25.5088","11.0461","1290.0000","0.5760","54.9270","45.50378325","-75.54464875","44.4813","19.3375","25.4875","35.8000","4.0000","-0.1746","-1.1904","6.2715","-3.5629","25.7547","12839.4395","89.3600","92.9857","82.3707","749.1752","1.0149","1.0561","3228045.8984","57300000.0000","12.2895","-8.9348","32.1453","1.1749"
"57.350","88.1296","13","1.1416","0.1390","0.0194","-9.3925","26.4361","11.0294","1290.0000","0.5778","53.0572","45.50379417","-75.54465070","43.3000","21.9891","29.3422","36.2875","4.0000","0.0129","-0.8810","4.2301","-3.0191","30.9531","12940.4434","89.9979","92.8021","82.5361","750.3984","1.0215","1.0200","3278045.8984","57350000.0000","8.3933","50.6258","47.3887","13.6350"
"57.400","88.0288","13","1.1539","0.1318","-0.0178","-8.0891","26.6588","10.9995","1290.0000","0.5958","52.5538","45.50380510","-75.54465220","45.8438","23.8406","31.6313","38.7375","4.0000","0.2232","-0.5598","2.4918","-2.8176","32.3875","13046.6289","90.9400","86.6000","82.6907","751.6215","1.0332","0.9839","3328046.1426","57400000.0000","22.6478","36.5682","12.5958","33.7904"
"57.450","87.9385","13","1.1672","0.1233","-0.0563","-6.7787","26.9067","10.9685","1290.0000","0.6120","52.0163","45.50381603","-75.54465362","47.0062","22.6922","29.0516","39.9688","4.0000","0.3333","-0.7415","0.6061","-2.4297","31.5875","12972.0557","89.9800","89.0550","83.2222","752.8433","1.0232","1.0032","3378046.1426","57450000.0000","11.7604","-11.5936","-37.5877","-0.5661"
"57.500","87.9430","13","1.1901","0.1040","-0.1072","-5.4056","27.3813","10.9277","1290.0000","0.6120","51.1172","45.50382700","-75.54465436","44.5625","22.6656","27.9656","36.1000","4.0000","0.2759","-0.9144","-1.3838","-1.8203","29.5875","12906.0889","89.6800","89.9200","84.5478","754.0648","1.0197","1.0225","3428045.8984","57500000.0000","-19.8873","-30.4116","-36.1532","-55.6077"
"57.550","87.9634","13","1.2094","0.0850","-0.1585","-4.0308","27.7733","10.8877","1290.0000","0.6120","50.4074","45.50383797","-75.54465502","45.1562","22.5219","27.5875","35.3375","4.0000","0.1024","-1.0803","-2.7551","-1.4553","26.5656","12963.8662","90.3400","91.0550","90.6033","755.2865","1.0264","1.0175","3478045.8984","57550000.0000","-26.4056","-25.3193","15.6635","-38.2556"
"57.600","88.1274","13","1.1954","0.0675","-0.2139","-2.6401","27.4211","10.8544","1290.0000","0.6120","51.1500","45.50384899","-75.54465497","45.3500","18.6156","28.0406","35.8063","4.0000","-0.0318","-1.0559","-3.5078","-1.2188","22.6109","12969.7002","90.0800","89.2500","95.4878","756.5096","1.0219","1.0125","3528045.8984","57600000.0000","-5.3489","-29.8250","39.6123","30.4596"
"57.650","88.3063","13","1.1753","0.0543","-0.2679","-1.2900","26.9307","10.8202","1290.0000","0.6138","52.1873","45.50386003","-75.54465487","43.5031","18.3016","31.7203","36.4500","4.0000","0.0933","-1.0611","-3.6930","-0.9997","18.3875","12874.7002","89.7950","90.1200","98.0989","757.7354","1.0164","1.0159","3578046.1426","57650000.0000","-4.7085","-33.4708","4.4007","37.2989"
"57.700","88.6198","13","1.1001","0.0794","-0.3094","-0.3045","25.1956","10.7785","1290.0000","0.6318","55.9791","45.50387113","-75.54465438","43.8063","18.3156","29.3375","38.7938","4.0000","0.1521","-1.1593","-3.8094","-0.5531","15.0383","12835.7998","89.6600","90.3600","99.4800","758.9646","1.0113","1.0192","3628045.8984","57700000.0000","-29.5216","-16.8349","-21.8148","-24.7627"
"57.750","88.9134","13","1.0240","0.1023","-0.3512","0.6820","23.4361","10.7370","1289.5000","0.6480","60.3814","45.50388223","-75.54465383","43.0062","16.6281","29.0203","36.2594","4.0000","-0.1558","-1.1236","-4.3750","-0.0038","13.6750","12844.6885","90.8900","88.3000","99.8133","760.1976","1.0203","1.0062","3678045.8984","57750000.0000","-28.2007","8.1792","7.5646","-40.3831"
"57.800","89.0295","13","0.9389","0.1057","-0.3968","1.6785","21.4564","10.6964","1284.5000","0.6480","66.0386","45.50389332","-75.54465275","40.9938","16.6281","29.8813","34.7687","4.0000","-0.2400","-1.2391","-5.1602","-0.1373","13.8758","12907.4336","89.4400","88.4300","99.9411","761.4333","1.0045","0.9931","3728045.8984","57800000.0000","18.2300","15.3804","36.6824","28.8578"
"57.850","89.1442","13","0.8590","0.1095","-0.4419","2.6678","19.5942","10.6554","1280.0000","0.6480","72.4080","45.50390441","-75.54465163","42.9219","19.2625","32.3344","37.5875","4.0000","-0.0113","-1.0426","-5.5055","-1.1627","14.9281","12989.0996","89.7300","90.7900","99.9967","762.6710","1.0064","1.0091","3778045.8984","57850000.0000","48.8643","5.0132","6.8996","72.5379"
"57.900","89.2470","13","0.8252","0.1165","-0.4825","3.5937","18.7892","10.6108","1280.0000","0.6480","75.5973","45.50391554","-75.54465007","46.3937","18.0844","30.2719","41.8312","4.0000","0.0116","-0.9167","-5.6223","-1.6876","16.2344","12979.3779","90.0200","91.5000","100.0000","763.9100","1.0085","1.0251","3828046.1426","57900000.0000","12.9352","-5.4321","-44.5804","15.2002"
"57.950","89.3390","13","0.7768","0.1192","-0.5229","4.5077","17.6550","10.5675","1280.0000","0.6480","80.5365","45.50392666","-75.54464847","43.9750","17.3156","27.7156","38.8406","4.0000","-0.0352","-1.0432","-5.6977","-0.7080","16.5969","12973.3887","90.6400","90.3300","100.0000","765.1502","1.0136","1.0156","3878046.1426","57950000.0000","-53.1755","-15.1525","-49.2416","-65.4631"
"58.000","89.3346","13","0.5976","0.0841","-0.5608","5.3148","13.5586","10.5360","1280.0000","0.6480","104.8634","45.50393774","-75.54464649","39.9000","17.0094","26.6156","35.1750","4.0000","0.0725","-0.9258","-4.6387","0.9610","13.8984","13026.1670","89.2700","89.8800","100.0000","766.3909","0.9993","1.0061","3928045.8984","58000000.0000","-80.0567","-28.9770","-4.9096","-58.8528"
"58.050","89.3527","13","0.4153","0.0498","-0.5963","6.0496","9.3972","10.5048","1280.0000","0.6462","151.3317","45.50394882","-75.54464454","37.5750","15.5352","26.8984","35.1969","4.0000","0.1253","-1.2268","-1.9694","2.0106","6.9883","13038.5225","89.2450","90.3650","100.0000","767.6320","0.9985","1.0129","3978045.8984","58050000.0000","-58.2053","-39.1986","46.8133","25.3301"
"58.100","89.5741","13","0.2055","0.0227","-0.6112","6.1336","4.6504","10.4769","1280.0000","0.6282","306.5596","45.50395999","-75.54464281","35.4125","13.3969","31.2938","37.6250","4.0000","-0.0310","-1.4040","1.1668","2.1123","-2.6955","12972.4111","89.8800","91.3600","100.0000","768.8749","1.0031","1.0196","4028046.1426","58100000.0000","-29.1124","-36.8259","79.4208","87.4736"
"58.150","89.7663","13","-0.0044","-0.0024","-0.6268","6.1188","-0.0987","10.4489","1280.0000","0.6120","10000.0000","45.50397115","-75.54464116","34.8156","11.6219","34.5563","41.8937","4.0000","0.0215","-1.3779","3.2231","1.9653","-12.8223","13021.7998","90.2550","90.8600","100.0000","770.1204","1.0053","1.0229","4078046.1426","58150000.0000","-9.4527","-23.6802","81.0435","82.1999"
"58.200","89.6961","13","-0.2155","-0.0094","-0.6492","5.2158","-4.8678","10.4207","1280.0000","0.6120","293.2646","45.50398232","-75.54464022","34.4188","11.1109","37.2812","45.0312","4.0000","0.2045","-1.1897","3.5615","1.9138","-21.6289","13169.5781","90.3700","92.0300","100.0000","771.3664","1.0076","1.0261","4128045.8984","58200000.0000","7.2941","-10.2341","47.0810","44.5847"
"58.250","89.6153","13","-0.4275","-0.0141","-0.6716","4.2758","-9.6558","10.3920","1280.0000","0.6102","147.7120","45.50399349","-75.54463937","34.3406","11.1875","38.6031","45.8000","4.0000","0.1466","-0.9479","2.1277","1.8660","-27.1016","13284.8779","91.7950","90.8500","100.0000","772.6114","1.0246","1.0237","4178045.8984","58250000.0000","10.3585","-5.8876","-16.2194","3.0064"
"58.300","89.4388","13","-0.6465","0.0015","-0.6948","3.0019","-14.6130","10.3590","1280.0000","0.5922","97.4106","45.50400464","-75.54463928","36.4688","10.0891","35.7500","46.0000","4.0000","0.0679","-1.0139","-0.1168","2.2285","-28.0039","13388.7666","91.3600","91.3200","100.0000","773.8545","1.0217","1.0213","4228045.8984","58300000.0000","-11.1501","-8.5592","-58.3800","-32.6327"
"58.350","89.2868","13","-0.8587","0.0161","-0.7164","1.7861","-19.4128","10.3269","1280.0000","0.5760","73.2014","45.50401580","-75.54463921","33.8906","9.7211","33.3563","42.9313","4.0000","0.1624","-1.3076","-1.7170","3.2407","-24.2031","13239.3779","90.7750","91.7100","100.0000","775.0956","1.0170","1.0192","4278045.8984","58350000.0000","-35.3193","-10.2401","-44.2422","-47.2802"
"58.400","89.3553","13","-1.0082","0.0206","-0.7241","1.0939","-22.7952","10.3027","1280.0000","0.5760","62.3873","45.50402700","-75.54463927","31.7625","9.7250","32.3563","41.2000","4.0000","0.1635","-1.4424","-2.3921","4.1992","-18.2773","13097.3115","90.9600","90.9000","100.0000","776.3364","1.0179","1.0172","4328045.8984","58400000.0000","-28.3374","1.9199","-2.9544","-28.3775"
"58.450","89.4316","13","-1.1486","0.0254","-0.7288","0.3447","-25.9692","10.2815","1280.0000","0.5760","54.8091","45.50403820","-75.54463941","32.6344","10.1008","32.5062","41.0563","4.0000","0.3491","-1.2876","-2.0154","4.7422","-14.8125","13099.5332","90.8800","92.0100","100.0000","777.5782","1.0160","1.0192","4378045.8984","58450000.0000","1.4323","19.2766","15.5001","10.4104"
"58.500","89.5786","13","-1.2059","0.0324","-0.7064","-0.9164","-27.2669","10.2875","1280.0000","0.5760","52.2864","45.50404944","-75.54464038","32.3812","10.8281","33.2812","42.0438","4.0000","0.3617","-1.0791","-0.3441","4.9414","-16.3574","13148.2227","91.3400","91.5000","100.0000","778.8216","1.0195","1.0212","4428045.8984","58500000.0000","12.9324","14.8971","10.7293","36.2493"
"58.550","89.7136","13","-1.2564","0.0389","-0.6842","-2.2296","-28.4099","10.2930","1280.0000","0.5760","50.2584","45.50406067","-75.54464147","31.8109","11.4883","34.4000","43.2562","4.0000","0.2184","-1.0410","2.0771","4.7852","-22.0312","13287.1113","91.8100","91.9200","100.0000","780.0667","1.0249","1.0333","4478046.3867","58550000.0000","-6.8399","-16.4051","12.3064","27.7207"
"58.600","89.7392","13","-1.2456","0.0414","-0.6638","-4.0119","-28.1602","10.2940","1280.0000","0.5760","50.7186","45.50407183","-75.54464358","32.2062","9.7703","34.9750","45.1375","4.0000","0.0888","-0.9816","4.2144","4.8057","-29.4883","13365.4004","95.1800","93.8100","100.0000","781.3129","1.0606","1.0453","4528045.8984","58600000.0000","-20.7046","-35.1216","26.2763","5.8993"
"58.650","89.7289","13","-1.2345","0.0442","-0.6423","-5.7647","-27.9064","10.2962","1280.0000","0.5760","51.1740","45.50408297","-75.54464575","31.2500","8.4695","36.8719","44.8469","4.0000","0.0214","-1.0925","4.6484","4.8955","-34.4062","13392.0664","93.5500","92.8600","100.0000","782.5591","1.0431","1.0375","4578045.8984","58650000.0000","0.1223","-8.4384","26.2033","1.0311"
"58.700","89.3949","13","-1.2220","0.0505","-0.6115","-7.2511","-27.6157","10.3093","1280.0000","0.5760","51.5201","45.50409389","-75.54464854","31.2188","9.6187","38.3125","44.3750","4.0000","-0.1317","-0.9745","3.6577","4.1777","-33.4375","13327.0557","93.3600","92.0000","100.0000","783.8024","1.0448","1.0296","4628045.8984","58700000.0000","33.8031","31.8722","5.2074","15.9360"
"58.750","89.1231","13","-1.2097","0.0516","-0.5815","-8.6910","-27.3293","10.3225","1280.0000","0.5742","51.9017","45.50410482","-75.54465137","34.2438","10.8969","37.2562","46.2313","4.0000","-0.0441","-0.9229","2.6870","2.8447","-27.8320","13229.8330","89.6550","92.5350","100.0000","785.0422","1.0092","1.0236","4678045.8984","58750000.0000","40.7939","31.7184","-17.4188","25.0797"
"58.800","89.4111","13","-1.1994","0.0061","-0.5587","-9.7129","-27.0818","10.3367","1280.0000","0.5562","52.5452","45.50411586","-75.54465460","35.5000","11.5203","36.8063","47.1000","4.0000","0.0461","-0.9685","2.3662","1.6560","-21.2734","13101.7998","91.8100","91.0200","100.0000","786.2827","1.0264","1.0176","4728045.8984","58800000.0000","19.1820","-4.7425","-30.9788","8.8183"
"58.850","89.6353","13","-1.1811","-0.0461","-0.5355","-10.7642","-26.6575","10.3512","1280.0000","0.5400","53.5156","45.50412687","-75.54465790","35.2844","10.7078","34.9875","46.4531","4.0000","-0.0365","-1.0779","2.1243","0.7883","-15.7676","12935.8662","90.0550","91.0600","98.5456","787.5264","1.0051","1.0078","4778045.8984","58850000.0000","4.1751","-26.3733","-46.8402","-13.8515"
"58.900","89.2851","13","-1.0906","-0.1582","-0.5075","-12.0798","-24.6412","10.3695","1280.0000","0.5400","57.6683","45.50413762","-75.54466187","36.8312","9.5641","30.8750","46.2375","4.0000","-0.0952","-1.1582","1.4099","0.2139","-11.4844","12549.2002","88.3000","89.0600","88.1567","788.7682","0.9894","0.9979","4828045.8984","58900000.0000","20.1919","-14.5078","-63.4997","-12.2707"
"58.950","88.8498","14","-0.9896","-0.2755","-0.4777","-13.3252","-22.3937","10.3889","1280.0000","0.5400","63.1468","45.50414832","-75.54466583","37.6250","9.5391","28.3750","45.7656","4.0000","-0.3921","-1.1323","0.2967","-0.3360","-7.6445","12035.9775","85.6650","87.4750","70.3067","790.0038","0.9646","0.9741","4878045.8984","58950000.0000","50.3004","1.2245","-58.1238","11.9806"
"59.000","87.6486","14","-0.7948","-0.4392","-0.4319","-13.9379","-18.0648","10.4191","1280.0000","0.5400","77.2205","45.50415863","-75.54466975","41.3750","9.4797","26.3281","46.8875","4.0000","-0.8243","-1.0989","-0.4434","-0.8358","-4.4805","11277.0889","79.5900","83.1500","37.9733","791.2281","0.9096","0.9502","4928046.3867","59000000.0000","58.1925","-1.6681","-27.7034","26.8701"
"59.050","86.3864","14","-0.6059","-0.6018","-0.3872","-14.5387","-13.8652","10.4489","1280.0000","0.5400","99.1608","45.50416890","-75.54467367","43.5750","9.1406","24.8625","47.9062","4.0000","-1.3081","-1.2495","-0.3396","-0.9845","-2.9629","10667.9004","73.5750","72.6150","17.1000","792.4333","0.8538","0.9000","4978046.3867","59050000.0000","37.5935","-6.1208","2.0219","21.0192"
"59.100","84.5753","14","-0.4689","-0.7536","-0.3528","-15.0325","-10.8294","10.4752","1280.0000","0.5400","124.2970","45.50417874","-75.54467763","44.1562","9.1500","25.5781","48.8563","4.0000","-1.4802","-1.1272","0.3814","-0.9948","-2.8213","10186.2334","70.9200","71.6800","5.9889","793.6169","0.8407","0.8497","5028045.8984","59100000.0000","16.5212","2.2927","6.6993","13.3695"
"59.150","82.7329","14","-0.3353","-0.9026","-0.3219","-15.4826","-7.8595","10.4992","1280.0000","0.5400","167.5334","45.50418851","-75.54468156","44.4750","9.5133","26.2000","48.9656","4.0000","-1.3406","-0.8224","1.5461","-1.1848","-2.9204","9646.1885","65.3800","68.5750","1.8256","794.7760","0.7940","0.8248","5078045.8984","59150000.0000","9.4472","8.2471","-2.6294","10.0501"
"59.200","80.6094","14","-0.2312","-1.0264","-0.3213","-15.5397","-5.4836","10.5022","1280.0000","0.5400","233.9576","45.50419773","-75.54468517","45.7812","9.5813","26.3438","50.1688","4.0000","-1.1963","-0.9048","2.3457","-1.3220","-2.1125","9085.6338","61.4800","64.2700","0.1033","795.9084","0.7651","0.7998","5128045.8984","59200000.0000","8.0458","1.1954","-3.4138","0.5608"
"59.250","78.4900","14","-0.1254","-1.1460","-0.3177","-15.5839","-3.0425","10.5070","1280.0000","0.5400","410.5850","45.50420690","-75.54468875","45.9625","9.5039","25.5344","49.4437","4.0000","-1.3052","-1.2329","2.0849","-1.4802","0.2839","8728.2227","60.2000","60.9450","0.0000","797.0080","0.7695","0.7944","5178045.8984","59250000.0000","8.1229","-4.8776","-0.5851","-10.1937"
"59.300","76.4081","14","-0.0036","-1.2269","-0.2858","-15.5128","-0.0144","10.5282","1280.0000","0.5400","10000.0000","45.50421569","-75.54469212","45.5000","9.6031","26.2031","48.1250","4.0000","-1.4844","-1.1001","1.4064","-1.9659","4.0639","8359.3555","57.3000","60.0800","0.0000","798.0796","0.7524","0.7889","5228045.8984","59300000.0000","11.5270","1.9173","-4.8815","-5.9510"
"59.350","74.3351","14","0.1181","-1.2972","-0.2569","-15.3973","3.0442","10.5476","1279.5000","0.5400","388.6277","45.50422444","-75.54469543","47.2031","9.6477","25.3000","49.1219","3.4000","-1.2490","-0.9906","1.0381","-2.3251","9.2309","7840.4668","55.0100","54.5600","0.0000","799.1237","0.7415","0.7632","5278045.8984","59350000.0000","11.3158","11.1808","-7.4622","9.1137"
"59.400","72.3421","14","0.2380","-1.2717","-0.2552","-14.8825","6.3771","10.5511","1274.5000","0.5400","180.5466","45.50423275","-75.54469829","46.9562","10.0047","25.4156","49.8063","-1.0000","-1.0615","-1.0617","1.1241","-1.9871","15.1426","7513.1113","53.6800","53.1800","3.7778","800.1406","0.7445","0.7376","5328045.8984","59400000.0000","-2.6281","12.9747","1.2361","6.7345"
"59.450","70.3435","14","0.3487","-1.2411","-0.2538","-14.3641","9.4905","10.5549","1270.0000","0.5418","117.9653","45.50424102","-75.54470110","46.3438","11.1695","25.7594","49.2875","-1.0000","-1.1574","-1.0582","1.1413","-1.3392","20.6383","7557.5557","48.4500","48.1250","14.8889","801.1265","0.6912","0.7578","5378045.8984","59450000.0000","-14.9983","14.0612","3.1329","-14.9029"
"59.500","68.2932","14","0.3780","-1.1648","-0.2537","-13.8141","10.6293","10.5610","1270.0000","0.5598","102.2570","45.50424893","-75.54470354","46.2313","11.7484","24.6281","47.9562","-0.5200","-1.0505","-1.0588","0.8527","-0.9254","24.5578","8219.4004","54.9800","52.9400","38.6900","802.0852","0.8080","0.7780","5428045.8984","59500000.0000","-1.2343","19.9412","-15.7302","-27.1564"
"59.550","66.2566","14","0.4057","-1.0843","-0.2523","-13.2597","11.7294","10.5673","1270.0000","0.5760","89.9026","45.50425679","-75.54470595","46.3281","12.5156","24.3547","47.2687","3.0000","-0.9029","-0.9012","0.1355","-0.6933","26.4250","9407.1777","56.4350","52.0150","73.3011","803.0169","0.8612","0.8391","5478046.3867","59550000.0000","23.8667","29.4472","-23.5642","-26.4285"
"59.600","64.3427","14","0.4191","-0.9669","-0.2381","-12.6662","12.4818","10.5751","1270.0000","0.5760","82.0433","45.50426429","-75.54470803","48.0875","14.7281","23.9156","45.4688","3.0000","-0.6909","-0.9113","-0.7058","-0.0226","25.7008","10240.1670","61.8400","57.7200","88.7544","803.9223","0.9645","0.9003","5528045.8984","59600000.0000","9.6460","48.2246","18.7747","-40.9930"
"59.650","62.4973","14","0.4266","-0.8499","-0.2232","-12.0347","13.0403","10.5831","1270.0000","0.5778","76.2771","45.50427178","-75.54471008","46.5438","17.8156","24.7969","42.2031","3.0000","-0.2786","-0.8697","0.0841","1.4409","21.8984","10948.5000","64.3250","64.9600","97.4767","804.7988","1.0317","0.9829","5578045.8984","59650000.0000","-48.3008","68.9462","82.7729","-60.8968"
"59.700","61.2691","14","0.3796","-0.7366","-0.2026","-11.0615","11.8545","10.5931","1270.0000","0.5958","82.2580","45.50427907","-75.54471176","42.4250","20.4219","32.7375","41.2625","3.0000","-0.0508","-0.4726","2.5701","2.6470","14.1719","10615.5225","64.7400","65.1200","94.2400","805.6559","1.0592","1.0654","5628045.8984","59700000.0000","-79.3887","50.0242","86.5908","-34.0648"
"59.750","60.1750","14","0.3355","-0.6283","-0.1852","-10.1831","10.7486","10.6014","1270.0000","0.6138","89.1014","45.50428637","-75.54471347","40.6281","20.4484","31.9016","40.4313","3.0000","-0.0038","-0.3793","4.8838","1.9128","3.5128","10125.4668","62.5650","63.5300","86.2111","806.4990","1.0380","1.0313","5678045.8984","59750000.0000","-33.0805","-32.7433","8.3479","41.3888"
"59.800","60.2882","14","0.3178","-0.5661","-0.1970","-10.1590","10.3617","10.5943","1270.0000","0.6318","92.6024","45.50429382","-75.54471533","40.6750","18.7812","32.3438","44.3688","3.0000","-0.2597","-0.5276","6.0625","-0.7031","-6.8965","9078.7998","59.1800","60.1300","53.4333","807.3363","0.9814","0.9972","5728045.8984","59800000.0000","39.6486","-112.0113","-64.0409","80.7535"
"59.850","60.2745","14","0.3013","-0.5097","-0.2131","-10.1328","10.0072","10.5854","1270.0000","0.6480","95.8607","45.50430122","-75.54471718","42.0531","11.1836","28.7047","46.0062","3.0000","-0.8389","-1.0209","4.6353","-2.6489","-11.6230","8216.1113","52.1700","54.0250","26.5300","808.1731","0.8674","0.9033","5778045.8984","59850000.0000","62.1096","-96.2598","-56.5443","27.6374"
"59.900","59.1192","14","0.2950","-0.5061","-0.2674","-10.0886","9.9449","10.5597","1270.0000","0.6480","94.6126","45.50430819","-75.54471887","46.6063","9.1562","27.0969","47.5000","3.0000","-1.2136","-1.1961","1.0055","-1.8645","-7.2842","7710.5557","49.5400","47.7400","11.0300","809.0000","0.8399","0.8094","5828045.8984","59900000.0000","32.8916","-5.4043","-10.0639","-44.1408"
"59.950","57.9280","14","0.2971","-0.5105","-0.3211","-9.9149","10.1801","10.5348","1270.0000","0.6480","90.5638","45.50431513","-75.54472048","45.9844","11.4680","26.0469","43.0062","3.0000","-1.1755","-0.9977","-1.6453","-0.2780","4.2998","7338.5000","48.3100","44.4450","3.0900","809.8108","0.8362","0.7949","5878045.8984","59950000.0000","8.6706","56.4741","0.1229","-34.2196"
"60.000","56.4142","14","0.3754","-0.5882","-0.3700","-8.5772","13.0940","10.5164","1270.0000","0.6480","68.5703","45.50432179","-75.54472140","46.7812","13.7641","28.1500","44.8375","3.0000","-1.0227","-0.8458","-2.4897","-0.4204","18.0059","7080.1665","41.3900","43.8800","1.5900","810.6034","0.7361","0.7803","5928046.3867","60000000.0000","13.6617","40.2682","-19.1879","35.0077"
"60.050","54.8612","14","0.4565","-0.6785","-0.4210","-7.2525","16.1382","10.4969","1270.0000","0.6516","54.1042","45.50432838","-75.54472228","48.1031","14.0461","24.1828","45.6156","3.0000","-1.1050","-1.0416","-1.6137","-1.6659","30.4241","6660.2666","38.2250","38.2650","1.2411","811.3721","0.6998","0.7581","5978046.3867","60050000.0000","18.6576","-1.9543","-10.1406","59.5087"
"60.100","52.9554","14","0.5620","-0.8823","-0.4901","-6.0450","20.3553","10.4676","1270.0000","0.6876","41.4051","45.50433442","-75.54472275","48.9250","14.0766","26.1000","49.3438","3.0000","-1.1697","-1.1196","0.0429","-2.0070","39.8563","6183.6001","39.4400","38.8000","1.2967","812.1172","0.7480","0.7359","6028045.8984","60100000.0000","3.5878","-9.3143","21.1492","6.9039"
"60.150","51.0874","14","0.6477","-1.0554","-0.5596","-4.8655","23.8697","10.4393","1270.0000","0.7164","34.0633","45.50434044","-75.54472319","47.6094","14.0836","27.1609","47.0844","3.0000","-1.0820","-0.8371","0.3310","-1.5664","45.0187","5881.3555","36.9650","34.5250","1.3000","812.8374","0.7259","0.7019","6078045.8984","60150000.0000","-10.6658","5.0990","15.2722","-50.5473"
"60.200","49.5591","14","0.5538","-0.9516","-0.6319","-3.9389","21.0606","10.4215","1270.0000","0.6804","37.4517","45.50434619","-75.54472336","47.5750","14.0984","26.2563","43.8625","3.0000","-0.8440","-0.7980","-0.5479","-1.5766","45.7500","5593.8999","33.2200","32.9800","1.3078","813.5353","0.6728","0.6679","6128045.8984","60200000.0000","-4.3364","4.8682","-26.5097","-45.6151"
"60.250","47.9713","14","0.4902","-0.8740","-0.6959","-2.9186","19.4691","10.4059","1270.0000","0.6480","39.2154","45.50435188","-75.54472345","48.3469","14.0945","24.7687","43.9688","3.0000","-0.6461","-0.9932","-1.2777","-1.5885","44.0000","5328.8999","32.9800","32.5900","1.3633","814.2084","0.6912","0.6799","6178045.8984","60250000.0000","8.9335","-3.2912","-33.9470","-0.2832"
"60.300","45.8484","14","0.6990","-1.0318","-0.6861","-1.0554","28.8353","10.4103","1270.0000","0.6480","25.3058","45.50435703","-75.54472284","47.9375","14.0906","25.1219","44.3937","3.0000","-0.6085","-1.1452","-1.7430","-0.6223","41.6562","5084.1113","32.0800","31.5400","1.4000","814.8558","0.7036","0.6918","6228045.8984","60300000.0000","7.1334","3.3258","10.0041","20.3380"
"60.350","43.7647","14","0.8731","-1.1634","-0.6775","0.7620","36.8066","10.4149","1270.0000","0.6480","18.9242","45.50436215","-75.54472222","48.2781","15.0664","24.6125","44.1281","3.0000","-0.6832","-1.1860","-1.7502","0.9340","39.6937","4878.5557","30.2150","29.4000","1.4000","815.4756","0.6943","0.6865","6278045.8984","60350000.0000","-3.9901","15.6173","35.4379","-0.2794"
"60.400","42.0336","14","0.7347","-1.0594","-0.6792","2.1670","32.2243","10.4218","1270.0000","0.6480","20.7603","45.50436690","-75.54472145","48.4625","15.1828","26.9188","44.5062","3.0000","-0.4156","-1.0204","-1.5250","2.0585","38.3375","4710.2002","28.3400","28.4900","1.4000","816.0702","0.6776","0.6812","6328045.8984","60400000.0000","-5.8010","12.2719","0.3607","-21.9126"
"60.450","40.3102","14","0.6164","-0.9631","-0.6855","3.6158","28.5378","10.4267","1270.4999","0.6480","22.4810","45.50437162","-75.54472065","47.8969","15.5797","26.0641","43.4406","3.0000","-0.4014","-0.9448","-1.5338","1.8430","36.6375","4573.5332","28.2900","27.2200","1.4000","816.6377","0.7054","0.6791","6378045.8984","60450000.0000","0.1220","-0.2635","-37.2932","-13.5415"
"60.500","38.6568","14","0.6798","-0.9367","-0.7332","5.4585","32.9148","10.4144","1275.5001","0.6480","18.6920","45.50437597","-75.54471948","47.9750","15.6125","23.0531","42.5250","3.0000","-0.8536","-1.0071","-1.1219","0.8327","34.2687","4447.9668","28.7800","26.0400","1.4000","817.1829","0.7483","0.6771","6428045.8984","60500000.0000","-1.2127","0.2643","-14.7407","13.5678"
"60.550","37.0136","14","0.7373","-0.9099","-0.7779","7.3200","37.0421","10.4033","1280.0000","0.6480","15.9033","45.50438027","-75.54471828","47.8812","16.1297","24.9000","44.3344","3.0000","-0.6357","-1.0974","-0.2116","0.4940","31.8438","4326.2998","26.1200","26.7900","1.4000","817.7062","0.7131","0.7025","6478046.3867","60550000.0000","-6.4681","15.0075","29.8941","27.1370"
"60.600","35.4618","14","0.7417","-0.8798","-0.7951","9.3508","38.9225","10.4030","1280.0000","0.6480","14.5004","45.50438419","-75.54471680","48.0750","16.6344","26.0781","45.6188","3.0000","-0.5647","-1.0261","0.2487","1.1042","29.3062","4173.8223","25.9100","25.6800","1.4000","818.2083","0.7345","0.7280","6528045.8984","60600000.0000","-3.8373","25.0417","22.7992","8.6130"
"60.650","33.9253","14","0.7354","-0.8489","-0.8141","11.3395","40.1944","10.4028","1280.0000","0.6480","13.4332","45.50438807","-75.54471530","47.4031","18.1531","25.6812","44.5438","3.0000","-0.6290","-0.9727","-0.2214","1.9191","25.6688","3989.1223","28.0200","27.6500","1.4000","818.6863","0.8303","0.8031","6578045.8984","60650000.0000","3.1639","20.2276","-21.8812","-25.7638"
"60.700","32.5267","14","0.6336","-0.8111","-0.8503","12.9497","35.9892","10.4032","1280.0000","0.6480","14.3843","45.50439159","-75.54471379","47.7687","18.7938","24.5844","43.0438","3.0000","-0.4368","-1.0681","-0.4750","2.5674","20.1922","3618.5667","29.5000","28.4200","1.4000","819.1450","0.9117","0.8783","6628045.8984","60700000.0000","-2.2717","9.1830","-24.8124","-35.6211"
"60.750","31.1551","14","0.5458","-0.7691","-0.8828","14.5990","32.5958","10.4031","1280.0000","0.6480","15.2120","45.50439509","-75.54471224","47.5187","19.0312","24.5672","42.4375","3.0000","-0.3060","-1.1008","0.5154","2.9148","13.2312","3307.1333","28.5900","28.5000","1.3811","819.5857","0.9214","0.9112","6678045.8984","60750000.0000","-22.2085","2.5716","29.8172","-4.8900"
"60.800","30.0264","14","0.5839","-0.6895","-0.8823","16.6005","36.5083","10.3975","1280.0000","0.6480","13.0898","45.50439828","-75.54471040","45.7875","19.0031","26.8531","42.4313","3.0000","-0.3057","-1.0456","2.4495","2.6730","6.9328","3110.4666","27.6700","28.2200","1.3256","820.0097","0.9257","0.9441","6728045.8984","60800000.0000","-36.1783","0.6967","66.4014","28.3123"
"60.850","28.9369","14","0.6297","-0.6056","-0.8819","18.6984","40.9935","10.3927","1280.0000","0.6480","11.2346","45.50440145","-75.54470851","43.9000","18.9688","30.0656","44.1406","3.0000","-0.1899","-1.0129","2.4495","2.6730","6.9328","3012.8000","27.2600","27.1500","1.3300","820.4166","0.9449","0.9349","6778045.8984","60850000.0000","-28.9852","-4.0382","35.3379","23.3939"
"60.900","28.1997","14","0.7451","-0.4835","-0.8825","21.6637","50.6322","10.3945","1280.0000","0.6480","8.8642","45.50440439","-75.54470616","43.3812","18.7344","29.7531","44.8563","3.0000","-0.0720","-1.1177","2.4495","2.6730","6.9328","2999.4666","27.0000","26.0200","1.3856","820.8120","0.9605","0.9256","6828045.8984","60900000.0000","-9.1793","-14.3067","-18.9373","-6.3382"
"60.950","27.4819","14","0.8318","-0.3695","-0.8847","24.5184","58.2001","10.3960","1280.0000","0.6480","7.5152","45.50440731","-75.54470381","43.3969","17.7313","28.8953","43.8281","3.0000","-0.0720","-1.1177","2.4495","2.6730","6.9328","3038.3445","26.6600","25.0200","1.3589","821.1978","0.9724","0.9133","6878045.8984","60950000.0000","7.1606","-20.9931","-34.5492","-19.1202"
"61.000","26.9382","14","0.6601","-0.3285","-0.9012","26.3768","47.1306","10.3948","1280.0000","0.6480","9.0967","45.50441008","-75.54470143","43.5438","16.6000","27.1875","43.0375","3.0000","-0.0720","-1.1177","2.4495","2.6730","6.9328","3095.5667","26.1300","24.2100","1.3033","821.5754","0.9724","0.9009","6928046.3867","61000000.0000","14.8820","-15.1717","-12.5263","-4.3940"
"61.050","26.9382","14","0.6601","-0.3285","-0.9012","26.3768","47.1306","10.3948","1280.0000","0.6480","9.0967","45.50441008","-75.54470143","44.5438","16.5891","27.1703","43.5875","3.0000","-0.0720","-1.1177","2.4495","2.6730","6.9328","3095.5667","25.2900","23.2250","1.3033","821.9451","0.9562","0.8834","0.0000","61050000.0000","15.1844","-2.2589","8.2956","10.5809"
"61.100","26.9382","14","0.6601","-0.3285","-0.9012","26.3768","47.1306","10.3948","1280.0000","0.6480","9.0967","45.50441008","-75.54470143","45.3937","16.5891","27.1703","43.5875","3.0000","-0.0720","-1.1177","2.4495","2.6730","6.9328","3095.5667","25.2900","23.2250","1.3033","822.3124","0.9414","0.8658","0.0000","61100000.0000","10.2377","3.3048","8.9277","7.5839"
"61.150","26.9382","14","0.6601","-0.3285","-0.9012","26.3768","47.1306","10.3948","1280.0000","0.6480","9.0967","45.50441008","-75.54470143","45.3937","16.5891","27.1703","43.5875","3.0000","-0.0720","-1.1177","2.4495","2.6730","6.9328","3095.5667","25.2900","23.2250","1.3033","822.3124","0.9414","0.8658","0.0000","61150000.0000","10.2377","3.3048","8.9277","7.5839"
"61.200","26.9382","14","0.6601","-0.3285","-0.9012","26.3768","47.1306","10.3948","1280.0000","0.6480","9.0967","45.50441008","-75.54470143","45.3937","16.5891","27.1703","43.5875","3.0000","-0.0720","-1.1177","2.4495","2.6730","6.9328","3095.5667","25.2900","23.2250","1.3033","822.3124","0.9414","0.8658","0.0000","61200000.0000","10.2377","3.3048","8.9277","7.5839"
"61.250","26.9382","14","0.6601","-0.3285","-0.9012","26.3768","47.1306","10.3948","1280.0000","0.6480","9.0967","45.50441008","-75.54470143","45.3937","16.5891","27.1703","43.5875","3.0000","-0.0720","-1.1177","2.4495","2.6730","6.9328","3095.5667","25.2900","23.2250","1.3033","822.3124","0.9414","0.8658","0.0000","61250000.0000","10.2377","3.3048","8.9277","7.5839"
"61.300","26.9382","14","0.6601","-0.3285","-0.9012","26.3768","47.1306","10.3948","1280.0000","0.6480","9.0967","45.50441008","-75.54470143","45.3937","16.5891","27.1703","43.5875","3.0000","-0.0720","-1.1177","2.4495","2.6730","6.9328","3095.5667","25.2900","23.2250","1.3033","822.3124","0.9414","0.8658","0.0000","61300000.0000","10.2377","3.3048","8.9277","7.5839"
"61.350","26.9382","14","0.6601","-0.3285","-0.9012","26.3768","47.1306","10.3948","1280.0000","0.6480","9.0967","45.50441008","-75.54470143","45.3937","16.5891","27.1703","43.5875","3.0000","-0.0720","-1.1177","2.4495","2.6730","6.9328","3095.5667","25.2900","23.2250","1.3033","822.3124","0.9414","0.8658","0.0000","61350000.0000","10.2377","3.3048","8.9277","7.5839"
"61.400","26.9382","14","0.6601","-0.3285","-0.9012","26.3768","47.1306","10.3948","1280.0000","0.6480","9.0967","45.50441008","-75.54470143","45.3937","16.5891","27.1703","43.5875","3.0000","-0.0720","-1.1177","2.4495","2.6730","6.9328","3095.5667","25.2900","23.2250","1.3033","822.3124","0.9414","0.8658","0.0000","61400000.0000","10.2377","3.3048","8.9277","7.5839"
"61.450","26.9382","14","0.6601","-0.3285","-0.9012","26.3768","47.1306","10.3948","1280.0000","0.6480","9.0967","45.50441008","-75.54470143","45.3937","16.5891","27.1703","43.5875","3.0000","-0.0720","-1.1177","2.4495","2.6730","6.9328","3095.5667","25.2900","23.2250","1.3033","822.3124","0.9414","0.8658","0.0000","61450000.0000","10.2377","3.3048","8.9277","7.5839"
"61.500","26.9382","14","0.6601","-0.3285","-0.9012","26.3768","47.1306","10.3948","1280.0000","0.6480","9.0967","45.50441008","-75.54470143","45.3937","16.5891","27.1703","43.5875","3.0000","-0.0720","-1.1177","2.4495","2.6730","6.9328","3095.5667","25.2900","23.2250","1.3033","822.3124","0.9414","0.8658","0.0000","61500000.0000","10.2377","3.3048","8.9277","7.5839"
"61.550","26.9382","14","0.6601","-0.3285","-0.9012","26.3768","47.1306","10.3948","1280.0000","0.6480","9.0967","45.50441008","-75.54470143","45.3937","16.5891","27.1703","43.5875","3.0000","-0.0720","-1.1177","2.4495","2.6730","6.9328","3095.5667","25.2900","23.2250","1.3033","822.3124","0.9414","0.8658","0.0000","61550000.0000","10.2377","3.3048","8.9277","7.5839"
"61.600","26.9382","14","0.6601","-0.3285","-0.9012","26.3768","47.1306","10.3948","1280.0000","0.6480","9.0967","45.50441008","-75.54470143","45.3937","16.5891","27.1703","43.5875","3.0000","-0.0720","-1.1177","2.4495","2.6730","6.9328","3095.5667","25.2900","23.2250","1.3033","822.3124","0.9414","0.8658","0.0000","61600000.0000","10.2377","3.3048","8.9277","7.5839"
"61.650","26.9382","14","0.6601","-0.3285","-0.9012","26.3768","47.1306","10.3948","1280.0000","0.6480","9.0967","45.50441008","-75.54470143","45.3937","16.5891","27.1703","43.5875","3.0000","-0.0720","-1.1177","2.4495","2.6730","6.9328","3095.5667","25.2900","23.2250","1.3033","822.3124","0.9414","0.8658","0.0000","61650000.0000","10.2377","3.3048","8.9277","7.5839"
"61.700","26.9382","14","0.6601","-0.3285","-0.9012","26.3768","47.1306","10.3948","1280.0000","0.6480","9.0967","45.50441008","-75.54470143","45.3937","16.5891","27.1703","43.5875","3.0000","-0.0720","-1.1177","2.4495","2.6730","6.9328","3095.5667","25.2900","23.2250","1.3033","822.3124","0.9414","0.8658","0.0000","61700000.0000","10.2377","3.3048","8.9277","7.5839"
"61.750","26.9382","14","0.6601","-0.3285","-0.9012","26.3768","47.1306","10.3948","1280.0000","0.6480","9.0967","45.50441008","-75.54470143","45.3937","16.5891","27.1703","43.5875","3.0000","-0.0720","-1.1177","2.4495","2.6730","6.9328","3095.5667","25.2900","23.2250","1.3033","822.3124","0.9414","0.8658","0.0000","61750000.0000","10.2377","3.3048","8.9277","7.5839"
"61.800","26.9382","14","0.6601","-0.3285","-0.9012","26.3768","47.1306","10.3948","1280.0000","0.6480","9.0967","45.50441008","-75.54470143","45.3937","16.5891","27.1703","43.5875","3.0000","-0.0720","-1.1177","2.4495","2.6730","6.9328","3095.5667","25.2900","23.2250","1.3033","822.3124","0.9414","0.8658","0.0000","61800000.0000","10.2377","3.3048","8.9277","7.5839"
"61.850","26.9382","14","0.6601","-0.3285","-0.9012","26.3768","47.1306","10.3948","1280.0000","0.6480","9.0967","45.50441008","-75.54470143","45.3937","16.5891","27.1703","43.5875","3.0000","-0.0720","-1.1177","2.4495","2.6730","6.9328","3095.5667","25.2900","23.2250","1.3033","822.3124","0.9414","0.8658","0.0000","61850000.0000","10.2377","3.3048","8.9277","7.5839"
"61.900","26.9382","14","0.6601","-0.3285","-0.9012","26.3768","47.1306","10.3948","1280.0000","0.6480","9.0967","45.50441008","-75.54470143","45.3937","16.5891","27.1703","43.5875","3.0000","-0.0720","-1.1177","2.4495","2.6730","6.9328","3095.5667","25.2900","23.2250","1.3033","822.3124","0.9414","0.8658","0.0000","61900000.0000","10.2377","3.3048","8.9277","7.5839"
"61.950","26.9382","14","0.6601","-0.3285","-0.9012","26.3768","47.1306","10.3948","1280.0000","0.6480","9.0967","45.50441008","-75.54470143","45.3937","16.5891","27.1703","43.5875","3.0000","-0.0720","-1.1177","2.4495","2.6730","6.9328","3095.5667","25.2900","23.2250","1.3033","822.3124","0.9414","0.8658","0.0000","61950000.0000","10.2377","3.3048","8.9277","7.5839"
